"Instrument","Qty.","Avg. cost","LTP","Invested","Cur. val","P&L","Net chg.","Day chg.",""
"AYE",1765,187.1,189.3,330231.5,334114.5,3883,1.18,1.8,""
"CUPID",744,282.12,253.45,209899.75,188566.8,-21332.95,-10.16,-4.38,""
"ELLEN",603,348,371.75,209844,224165.25,14321.25,6.82,-0.39,""
"EMIL",1644,200.46,193.92,329562.3,318804.48,-10757.82,-3.26,-1.2,""
"FILATEX",3838,85.97,101.48,329954.88,389480.24,59525.36,18.04,7.96,""
"GANDHAR",1202,274.64,268.6,330111.5,322857.2,-7254.3,-2.2,-2.82,""
"GRAUWEIL",3769,87.55,84.69,329975.95,319196.61,-10779.34,-3.27,-2.23,""
"JYOTICNC",327,1003.3,1115,328079.5,364605,36525.5,11.13,6.16,""
"KAPSTON",560,587.08,577.25,328762.45,323260,-5502.45,-1.67,-1.21,""
"MACPOWER",157,2095.1,1957.8,328930.7,307374.6,-21556.1,-6.55,-6.97,""
"MAXESTATES",574,574.9,598.45,329992.6,343510.3,13517.7,4.1,0.75,""
"QUESS",944,349.35,364.1,329786.4,343710.4,13924,4.22,3.54,""
"RKFORGE",252,723.25,715.55,182259,180318.6,-1940.4,-1.06,-1.18,""
"ROSSTECH",172,1218.6,1363,209599.2,234436,24836.8,11.85,-0.82,""
"SGBDE31III-GB",392,6436.16,15528.99,2522974.1,6087364.08,3564389.98,141.28,-0.14,""
"SHILPAMED",341,966.95,1073.6,329729.4,366097.6,36368.2,11.03,5.14,""
"TEGA",168,1959.49,2125.6,329194.5,357100.8,27906.3,8.48,9.28,""
"TIMEX",471,701.04,712.05,330190.45,335375.55,5185.1,1.57,-0.49,""
"TNPETRO",2637,125.26,131.19,330307.12,345948.03,15640.91,4.74,4.34,""
"UGARSUGAR",6072,54.3,55.89,329684.3,339364.08,9679.78,2.94,-1.91,""
"UNICHEMLAB",604,545.46,539.9,329457.65,326099.6,-3358.05,-1.02,-1.06,""
