date,equity,n_open
2017-10-16,998399.905562,1
2017-10-17,1000920.8870745001,4
2017-10-18,994477.7303245,7
2017-10-23,991636.2991592501,10
2017-10-24,1000624.2489592503,10
2017-10-25,988161.5733592501,10
2017-10-26,984488.8448592502,10
2017-10-27,979091.9126592501,10
2017-10-30,984424.19085925,10
2017-10-31,985502.7874592501,10
2017-11-01,986307.90555925,10
2017-11-02,985236.9220592503,10
2017-11-03,985188.5981592501,10
2017-11-06,986920.59745925,10
2017-11-07,968031.1884592499,10
2017-11-08,962511.8174592501,10
2017-11-09,981238.0343592502,10
2017-11-10,986980.1841592502,10
2017-11-13,978665.1232592502,10
2017-11-14,974083.2556592501,10
2017-11-15,941494.7341592502,10
2017-11-16,957650.0524592502,10
2017-11-17,973699.5755592502,10
2017-11-20,970819.4005592501,10
2017-11-21,978779.9154592501,10
2017-11-22,976936.4285592501,10
2017-11-23,983401.54005925,10
2017-11-24,989871.5014592501,10
2017-11-27,993008.3056592501,10
2017-11-28,996813.2872592502,10
2017-11-29,991596.8624592499,10
2017-11-30,987957.10985925,10
2017-12-01,972012.7158592502,10
2017-12-04,961425.0693842501,10
2017-12-05,957990.55188425,10
2017-12-06,952983.0639842503,10
2017-12-07,971284.0317842502,10
2017-12-08,987111.47718425,10
2017-12-11,989934.2056842502,10
2017-12-12,992697.2247842503,10
2017-12-13,979274.16948425,10
2017-12-14,979855.4976842504,10
2017-12-15,993369.8699842502,10
2017-12-18,998583.2553842503,10
2017-12-19,1011012.1600842502,10
2017-12-20,1003821.4907842502,10
2017-12-21,1004799.4622842502,10
2017-12-22,1012404.3551842503,10
2017-12-26,1025328.2310842503,10
2017-12-27,1015980.6605842502,10
2017-12-28,1017119.2930842502,10
2017-12-29,1028513.9969842501,10
2018-01-01,1031224.0655842503,10
2018-01-02,1035279.7873842502,10
2018-01-03,1056893.7525842502,10
2018-01-04,1074803.7785842502,10
2018-01-05,1086636.3094842504,10
2018-01-08,1093572.6853842502,10
2018-01-09,1095742.5609842502,10
2018-01-10,1094128.8665842502,10
2018-01-11,1103817.59948425,10
2018-01-12,1105987.5439842502,10
2018-01-15,1116130.1954842503,10
2018-01-16,1095130.3317842502,10
2018-01-17,1100563.8755842503,10
2018-01-18,1085167.4926842502,10
2018-01-19,1105798.6722842501,10
2018-01-22,1117464.91328425,10
2018-01-23,1120978.48078425,10
2018-01-24,1095931.8335842504,10
2018-01-25,1097936.20688425,10
2018-01-29,1091981.3214842502,10
2018-01-30,1069417.3906842503,10
2018-01-31,1037705.7487467502,10
2018-02-01,1029316.0456467504,10
2018-02-02,983609.35519675,10
2018-02-05,958846.0166967503,9
2018-02-06,924214.8089467504,9
2018-02-07,952032.9871467503,10
2018-02-08,961428.1192467503,10
2018-02-09,950970.3890467504,10
2018-02-12,963753.1768467504,10
2018-02-14,976850.8310467503,10
2018-02-15,970305.8174467504,10
2018-02-16,966063.9074467504,10
2018-02-19,948488.0372467503,10
2018-02-20,946754.7334467503,10
2018-02-21,963639.7080467505,10
2018-02-22,967342.7688227503,10
2018-02-23,968307.6602227505,10
2018-02-26,963041.9752227502,10
2018-02-27,961399.3914227503,10
2018-02-28,961001.8086227502,10
2018-03-01,947947.4049727502,10
2018-03-05,947456.1851727501,10
2018-03-06,940453.0163727504,10
2018-03-07,930349.7757727504,10
2018-03-08,933846.7843727503,10
2018-03-09,930461.9639727505,10
2018-03-12,937064.2809727504,10
2018-03-13,946216.8103727503,10
2018-03-14,947410.3139727503,10
2018-03-15,947484.0699727503,10
2018-03-16,940598.5989727502,10
2018-03-19,925543.3579727504,10
2018-03-20,928936.2315727504,10
2018-03-21,934803.9705727504,10
2018-03-22,930002.8059727503,10
2018-03-23,920716.0551727505,9
2018-03-26,914570.8391727505,9
2018-03-27,928940.8179727505,9
2018-03-28,930290.2285727502,9
2018-04-02,941721.9561727504,8
2018-04-03,941248.6695727503,9
2018-04-04,935826.1981227505,10
2018-04-05,943251.1823227502,10
2018-04-06,946522.7091227503,10
2018-04-09,947897.3919227503,10
2018-04-10,950068.2181227505,10
2018-04-11,950679.3347227504,10
2018-04-12,959027.5967227503,10
2018-04-13,963451.0219227505,10
2018-04-16,961788.2989227504,10
2018-04-17,961706.6845227504,10
2018-04-18,963251.4751227504,10
2018-04-19,973864.3391227506,10
2018-04-20,990031.5897227504,10
2018-04-23,1004613.7449227504,10
2018-04-24,1001776.1943227504,10
2018-04-25,1008911.1531227503,10
2018-04-26,1013100.8469227505,10
2018-04-27,1002742.2555227506,10
2018-04-30,1005750.6987227504,10
2018-05-02,994297.8311227502,10
2018-05-03,983229.1053227503,10
2018-05-04,986354.3549227505,10
2018-05-07,997942.2403227504,10
2018-05-08,997334.7511227503,10
2018-05-09,999011.4091227504,10
2018-05-10,996490.0267227505,10
2018-05-11,1007591.8873227502,10
2018-05-14,1010914.8245227505,10
2018-05-15,1001112.6529227505,10
2018-05-16,996415.0025227504,10
2018-05-17,991864.0805227504,10
2018-05-18,990673.3415227502,10
2018-05-21,978751.2973227504,10
2018-05-22,983060.4767227503,10
2018-05-23,985364.3287227503,10
2018-05-24,1001887.8619227505,10
2018-05-25,1009040.9005227505,10
2018-05-28,1006206.7881227504,10
2018-05-29,1003816.6611227505,10
2018-05-30,1001574.0587227504,10
2018-05-31,1001615.9937227506,10
2018-06-01,989803.6265227506,10
2018-06-04,980825.6399227504,9
2018-06-05,961726.8749227503,8
2018-06-06,967835.3089227504,8
2018-06-07,976570.8277227504,8
2018-06-08,979206.5857227503,8
2018-06-11,982099.6237227502,8
2018-06-12,989528.9383227504,8
2018-06-13,984141.7397227504,8
2018-06-14,982288.7085227503,8
2018-06-15,990224.4009227504,8
2018-06-18,990942.8725227504,8
2018-06-19,982294.2589227504,8
2018-06-20,981621.6251227504,8
2018-06-21,978174.4545227506,8
2018-06-22,980530.7053227504,8
2018-06-25,981710.8081227504,8
2018-06-26,980717.1991227504,8
2018-06-27,983837.0341227504,8
2018-06-28,968278.1737227505,8
2018-06-29,974291.5351227503,8
2018-07-02,975264.4199227504,8
2018-07-03,983154.5103227503,8
2018-07-04,984018.6039227503,8
2018-07-05,975470.9383227504,8
2018-07-06,974162.9691227505,8
2018-07-09,984210.6605227503,8
2018-07-10,987703.0337227501,8
2018-07-11,994982.6357227503,8
2018-07-12,996213.4077227504,8
2018-07-13,992482.1781227503,8
2018-07-16,987821.2593227504,8
2018-07-17,989538.3133227504,8
2018-07-18,991990.4567227503,8
2018-07-19,976117.9399227505,8
2018-07-20,991451.0353227502,8
2018-07-23,984042.1557227504,8
2018-07-24,991917.7515227504,8
2018-07-25,994680.4493227503,7
2018-07-26,991713.0797227502,7
2018-07-27,1002836.9893227504,7
2018-07-30,1001012.5533227504,7
2018-07-31,1011189.8967227503,7
2018-08-01,1004288.2289227503,7
2018-08-02,1003226.8869227504,7
2018-08-03,998038.4869227502,7
2018-08-06,1001950.9895227503,7
2018-08-07,993447.2799227503,7
2018-08-08,990972.3231227503,7
2018-08-09,989743.9083227504,7
2018-08-10,991549.6241227502,7
2018-08-13,999885.4507227505,7
2018-08-14,1012280.1321227504,7
2018-08-16,1019247.1087227503,7
2018-08-17,1026527.4245227503,7
2018-08-20,1028993.1719227503,7
2018-08-21,1033011.0041227504,7
2018-08-23,1038946.5923227505,7
2018-08-24,1049452.2561227502,7
2018-08-27,1058041.8749227503,7
2018-08-28,1068790.3225227504,7
2018-08-29,1059554.1259227504,7
2018-08-30,1057292.7351227505,7
2018-08-31,1067574.4043227504,7
2018-09-03,1056253.2637227504,7
2018-09-04,1060308.4911227503,7
2018-09-05,1058679.6553227503,7
2018-09-06,1068400.6239227504,7
2018-09-07,1074585.3783227503,7
2018-09-10,1065682.3749227503,7
2018-09-11,1058689.1553227506,7
2018-09-12,1056047.9362227505,6
2018-09-14,1059605.7744227503,6
2018-09-17,1058781.0534227502,6
2018-09-18,1051850.9672227504,6
2018-09-19,1043356.7490227504,5
2018-09-21,1034491.0232227504,4
2018-09-24,1039855.7854227504,4
2018-09-25,1043119.5134227504,4
2018-09-26,1039267.2430227504,4
2018-09-27,1038574.2974227504,4
2018-09-28,1038657.8942227504,4
2018-10-01,1045578.3262227505,4
2018-10-03,1038332.5946227504,4
2018-10-04,1024800.3182227504,4
2018-10-05,1022725.4334227503,4
2018-10-08,1015169.4496227504,4
2018-10-09,1010287.0134227504,4
2018-10-10,1016321.3818227504,4
2018-10-11,1001053.8308227505,4
2018-10-12,1008041.0832227505,4
2018-10-15,1016094.9424227504,4
2018-10-16,1020565.3230227504,4
2018-10-17,1023369.4934227505,4
2018-10-19,1007062.2618227504,4
2018-10-22,1002466.8118227504,4
2018-10-23,992871.8178227504,4
2018-10-24,987660.5286227504,4
2018-10-25,980548.6296227504,3
2018-10-26,978280.3892227504,3
2018-10-29,996233.6332227505,3
2018-10-30,1005433.6132227505,3
2018-10-31,1018522.3438227505,3
2018-11-01,1013304.3688227504,3
2018-11-02,1007780.5018227505,3
2018-11-05,1006691.0634227504,3
2018-11-06,1007385.4788227505,3
2018-11-09,1013453.8080227504,3
2018-11-12,1013868.3468227505,3
2018-11-13,1016103.8324227505,3
2018-11-14,1007829.2610227505,3
2018-11-15,1012570.7170227505,3
2018-11-16,1015584.8006227505,3
2018-11-19,1016658.8146227505,3
2018-11-20,1009373.6728227504,3
2018-11-21,1002973.7772227505,3
2018-11-22,1002560.6128227505,3
2018-11-26,997922.4231227505,2
2018-11-27,999212.0079227504,2
2018-11-28,996325.6539227504,2
2018-11-29,993088.8819227505,2
2018-11-30,994340.7159227504,2
2018-12-03,996655.7325227505,2
2018-12-04,1001023.5225227504,2
2018-12-05,1000485.8163227504,2
2018-12-06,994563.6975227505,2
2018-12-07,996781.4463227504,2
2018-12-10,994403.6217227505,2
2018-12-11,995856.3027227505,2
2018-12-12,1001251.9377227505,2
2018-12-13,1001273.6865227504,2
2018-12-14,999284.7543227505,2
2018-12-17,999698.3121227504,2
2018-12-18,999232.6851227505,2
2018-12-19,1000817.3865227505,2
2018-12-20,1000319.4657227504,2
2018-12-21,995676.4809227504,2
2018-12-24,993814.4937227505,2
2018-12-26,993870.3051227505,2
2018-12-27,997248.4467227504,2
2018-12-28,997647.6519227505,2
2018-12-31,1000149.4827227504,2
2019-01-01,999013.1955227505,2
2019-01-02,997671.0159227505,2
2019-01-03,992149.9155227505,2
2019-01-04,992498.1051227504,2
2019-01-07,995385.9819227505,2
2019-01-08,993592.4577227505,2
2019-01-09,995260.8681227504,2
2019-01-10,999060.3477227504,2
2019-01-11,998530.0515227504,2
2019-01-14,997777.3857227504,2
2019-01-15,1000847.2311227504,2
2019-01-16,999761.1681227505,2
2019-01-17,999429.7761227505,2
2019-01-18,1000241.9235227505,2
2019-01-21,999972.9135227505,2
2019-01-22,1000520.2287227504,2
2019-01-23,1001421.2547227505,2
2019-01-24,1001624.6343227505,2
2019-01-25,1001980.0059227505,2
2019-01-28,1001126.4537227505,2
2019-01-29,1003056.0201227504,2
2019-01-30,1000540.1685227505,2
2019-01-31,1003224.1599227504,2
2019-02-01,1007326.8219227504,2
2019-02-04,1013709.0129227504,2
2019-02-05,1014482.1105227505,2
2019-02-06,1025893.0221227505,2
2019-02-07,1026327.0975227505,2
2019-02-08,1027566.8757227504,2
2019-02-11,1024204.2861227505,2
2019-02-12,1023841.9359227505,2
2019-02-13,1024568.3013227505,2
2019-02-14,1023894.3771227505,2
2019-02-15,1021754.4525227505,2
2019-02-18,1018650.1245227505,2
2019-02-19,1017918.4137227505,2
2019-02-20,1018809.7785227505,2
2019-02-21,1019150.9913227505,2
2019-02-22,1021072.4979227504,2
2019-02-25,1024041.3633227504,2
2019-02-26,1026507.0789227504,2
2019-02-27,1026757.3965227505,2
2019-02-28,1028623.4097227504,2
2019-03-01,1030072.0827227505,2
2019-03-05,1026516.5643227504,2
2019-03-06,1031723.7837227505,2
2019-03-07,1025267.6667227505,2
2019-03-08,1025436.7221227505,2
2019-03-11,1028220.8103227505,2
2019-03-12,1028607.2961227505,2
2019-03-13,1023944.7573227505,2
2019-03-14,1025883.4611227505,2
2019-03-15,1028468.9511227505,2
2019-03-18,1025511.2241227505,2
2019-03-19,1026869.8473227505,2
2019-03-20,1024581.3189227504,2
2019-03-22,1023521.3625227504,2
2019-03-25,1026923.0421227504,2
2019-03-26,1024419.7299227505,2
2019-03-27,1020337.1697227506,2
2019-03-28,1020409.6725227505,2
2019-03-29,1024785.9981227504,2
2019-04-01,1027717.2687227505,2
2019-04-02,1026798.3099227505,2
2019-04-03,1022907.0957227505,2
2019-04-04,1024419.8019227504,2
2019-04-05,1026217.7559227505,2
2019-04-08,1024907.9895227505,2
2019-04-09,1027696.1175227505,2
2019-04-10,1028321.8587227504,2
2019-04-11,1026686.7033227505,2
2019-04-12,1028388.9303227505,2
2019-04-15,1031048.5383227505,2
2019-04-16,1028806.9179227505,2
2019-04-18,1029891.6075227505,2
2019-04-22,1028816.5989227504,2
2019-04-23,1027622.7591227505,2
2019-04-24,1033916.3415227504,2
2019-04-25,1031547.7041227504,2
2019-04-26,1032962.6685227505,2
2019-04-30,1036686.1329227504,2
2019-05-02,1034279.8647227504,2
2019-05-03,1030542.3837227505,2
2019-05-06,1030360.0131227504,2
2019-05-07,1029150.0297227504,2
2019-05-08,1025800.5435227505,2
2019-05-09,1023496.6629227505,2
2019-05-10,1025254.2297227504,2
2019-05-13,1024541.1453227506,2
2019-05-14,1020086.7957227505,2
2019-05-15,1019453.2587227505,2
2019-05-16,1021788.4791227505,2
2019-05-17,1020562.0521227504,2
2019-05-20,1021887.0687227505,2
2019-05-21,1023873.3441227505,2
2019-05-22,1019330.6679227505,2
2019-05-23,1022477.8281227504,2
2019-05-24,1024006.4703227505,2
2019-05-27,1009189.7367227505,2
2019-05-28,1014260.4490597505,5
2019-05-29,1006922.8886597503,6
2019-05-30,1011696.5079597505,6
2019-05-31,1017851.7111347505,7
2019-06-03,1023490.2841347506,7
2019-06-04,1026162.9648347505,7
2019-06-06,1010632.3644347505,7
2019-06-07,1017436.6535347506,7
2019-06-10,1017982.8877347506,7
2019-06-11,1011617.4298347505,7
2019-06-12,1004283.5785347505,7
2019-06-13,1009206.6315347506,7
2019-06-14,1002977.5385347505,7
2019-06-17,994776.0918347505,7
2019-06-18,997723.8290347506,7
2019-06-19,994810.9750347506,7
2019-06-20,1009999.1584347505,7
2019-06-21,1013498.5304347506,7
2019-06-24,1014300.2905347506,7
2019-06-25,1005773.4601347506,7
2019-06-26,1011972.5437347505,7
2019-06-27,1010871.7278347505,7
2019-06-28,1012687.4151347505,7
2019-07-01,1014361.8939347506,7
2019-07-02,1019485.5972347505,7
2019-07-03,1017050.9473347506,7
2019-07-04,1016042.9857347505,7
2019-07-05,1008621.7196347506,6
2019-07-08,990853.3290347506,6
2019-07-09,998407.7790347505,6
2019-07-10,989626.0370347507,6
2019-07-11,987410.3174347505,5
2019-07-12,990204.8570347505,5
2019-07-15,986988.3701347506,5
2019-07-16,992963.1981347505,5
2019-07-17,990024.2111347506,5
2019-07-18,986607.2339347505,5
2019-07-19,977107.0111347506,5
2019-07-22,968729.7097347506,4
2019-07-23,970057.1536347505,4
2019-07-24,968346.7562347506,4
2019-07-25,969243.1077347505,3
2019-07-26,974311.3841347506,3
2019-07-29,972730.1157347506,3
2019-07-30,971315.4367347506,3
2019-07-31,969790.8577347505,3
2019-08-01,972779.4129347506,3
2019-08-02,974385.1517347505,3
2019-08-05,969244.7138347506,3
2019-08-06,975813.3060347505,3
2019-08-07,974702.0999347506,3
2019-08-08,977823.7359347506,3
2019-08-09,978964.1393347506,3
2019-08-13,964051.6121347506,3
2019-08-14,966557.8253347506,3
2019-08-16,964563.4140347505,3
2019-08-19,967548.1876347505,3
2019-08-20,968503.8816347506,3
2019-08-21,964338.3674347505,3
2019-08-22,968071.4640347506,3
2019-08-23,971286.1305347505,3
2019-08-26,978060.7211347506,3
2019-08-27,976127.5217347506,3
2019-08-28,974980.0307347506,3
2019-08-29,976314.1290347506,3
2019-08-30,980982.8385347505,3
2019-09-03,979170.2658347506,3
2019-09-04,978904.2253347506,3
2019-09-05,975948.5956347506,3
2019-09-06,972621.2359347505,3
2019-09-09,972249.3296347506,3
2019-09-11,968810.8727347506,3
2019-09-12,974047.7436347506,3
2019-09-13,971149.4866347506,3
2019-09-16,972182.0006347506,3
2019-09-17,966493.3894347507,3
2019-09-18,971059.6077347506,3
2019-09-19,966168.3735347505,3
2019-09-20,976873.0114347506,3
2019-09-23,977151.1893347506,3
2019-09-24,979274.5140347506,3
2019-09-25,978946.7782347505,3
2019-09-26,979634.1194347506,3
2019-09-27,981348.8079347506,3
2019-09-30,977009.8588347505,3
2019-10-01,970508.6684347505,3
2019-10-03,972933.0569347505,3
2019-10-04,968604.6542347505,3
2019-10-07,968152.4568347506,3
2019-10-09,969093.7035347505,3
2019-10-10,968162.6454347506,3
2019-10-11,972791.2420347505,3
2019-10-14,976923.8851347505,3
2019-10-15,977715.4674347506,3
2019-10-16,979931.6676347505,3
2019-10-17,984057.2782347505,3
2019-10-18,989934.8141347505,3
2019-10-22,987965.4404347506,3
2019-10-23,988248.2246347505,3
2019-10-24,994383.3817347506,3
2019-10-25,993847.2395347506,3
2019-10-27,992735.6132347506,3
2019-10-29,995803.4877347506,3
2019-10-30,996974.9625347506,3
2019-10-31,1009855.7898347506,3
2019-11-01,1008394.9292347506,3
2019-11-04,1006527.7327347506,3
2019-11-05,999062.9650347505,3
2019-11-06,1001941.2625347506,3
2019-11-07,1008939.4011347506,3
2019-11-08,1005852.4808347506,3
2019-11-11,1009333.9571347506,3
2019-11-13,1003418.8554347506,3
2019-11-14,1009935.2045347505,3
2019-11-15,1015462.9678347505,3
2019-11-18,1022615.4080347506,3
2019-11-19,1019646.5546347506,3
2019-11-20,1024571.3002347506,3
2019-11-21,1017872.4897347506,3
2019-11-22,1014186.5826347505,3
2019-11-25,1017232.0685347505,3
2019-11-26,1019296.0702347506,3
2019-11-27,1024674.3038347505,3
2019-11-28,1029450.0495347506,3
2019-11-29,1032326.8064347506,3
2019-12-02,1028288.0723347506,3
2019-12-03,1029005.9966347506,3
2019-12-04,1031331.7170347506,3
2019-12-05,1026279.0589347505,3
2019-12-06,1022586.8379347506,3
2019-12-09,1025298.5976347505,3
2019-12-10,1021630.4055347505,3
2019-12-11,1031278.0477347506,3
2019-12-12,1033807.2987347506,3
2019-12-13,1037722.2556347506,3
2019-12-16,1035777.5740347506,3
2019-12-17,1038314.1398347506,3
2019-12-18,1031041.8581347505,3
2019-12-19,1031333.5054347506,3
2019-12-20,1029451.2380347506,3
2019-12-23,1029049.7440347506,3
2019-12-24,1032392.3925347505,3
2019-12-26,1031381.3117347506,3
2019-12-27,1033712.4258347505,3
2019-12-30,1035774.7478347506,3
2019-12-31,1035509.4416347506,3
2020-01-01,1034692.2651347505,3
2020-01-02,1035359.3739347506,3
2020-01-03,1030964.4341210006,6
2020-01-06,1016681.0455210006,6
2020-01-07,1019866.5019210007,6
2020-01-08,1026468.7286210004,6
2020-01-09,1039984.1470210007,6
2020-01-10,1037878.3786960006,8
2020-01-13,1038635.9889960007,8
2020-01-14,1048383.9494710007,9
2020-01-15,1060534.1322710004,9
2020-01-16,1056600.2191710006,9
2020-01-17,1061058.3768710005,9
2020-01-20,1060149.7130710005,9
2020-01-21,1056592.7053710006,9
2020-01-22,1050541.9014710006,9
2020-01-23,1064106.7428710007,9
2020-01-24,1060974.9166710007,9
2020-01-27,1062041.2728710007,9
2020-01-28,1052231.9908710008,9
2020-01-29,1055917.2278710005,9
2020-01-30,1057404.8979710005,9
2020-01-31,1040939.0681710007,9
2020-02-01,995889.1762852506,9
2020-02-03,995218.5095602506,9
2020-02-04,1011573.4559602507,9
2020-02-05,1035342.9858602507,9
2020-02-06,1043944.6080602506,9
2020-02-07,1049704.5514602507,9
2020-02-10,1035712.6642602504,9
2020-02-11,1052265.5384602505,9
2020-02-12,1062098.7199602507,9
2020-02-13,1080595.5337602505,9
2020-02-14,1080701.3161602507,9
2020-02-17,1053466.2427602503,9
2020-02-18,1046943.1570602506,9
2020-02-19,1069708.2772602506,9
2020-02-20,1080427.4089602507,9
2020-02-24,1053134.3633602506,9
2020-02-25,1045472.5972602506,8
2020-02-26,1035224.5452602506,7
2020-02-27,1030678.5463602506,7
2020-02-28,1005057.4560602508,7
2020-03-02,996114.0659602506,6
2020-03-03,1024650.3940602506,6
2020-03-04,1007570.8545602506,6
2020-03-05,1016914.0717602505,6
2020-03-06,997589.8294102506,4
2020-03-09,986010.3808102506,3
2020-03-11,977018.7308102506,3
2020-03-12,934682.8808102505,2
2020-03-13,926937.8308102506,1
2020-03-16,924873.8308102506,1
2020-03-17,929313.5808102506,1
2020-03-18,923680.5808102506,1
2020-03-19,916942.4808102506,0
2020-03-20,916942.4808102506,0
2020-03-23,916942.4808102506,0
2020-03-24,916942.4808102506,0
2020-03-25,916942.4808102506,0
2020-03-26,916942.4808102506,0
2020-03-27,916942.4808102506,0
2020-03-30,916942.4808102506,0
2020-03-31,916942.4808102506,0
2020-04-01,916942.4808102506,0
2020-04-03,916942.4808102506,0
2020-04-07,916942.4808102506,0
2020-04-08,916942.4808102506,0
2020-04-09,916942.4808102506,0
2020-04-13,916942.4808102506,0
2020-04-15,916942.4808102506,0
2020-04-16,916942.4808102506,0
2020-04-17,916942.4808102506,0
2020-04-20,916942.4808102506,0
2020-04-21,916942.4808102506,0
2020-04-22,916942.4808102506,0
2020-04-23,916942.4808102506,0
2020-04-24,916942.4808102506,0
2020-04-27,916942.4808102506,0
2020-04-28,916942.4808102506,0
2020-04-29,916942.4808102506,0
2020-04-30,916942.4808102506,0
2020-05-04,916942.4808102506,0
2020-05-05,916942.4808102506,0
2020-05-06,916942.4808102506,0
2020-05-07,916942.4808102506,0
2020-05-08,916942.4808102506,0
2020-05-11,916942.4808102506,0
2020-05-12,916942.4808102506,0
2020-05-13,916942.4808102506,0
2020-05-14,916942.4808102506,0
2020-05-15,916942.4808102506,0
2020-05-18,916942.4808102506,0
2020-05-19,916942.4808102506,0
2020-05-20,916942.4808102506,0
2020-05-21,916942.4808102506,0
2020-05-22,916942.4808102506,0
2020-05-26,916942.4808102506,0
2020-05-27,916942.4808102506,0
2020-05-28,916942.4808102506,0
2020-05-29,916942.4808102506,0
2020-06-01,916942.4808102506,0
2020-06-02,916942.4808102506,0
2020-06-03,916942.4808102506,0
2020-06-04,916942.4808102506,0
2020-06-05,916942.4808102506,0
2020-06-08,916942.4808102506,0
2020-06-09,916942.4808102506,0
2020-06-10,916942.4808102506,0
2020-06-11,916942.4808102506,0
2020-06-12,916942.4808102506,0
2020-06-15,916942.4808102506,0
2020-06-16,916942.4808102506,0
2020-06-17,916942.4808102506,0
2020-06-18,916942.4808102506,0
2020-06-19,916942.4808102506,0
2020-06-22,916942.4808102506,0
2020-06-23,919099.6614577507,3
2020-06-24,918785.0266587507,6
2020-06-25,914712.2257587507,9
2020-06-26,909565.9779632507,10
2020-06-29,899786.5668632506,10
2020-06-30,892103.8877632506,10
2020-07-01,898188.9149632507,10
2020-07-02,903078.7677632506,10
2020-07-03,907145.6802632507,10
2020-07-06,918838.0643632507,10
2020-07-07,921969.2310632507,10
2020-07-08,921037.9717632507,10
2020-07-09,932067.3659632506,10
2020-07-10,927646.8699632507,10
2020-07-13,928661.0089632507,10
2020-07-14,910227.2229605007,10
2020-07-15,900686.9923605007,10
2020-07-16,904145.7612605008,10
2020-07-17,919503.2704605007,10
2020-07-20,923626.8041605008,10
2020-07-21,923112.9301605007,10
2020-07-22,920443.2141605008,10
2020-07-23,922859.8513605007,10
2020-07-24,907010.4618605007,10
2020-07-27,891011.8176355007,10
2020-07-28,910393.9700355008,10
2020-07-29,914083.7657355007,10
2020-07-30,905917.3627355008,10
2020-07-31,921614.8986355007,10
2020-08-03,930331.7291355007,10
2020-08-04,936353.8601355007,10
2020-08-05,950026.3675355007,10
2020-08-06,963693.4996355007,10
2020-08-07,975403.2221355007,10
2020-08-10,997886.9561355007,10
2020-08-11,996928.6294355007,10
2020-08-12,998034.1305355008,10
2020-08-13,998510.0154355008,10
2020-08-14,991935.1335355007,10
2020-08-17,991646.9956355008,10
2020-08-18,1013972.3239355008,10
2020-08-19,1014882.9686355009,10
2020-08-20,1015380.7626355008,10
2020-08-21,1020865.7546355007,10
2020-08-24,1026589.8581355007,10
2020-08-25,1029068.3576355007,10
2020-08-26,1033863.5469355007,10
2020-08-27,1042899.1251355008,10
2020-08-28,1040647.8962355008,10
2020-08-31,1000090.3707355008,10
2020-09-01,1026046.8066355007,10
2020-09-02,1043577.8028355007,10
2020-09-03,1049631.4415355008,10
2020-09-04,1022639.3708355007,10
2020-09-07,1023658.6767355007,10
2020-09-08,1001190.3762355009,10
2020-09-09,1003795.4331855008,10
2020-09-10,1011350.9647855007,10
2020-09-11,1012351.3152855006,10
2020-09-14,1021049.5799355009,10
2020-09-15,1033491.8974355008,10
2020-09-16,1035888.0003355008,10
2020-09-17,1029735.8382355007,10
2020-09-18,1025948.8652355007,10
2020-09-21,978098.8121355008,10
2020-09-22,971934.9697355005,10
2020-09-23,968696.7026355007,10
2020-09-24,932753.9396255007,10
2020-09-25,958974.1896255006,10
2020-09-28,980414.4995255008,10
2020-09-29,973898.8254255007,10
2020-09-30,975595.5133255008,10
2020-10-01,976539.4917255008,10
2020-10-05,978275.0161255008,10
2020-10-06,996369.1620255009,10
2020-10-07,988721.1901255007,10
2020-10-08,985056.7864255009,10
2020-10-09,981147.0938255008,10
2020-10-12,968709.2872255008,10
2020-10-13,966785.7710832509,10
2020-10-14,973311.7277832509,10
2020-10-15,957902.332983251,10
2020-10-16,970687.1007832508,10
2020-10-19,975221.0721832508,10
2020-10-20,982548.2947832509,10
2020-10-21,988451.0407832509,10
2020-10-22,989855.2020832509,10
2020-10-23,991300.7103832508,10
2020-10-26,972470.9209832508,10
2020-10-27,977042.4166832508,10
2020-10-28,972376.2328032509,10
2020-10-29,981231.1578032507,10
2020-10-30,974033.5356032506,10
2020-11-02,976085.2873032507,10
2020-11-03,984031.9637032509,10
2020-11-04,992665.2052032507,10
2020-11-05,1002783.3965032508,10
2020-11-06,999187.2315032508,10
2020-11-09,1005180.557905501,10
2020-11-10,1001387.0078055006,10
2020-11-11,1015350.1949055009,10
2020-11-12,1020031.9504055008,10
2020-11-13,1032327.5039055008,10
2020-11-14,1038446.8385055007,10
2020-11-17,1049732.8712055006,10
2020-11-18,1052023.2741055007,10
2020-11-19,1037124.5861055008,10
2020-11-20,1052551.4216055006,10
2020-11-23,1063998.2403055006,10
2020-11-24,1068324.4235055007,10
2020-11-25,1058922.1596055008,10
2020-11-26,1081812.0619055007,10
2020-11-27,1087947.8124055006,10
2020-12-01,1101386.6267055008,10
2020-12-02,1113447.0474055007,10
2020-12-03,1108875.6405055006,10
2020-12-04,1111092.6583055006,10
2020-12-07,1112729.2879055007,10
2020-12-08,1103531.3155055007,10
2020-12-09,1113840.0628055006,10
2020-12-10,1118734.5096055006,10
2020-12-11,1116575.549605501,10
2020-12-14,1119156.621805501,10
2020-12-15,1126630.5032055008,10
2020-12-16,1132797.7181055008,10
2020-12-17,1133819.1985055006,10
2020-12-18,1137488.766405501,10
2020-12-21,1096270.506577251,10
2020-12-22,1116875.2051772506,10
2020-12-23,1133100.6172772509,10
2020-12-24,1135746.0271772507,10
2020-12-28,1162182.8705772508,10
2020-12-29,1169097.2118772506,10
2020-12-30,1173539.838477251,10
2020-12-31,1170446.2524772505,10
2021-01-01,1179530.9741772506,10
2021-01-04,1195069.0642772508,10
2021-01-05,1208403.3805772508,10
2021-01-06,1204560.0238772505,10
2021-01-07,1223872.4938772507,10
2021-01-08,1234427.4499772508,10
2021-01-11,1234247.0110772508,10
2021-01-12,1233459.6333772507,10
2021-01-13,1234041.847577251,10
2021-01-14,1224397.6838772509,10
2021-01-15,1211964.1210772507,10
2021-01-18,1192478.9463772508,10
2021-01-19,1213540.4626772508,10
2021-01-20,1229757.7108772506,10
2021-01-21,1220807.4574772506,10
2021-01-22,1200265.7787772508,10
2021-01-25,1196300.6911772508,10
2021-01-27,1179703.9185572509,10
2021-01-28,1174656.340257251,10
2021-01-29,1161471.1043572507,10
2021-02-01,1202020.9401572507,10
2021-02-02,1233225.2458572506,10
2021-02-03,1241733.6493572507,10
2021-02-04,1257898.9286572507,10
2021-02-05,1262739.4813572506,10
2021-02-08,1290903.9594572508,10
2021-02-09,1284773.4617572508,10
2021-02-10,1298203.5735572511,10
2021-02-11,1306666.519957251,10
2021-02-12,1323241.6336572508,10
2021-02-15,1336254.4609572508,10
2021-02-16,1346685.3749572507,10
2021-02-17,1341291.066157251,10
2021-02-18,1342607.0572572506,10
2021-02-19,1317033.9284572508,10
2021-02-22,1319935.6987572508,10
2021-02-23,1318376.073357251,10
2021-02-24,1338149.2010572508,10
2021-02-25,1356374.7446572508,10
2021-02-26,1303719.9446572508,10
2021-03-01,1334611.676357251,10
2021-03-02,1350926.0042572508,10
2021-03-03,1388417.1815572511,10
2021-03-04,1380614.3589572508,10
2021-03-05,1368147.708857251,10
2021-03-08,1361205.414757251,10
2021-03-09,1371202.0929572508,10
2021-03-10,1388284.2077572506,10
2021-03-12,1383133.0889572508,10
2021-03-15,1384292.7455572507,10
2021-03-16,1381753.5069572506,10
2021-03-17,1363144.4920572508,10
2021-03-18,1360300.3092572507,10
2021-03-19,1384617.330257251,10
2021-03-22,1415262.3311572508,10
2021-03-23,1434615.2316572508,10
2021-03-24,1409716.1571572507,10
2021-03-25,1384966.5035572506,10
2021-03-26,1409969.085757251,10
2021-03-30,1445439.9680572508,10
2021-03-31,1438991.5933572506,10
2021-04-01,1485249.178857251,10
2021-04-05,1478049.1270572508,10
2021-04-06,1510473.680157251,10
2021-04-07,1518370.5568572509,10
2021-04-08,1548947.379957251,10
2021-04-09,1565420.706357251,10
2021-04-12,1482935.9593347507,10
2021-04-13,1512730.1411347508,10
2021-04-15,1511262.621334751,10
2021-04-16,1523079.5313347508,10
2021-04-19,1491987.7863347507,10
2021-04-20,1479033.4748347509,10
2021-04-22,1493299.2417347508,10
2021-04-23,1480660.3650347507,10
2021-04-26,1504661.1313347507,10
2021-04-27,1519006.8568347506,10
2021-04-28,1529157.3053347508,10
2021-04-29,1556173.0342347508,10
2021-04-30,1543702.428734751,10
2021-05-03,1571013.662034751,10
2021-05-04,1565598.974634751,10
2021-05-05,1573815.901334751,10
2021-05-06,1593017.5090347508,10
2021-05-07,1614443.142934751,10
2021-05-10,1620837.467134751,10
2021-05-11,1610314.8466347505,10
2021-05-12,1584946.4631347505,10
2021-05-14,1559489.1023347508,10
2021-05-17,1598553.3773347507,10
2021-05-18,1618848.5199347506,10
2021-05-19,1606990.3983347507,10
2021-05-20,1598910.620634751,10
2021-05-21,1609438.470134751,10
2021-05-24,1615275.317134751,10
2021-05-25,1623293.8305347508,10
2021-05-26,1661653.2530347512,10
2021-05-27,1665690.7407347506,10
2021-05-28,1703712.6285347503,10
2021-05-31,1713934.8715347508,10
2021-06-01,1720867.2116347505,10
2021-06-02,1766321.3304347505,10
2021-06-03,1792617.674234751,10
2021-06-04,1829824.2146347507,10
2021-06-07,1813433.039834751,10
2021-06-08,1812592.8702347507,10
2021-06-09,1793871.912634751,10
2021-06-10,1812580.493434751,10
2021-06-11,1831524.469334751,10
2021-06-14,1769165.7489097507,9
2021-06-15,1764883.169959751,10
2021-06-16,1748826.354059751,10
2021-06-17,1738521.7756597511,10
2021-06-18,1738348.514159751,10
2021-06-21,1743173.592359751,10
2021-06-22,1749661.135659751,10
2021-06-23,1765809.5888597507,10
2021-06-24,1775411.408959751,10
2021-06-25,1782569.188559751,10
2021-06-28,1784770.9262597512,10
2021-06-29,1771446.674959751,10
2021-06-30,1763635.887359751,10
2021-07-01,1769190.9571597513,10
2021-07-02,1760900.8791597509,10
2021-07-05,1767161.7544597513,10
2021-07-06,1779601.714659751,10
2021-07-07,1801543.782659751,10
2021-07-08,1778339.1007597512,10
2021-07-09,1799052.9784597508,10
2021-07-12,1815128.0093597511,10
2021-07-13,1824024.532159751,10
2021-07-14,1829601.821759751,10
2021-07-15,1827981.088759751,10
2021-07-16,1830027.0614597513,10
2021-07-19,1817068.271359751,10
2021-07-20,1813034.5626597507,10
2021-07-22,1857062.2829597509,10
2021-07-23,1861666.596759751,10
2021-07-26,1873803.2636597513,10
2021-07-27,1864705.2282597513,10
2021-07-28,1873665.0654597515,10
2021-07-29,1906162.9812597511,10
2021-07-30,1902320.377459751,10
2021-08-02,1914301.435159751,10
2021-08-03,1921961.487159751,10
2021-08-04,1915088.7578597507,10
2021-08-05,1921456.736159751,10
2021-08-06,1919410.8671597512,10
2021-08-09,1915100.437359751,10
2021-08-10,1881623.865163501,10
2021-08-11,1900800.6815635008,10
2021-08-12,1906948.924163501,10
2021-08-13,1909147.7020635009,10
2021-08-16,1913882.7852635006,10
2021-08-17,1909572.272763501,10
2021-08-18,1915145.640963501,10
2021-08-20,1875666.7459635013,10
2021-08-23,1861235.5374635009,10
2021-08-24,1897496.734163501,10
2021-08-25,1876300.463963501,10
2021-08-26,1861103.3111635009,10
2021-08-27,1871775.387263501,10
2021-08-30,1901982.6517635009,10
2021-08-31,1930408.798663501,10
2021-09-01,1919601.318763501,10
2021-09-02,1935751.440463501,10
2021-09-03,1941472.6812635008,10
2021-09-06,1944889.1205635008,10
2021-09-07,1943818.5316635012,10
2021-09-08,1937965.007363501,10
2021-09-09,1947381.9067635012,10
2021-09-13,1967109.1114635011,10
2021-09-14,1952867.247763501,10
2021-09-15,1956959.5219635009,10
2021-09-16,1942660.5777635009,10
2021-09-17,1926505.421863501,10
2021-09-20,1862783.087263501,10
2021-09-21,1888530.715833501,10
2021-09-22,1894991.2858335008,10
2021-09-23,1914660.7661335007,10
2021-09-24,1903916.7341335006,10
2021-09-27,1887060.9593335008,10
2021-09-28,1865160.6962335012,10
2021-09-29,1859904.989733501,10
2021-09-30,1855798.182833501,10
2021-10-01,1850614.3246335012,10
2021-10-04,1870539.744133501,10
2021-10-05,1874306.7286335009,10
2021-10-06,1854450.4495335012,10
2021-10-07,1861552.474433501,10
2021-10-08,1866668.164433501,10
2021-10-11,1877330.250533501,10
2021-10-12,1878067.403333501,10
2021-10-13,1895972.655333501,10
2021-10-14,1932565.2208335008,10
2021-10-18,1947803.416633501,10
2021-10-19,1930880.8141335011,10
2021-10-20,1913980.7873335013,10
2021-10-21,1898974.315633501,10
2021-10-22,1875125.4091335011,10
2021-10-25,1846674.5786575011,10
2021-10-26,1877061.879557501,10
2021-10-27,1875873.7810575007,10
2021-10-28,1851677.8363575009,10
2021-10-29,1851412.6144575009,10
2021-11-01,1890702.123957501,10
2021-11-02,1879798.3582575012,10
2021-11-03,1883839.640157501,10
2021-11-04,1888228.2398575011,10
2021-11-08,1933554.9567575012,10
2021-11-09,1926427.7773575012,10
2021-11-10,1925143.965257501,10
2021-11-11,1909767.0151575012,10
2021-11-12,1934869.2446575009,10
2021-11-15,1925158.157457501,10
2021-11-16,1920113.573157501,10
2021-11-17,1913223.4864575008,10
2021-11-18,1885711.1010575008,10
2021-11-22,1867194.4456575008,10
2021-11-23,1893270.1729575014,10
2021-11-24,1878525.1304575012,10
2021-11-25,1885082.961157501,10
2021-11-26,1809403.810657501,10
2021-11-29,1822179.0771442507,10
2021-11-30,1817129.604344251,10
2021-12-01,1829398.0741442512,10
2021-12-02,1861329.548744251,10
2021-12-03,1842911.0052442509,10
2021-12-06,1824388.896344251,10
2021-12-07,1845390.8811442507,10
2021-12-08,1872700.3276442508,10
2021-12-09,1869494.645644251,10
2021-12-10,1870935.5707442507,10
2021-12-13,1865423.225444251,10
2021-12-14,1859195.905244251,10
2021-12-15,1843110.239744251,10
2021-12-16,1844711.9955442508,10
2021-12-17,1813091.9767442506,10
2021-12-20,1733808.6626457511,10
2021-12-21,1751343.1864457512,10
2021-12-22,1768228.5035457509,10
2021-12-23,1784374.554745751,10
2021-12-24,1762112.078145751,10
2021-12-27,1760130.276245751,10
2021-12-28,1779088.555245751,10
2021-12-29,1762217.229045751,10
2021-12-30,1767521.0248457508,10
2021-12-31,1791961.454845751,10
2022-01-03,1812628.5063457508,10
2022-01-04,1817818.5022457512,10
2022-01-05,1817769.716045751,10
2022-01-06,1807348.441945751,10
2022-01-07,1825426.325445751,10
2022-01-10,1829472.7485457512,10
2022-01-11,1826002.812645751,10
2022-01-12,1837882.047345751,10
2022-01-13,1842839.258645751,10
2022-01-14,1841100.975645751,10
2022-01-17,1868921.9336457509,10
2022-01-18,1823648.595445751,10
2022-01-19,1803581.7373457511,10
2022-01-20,1813179.8820457512,10
2022-01-21,1784815.5053457513,10
2022-01-24,1729389.434545751,10
2022-01-25,1744154.1506207513,10
2022-01-27,1719974.683520751,10
2022-01-28,1724031.8906207508,10
2022-01-31,1741697.627220751,10
2022-02-01,1758296.199620751,10
2022-02-02,1768912.5515207513,10
2022-02-03,1754627.9898207514,10
2022-02-04,1761687.1959207512,10
2022-02-07,1731804.7818207513,10
2022-02-08,1714577.2299207512,10
2022-02-09,1724635.0371457515,10
2022-02-10,1740152.746545751,10
2022-02-11,1705215.902845751,10
2022-02-14,1642207.2136410011,10
2022-02-15,1669856.4664410013,10
2022-02-16,1666319.5268410011,10
2022-02-17,1671837.0171410013,10
2022-02-18,1671060.6215410011,10
2022-02-21,1640814.1793410012,10
2022-02-22,1634481.8778410014,10
2022-02-23,1644283.563341001,10
2022-02-24,1558521.8986180013,9
2022-02-25,1602373.4804180013,9
2022-02-28,1639540.1397180012,10
2022-03-02,1665423.950920001,10
2022-03-03,1691786.5692200009,10
2022-03-04,1668121.0020200012,10
2022-03-07,1645871.3219200012,10
2022-03-08,1657435.3445200014,10
2022-03-09,1676273.0462200013,10
2022-03-10,1705057.351620001,10
2022-03-11,1728820.6916200013,10
2022-03-14,1749437.1709200013,10
2022-03-15,1692942.4711200013,10
2022-03-16,1721824.128720001,10
2022-03-17,1748062.6373200014,10
2022-03-21,1752252.8128200013,10
2022-03-22,1781782.4085200015,10
2022-03-23,1779825.7849200012,10
2022-03-24,1794633.8288200013,10
2022-03-25,1773859.2308200013,10
2022-03-28,1782731.567520001,10
2022-03-29,1807842.1232200013,10
2022-03-30,1823543.3286200012,10
2022-03-31,1832139.1968200011,10
2022-04-01,1845392.1637200015,10
2022-04-04,1865496.5830200012,10
2022-04-05,1869629.0718200011,10
2022-04-06,1895450.2630200014,10
2022-04-07,1864434.206720001,10
2022-04-08,1901039.5005200012,10
2022-04-11,1919608.304320001,10
2022-04-12,1899770.135420001,10
2022-04-13,1914196.6360200015,10
2022-04-18,1895685.421920001,10
2022-04-19,1857038.3154200013,10
2022-04-20,1875417.2266200013,10
2022-04-21,1906035.8516200013,10
2022-04-22,1887653.7159200013,10
2022-04-25,1843130.7900200011,10
2022-04-26,1864027.035520001,10
2022-04-27,1831803.5526200014,10
2022-04-28,1832404.4864200011,10
2022-04-29,1811831.9335200011,10
2022-05-02,1822928.8030200012,10
2022-05-04,1793076.9638200009,10
2022-05-05,1792759.9116200013,10
2022-05-06,1754407.689420001,10
2022-05-09,1717619.218195001,10
2022-05-10,1699950.6417950015,9
2022-05-11,1633296.3208950013,5
2022-05-12,1613205.3566950012,4
2022-05-13,1619441.0808950013,4
2022-05-16,1621963.3566950012,4
2022-05-17,1649863.8050950011,4
2022-05-18,1670632.5913950014,4
2022-05-19,1650015.6808950012,4
2022-05-20,1664030.692995001,4
2022-05-23,1657616.5050950013,4
2022-05-24,1655300.4171950012,4
2022-05-25,1638768.1171950013,4
2022-05-26,1644658.3929950013,4
2022-05-27,1641624.9308950012,4
2022-05-30,1647551.8929950013,4
2022-05-31,1645129.3534950013,4
2022-06-01,1641142.0792950012,4
2022-06-02,1649499.3308950013,4
2022-06-03,1641750.7808950013,4
2022-06-06,1634026.8808950013,4
2022-06-07,1631432.942995001,4
2022-06-08,1629659.206695001,4
2022-06-09,1629830.7187950013,4
2022-06-10,1620864.1066950012,4
2022-06-13,1599721.182770001,2
2022-06-14,1602723.232770001,2
2022-06-15,1608814.782770001,2
2022-06-16,1596500.0827700011,2
2022-06-17,1599113.632770001,2
2022-06-20,1588105.382770001,2
2022-06-21,1593278.782770001,2
2022-06-22,1587541.232770001,2
2022-06-23,1595183.0827700011,2
2022-06-24,1596071.8827700012,2
2022-06-27,1597334.732770001,2
2022-06-28,1607380.732770001,2
2022-06-29,1610053.482770001,2
2022-06-30,1609651.9327700012,2
2022-07-01,1604851.8327700011,2
2022-07-04,1609376.782770001,2
2022-07-05,1612492.4327700012,2
2022-07-06,1616418.1327700012,2
2022-07-07,1611596.282770001,2
2022-07-08,1616392.3327700011,2
2022-07-11,1608737.732770001,2
2022-07-12,1607629.882770001,2
2022-07-13,1598837.1827700012,2
2022-07-14,1596199.8327700011,2
2022-07-15,1599957.282770001,2
2022-07-18,1610771.232770001,2
2022-07-19,1624509.382770001,2
2022-07-20,1627985.632770001,2
2022-07-21,1631623.3327700011,2
2022-07-22,1633158.632770001,2
2022-07-25,1635160.6827700012,2
2022-07-26,1632102.782770001,2
2022-07-27,1629620.982770001,2
2022-07-28,1627496.4327700012,2
2022-07-29,1638964.532770001,2
2022-08-01,1655038.8327700011,2
2022-08-02,1664060.2877700012,5
2022-08-03,1653138.141869001,8
2022-08-04,1639345.488969001,10
2022-08-05,1635857.070569001,10
2022-08-08,1649989.079369001,10
2022-08-10,1645872.231769001,10
2022-08-11,1655399.8717690012,10
2022-08-12,1654289.8405690014,10
2022-08-16,1672202.4681690012,10
2022-08-17,1689005.7745690013,10
2022-08-18,1690700.2737690012,10
2022-08-19,1675379.0745690013,10
2022-08-22,1656506.5753690014,10
2022-08-23,1689165.181369001,10
2022-08-24,1708029.7765690011,10
2022-08-25,1704467.2325690014,10
2022-08-26,1708085.9681690012,10
2022-08-29,1695238.0833690013,10
2022-08-30,1731836.7825690012,10
2022-09-01,1758861.560169001,10
2022-09-02,1771745.061369001,10
2022-09-05,1773208.3125690012,10
2022-09-06,1774959.8301690011,10
2022-09-07,1771263.6261690012,10
2022-09-08,1780174.6793690012,10
2022-09-09,1775308.2737690012,10
2022-09-12,1781875.3301690011,10
2022-09-13,1790482.561769001,10
2022-09-14,1787316.5689690013,10
2022-09-15,1797129.1633690011,10
2022-09-16,1767130.024169001,10
2022-09-19,1769368.0753690011,10
2022-09-20,1781611.3097690016,10
2022-09-21,1770096.7593690013,10
2022-09-22,1782497.912569001,10
2022-09-23,1746720.314169001,10
2022-09-26,1677694.4833690014,10
2022-09-27,1700916.7285690012,10
2022-09-28,1693741.7769690012,10
2022-09-29,1694294.6349690012,10
2022-09-30,1751214.763769001,10
2022-10-03,1718440.3277690015,10
2022-10-04,1753930.985769001,10
2022-10-06,1753392.768969001,10
2022-10-07,1778982.8645690011,10
2022-10-10,1752744.9745690008,10
2022-10-11,1724600.4261690013,10
2022-10-12,1723550.9345690012,10
2022-10-13,1720838.3905690012,10
2022-10-14,1716132.9245690012,10
2022-10-17,1734251.1161690012,10
2022-10-18,1750647.4269690013,10
2022-10-19,1744762.040169001,10
2022-10-20,1739196.087369001,10
2022-10-21,1730647.3349690014,10
2022-10-24,1736751.5785690013,10
2022-10-25,1751868.482169001,10
2022-10-27,1768496.6745690012,10
2022-10-28,1771390.1761690013,10
2022-10-31,1803009.331769001,10
2022-11-01,1809973.4269690013,10
2022-11-02,1805011.026569001,10
2022-11-03,1810809.2161690013,10
2022-11-04,1796449.622969001,10
2022-11-07,1820721.133369001,10
2022-11-09,1811152.615769001,10
2022-11-10,1797469.439769001,10
2022-11-11,1797530.165769001,10
2022-11-14,1809249.930969001,10
2022-11-15,1811222.718969001,10
2022-11-16,1799304.1245690011,10
2022-11-17,1801449.387369001,10
2022-11-18,1789856.437369001,10
2022-11-21,1789686.8189690013,10
2022-11-22,1788372.2865690012,10
2022-11-23,1799395.579769001,10
2022-11-24,1799065.972169001,10
2022-11-25,1813572.534169001,10
2022-11-28,1829565.8857690012,10
2022-11-29,1806352.8753690012,10
2022-11-30,1807628.3841690011,10
2022-12-01,1816491.2341690012,10
2022-12-02,1813702.0805690011,10
2022-12-05,1820301.182169001,10
2022-12-06,1801052.8889690011,10
2022-12-07,1790105.337769001,10
2022-12-08,1803699.9705690013,10
2022-12-09,1792191.6273690013,10
2022-12-12,1796502.019769001,10
2022-12-13,1814061.177769001,10
2022-12-14,1822718.222969001,10
2022-12-15,1803444.469369001,10
2022-12-16,1782424.4237690012,10
2022-12-19,1803659.036569001,10
2022-12-20,1802716.0293690013,10
2022-12-21,1780363.8849690012,10
2022-12-22,1751303.3605830013,10
2022-12-23,1671044.6496830012,10
2022-12-26,1699997.6343830011,9
2022-12-27,1715670.1824330012,10
2022-12-28,1713551.9531330015,10
2022-12-29,1719899.6496330013,10
2022-12-30,1729479.049633001,10
2023-01-02,1740202.9117330015,10
2023-01-03,1751259.1703330008,10
2023-01-04,1741621.891033001,10
2023-01-05,1737166.3910330012,10
2023-01-06,1710252.6117330012,10
2023-01-09,1729805.4031330014,10
2023-01-10,1731735.1824330012,10
2023-01-11,1719968.4531330012,10
2023-01-12,1707389.2531330013,10
2023-01-13,1691038.1445330014,10
2023-01-16,1683643.1945330012,10
2023-01-17,1686133.9531330015,10
2023-01-18,1686704.615233001,10
2023-01-19,1684845.6945330014,10
2023-01-20,1675554.165233001,10
2023-01-23,1675962.1531330014,10
2023-01-24,1676608.103133001,10
2023-01-25,1650161.9084330013,10
2023-01-27,1608608.9255910013,10
2023-01-30,1617059.6813910012,10
2023-01-31,1652721.1018910015,10
2023-02-01,1636084.0139910013,10
2023-02-02,1646074.4844910013,10
2023-02-03,1646211.1551910015,10
2023-02-06,1643167.9493910014,10
2023-02-07,1659287.3728910014,10
2023-02-08,1653766.1200910013,10
2023-02-09,1639363.529191001,10
2023-02-10,1646421.5407910014,10
2023-02-13,1618263.2642910015,9
2023-02-14,1619344.4077410016,10
2023-02-15,1633383.8936410015,10
2023-02-16,1633524.9469410013,10
2023-02-17,1616921.5648410013,10
2023-02-20,1613123.1850410013,10
2023-02-21,1597926.4529410014,10
2023-02-22,1579513.8708410014,10
2023-02-23,1582737.3024410016,10
2023-02-24,1601548.0774410015,9
2023-02-27,1578674.8188410015,9
2023-02-28,1588320.5388410015,9
2023-03-01,1611601.7537410015,9
2023-03-02,1607800.2244410014,9
2023-03-03,1611450.8388410015,9
2023-03-06,1634256.0974410016,9
2023-03-08,1655286.217941001,10
2023-03-09,1664267.0533410017,10
2023-03-10,1658521.0212410013,10
2023-03-13,1607574.3611910015,10
2023-03-14,1628887.6437910013,10
2023-03-15,1630292.8172910016,10
2023-03-16,1619427.5818910014,10
2023-03-17,1644760.8553910013,10
2023-03-20,1643350.7409910015,10
2023-03-21,1657203.0467910015,10
2023-03-22,1668324.8321910012,10
2023-03-23,1672945.8409910013,10
2023-03-24,1650549.4467910016,10
2023-03-27,1640919.5083910015,10
2023-03-28,1639517.4434910014,10
2023-03-29,1685428.8813910014,10
2023-03-31,1729671.8018910012,10
2023-04-03,1758607.3788910017,10
2023-04-05,1748005.6677910013,10
2023-04-06,1757557.9619910016,10
2023-04-10,1756704.0536910014,10
2023-04-11,1753789.8003910012,10
2023-04-12,1758134.9473910015,10
2023-04-13,1762434.1473910015,10
2023-04-17,1774116.0329910014,10
2023-04-18,1779404.8362910014,10
2023-04-19,1782588.6837910013,10
2023-04-20,1830267.4138910014,10
2023-04-21,1829891.4348910013,10
2023-04-24,1828880.4992910014,10
2023-04-25,1853588.9155910017,10
2023-04-26,1877919.8495910014,10
2023-04-27,1858125.3274910012,10
2023-04-28,1867346.5344660012,10
2023-05-02,1876553.0551660012,10
2023-05-03,1868495.2051660013,10
2023-05-04,1886196.8844660015,10
2023-05-05,1844477.662866001,10
2023-05-08,1862779.8128660014,10
2023-05-09,1807940.7491160014,10
2023-05-10,1823892.8491160013,10
2023-05-11,1820200.8577160016,10
2023-05-12,1809065.6284160013,10
2023-05-15,1816135.0577160013,10
2023-05-16,1804373.2077160014,10
2023-05-17,1831144.0921160015,10
2023-05-18,1834675.7921160015,10
2023-05-19,1836182.6921160016,10
2023-05-22,1827823.121416001,10
2023-05-23,1815064.4770660016,10
2023-05-24,1802836.3063660013,10
2023-05-25,1849409.4270660016,10
2023-05-26,1850318.4477660018,10
2023-05-29,1857887.0856660013,10
2023-05-30,1861801.9563660014,10
2023-05-31,1880588.0563660013,10
2023-06-01,1871193.8356660015,10
2023-06-02,1920963.4356660016,10
2023-06-05,1935289.1149660016,10
2023-06-06,1939826.7149660017,10
2023-06-07,1963412.2149660015,10
2023-06-08,1989823.2235660015,10
2023-06-09,2020559.3942660014,10
2023-06-12,2023409.5321660016,10
2023-06-13,2030690.3614660013,10
2023-06-14,2026672.1200660018,10
2023-06-15,2039368.6079660016,10
2023-06-16,2054977.9716660015,10
2023-06-19,2074687.0044660014,10
2023-06-20,2094101.8751660017,10
2023-06-21,2080457.1751660015,10
2023-06-22,2076074.1251660015,10
2023-06-23,2045319.7665660013,10
2023-06-26,2078755.3872660014,10
2023-06-27,2103815.4458660013,10
2023-06-28,2115634.342366001,10
2023-06-30,2128843.733766001,10
2023-07-03,2142950.021666001,10
2023-07-04,2133622.3009660016,10
2023-07-05,2142530.9181660013,10
2023-07-06,2163385.088866001,10
2023-07-07,2146792.0509660016,10
2023-07-10,2129590.433766001,10
2023-07-11,2188496.2509660013,10
2023-07-12,2266695.1130660013,10
2023-07-13,2265259.845866001,10
2023-07-14,2280209.454466001,10
2023-07-17,2297926.6423660014,10
2023-07-18,2288894.2423660015,10
2023-07-19,2327934.8216660013,10
2023-07-20,2349219.730266001,10
2023-07-21,2348458.200966001,10
2023-07-24,2355417.100966001,10
2023-07-25,2399679.800966001,10
2023-07-26,2401734.121666001,10
2023-07-27,2400309.5337660015,10
2023-07-28,2398225.3044660017,10
2023-07-31,2393481.654466001,10
2023-08-01,2407851.7630660012,10
2023-08-02,2365816.204466001,10
2023-08-03,2353393.4544660016,10
2023-08-04,2408891.933766001,10
2023-08-07,2471639.3837660016,10
2023-08-08,2494728.913066001,10
2023-08-09,2545522.054466001,10
2023-08-10,2560625.525166001,10
2023-08-11,2537163.325166001,10
2023-08-14,2542366.2458660016,10
2023-08-16,2571854.8079660013,10
2023-08-17,2551055.4872660013,10
2023-08-18,2513402.6993660014,10
2023-08-21,2541101.566566001,10
2023-08-22,2585084.825166001,10
2023-08-23,2626865.063066001,10
2023-08-24,2661286.8251660015,10
2023-08-25,2666279.1665660013,10
2023-08-28,2646876.3872660017,10
2023-08-29,2598191.816566001,10
2023-08-30,2635335.8665660014,10
2023-08-31,2695507.645866001,10
2023-09-01,2693570.245866001,10
2023-09-04,2703408.875166001,10
2023-09-05,2729099.900966001,10
2023-09-06,2718343.330266001,10
2023-09-07,2720624.509566001,10
2023-09-08,2745245.030266001,10
2023-09-11,2755996.0595660014,10
2023-09-12,2645568.330266001,10
2023-09-13,2599975.823231002,10
2023-09-14,2631913.7202310013,10
2023-09-15,2667880.7893310017,10
2023-09-18,2647360.3918310017,10
2023-09-20,2609128.260971002,10
2023-09-21,2611835.8856710014,10
2023-09-22,2620215.8718710016,10
2023-09-25,2623726.3490710016,10
2023-09-26,2621963.8725710013,10
2023-09-27,2635160.580071002,10
2023-09-28,2619900.996571001,10
2023-09-29,2631594.393871002,10
2023-10-03,2652667.3011710015,10
2023-10-04,2617874.6449710014,10
2023-10-05,2627919.701471002,10
2023-10-06,2639103.8935710015,10
2023-10-09,2590897.2183710015,10
2023-10-10,2648443.9279710017,10
2023-10-11,2668270.2991710017,10
2023-10-12,2674506.6026710016,10
2023-10-13,2669953.608771002,10
2023-10-16,2663710.2189710014,10
2023-10-17,2684418.3207710013,10
2023-10-18,2667111.327271002,10
2023-10-19,2674354.161571001,10
2023-10-20,2663797.863671002,10
2023-10-23,2594554.1155710015,10
2023-10-25,2590135.612281752,10
2023-10-26,2565060.399781752,10
2023-10-27,2600487.864081752,10
2023-10-30,2615186.2985817515,10
2023-10-31,2602093.268281752,10
2023-11-01,2581355.3069817517,10
2023-11-02,2606072.5153817516,10
2023-11-03,2635478.7053817515,10
2023-11-06,2658597.5174817517,10
2023-11-07,2663006.732181752,10
2023-11-08,2680830.800581752,10
2023-11-09,2677444.1822817517,10
2023-11-10,2681955.7094817515,10
2023-11-12,2695854.1106817513,10
2023-11-13,2725870.331281752,10
2023-11-15,2731880.4424817516,10
2023-11-16,2749133.589281752,10
2023-11-17,2727781.3815817516,10
2023-11-20,2723795.466681752,10
2023-11-21,2716117.6235817517,10
2023-11-22,2701103.550881752,10
2023-11-23,2700866.743781752,10
2023-11-24,2690487.577481752,10
2023-11-28,2717855.150681752,10
2023-11-29,2730360.7285817517,10
2023-11-30,2743087.9594817515,10
2023-12-01,2755398.333781752,10
2023-12-04,2793198.4564817515,10
2023-12-05,2805840.3212817516,10
2023-12-06,2797238.3385817516,10
2023-12-07,2774331.192895502,10
2023-12-08,2766020.5229955013,10
2023-12-11,2787111.499795502,10
2023-12-12,2774213.5079955016,10
2023-12-13,2795186.974795501,10
2023-12-14,2823812.8148955014,10
2023-12-15,2825695.8327955017,10
2023-12-18,2848488.6215955014,10
2023-12-19,2860806.5212955014,10
2023-12-20,2778009.9502955014,10
2023-12-21,2806819.0166955017,10
2023-12-22,2833040.4764955016,10
2023-12-26,2827953.5701955017,10
2023-12-27,2861689.119695502,10
2023-12-28,2881723.6269955016,10
2023-12-29,2886000.9076955016,10
2024-01-01,2896179.8454955015,10
2024-01-02,2914826.4567955015,10
2024-01-03,2932916.084895502,10
2024-01-04,2951686.8573955013,10
2024-01-05,2961082.058595502,10
2024-01-08,2939992.3698955015,10
2024-01-09,2966720.4929955015,10
2024-01-10,2959091.6222955016,10
2024-01-11,2998342.9485955015,10
2024-01-12,3007329.999195501,10
2024-01-15,3009322.0285955016,10
2024-01-16,2997818.0391955012,10
2024-01-17,2957053.2272955016,10
2024-01-18,2961411.8772955015,10
2024-01-19,3016233.1572955013,10
2024-01-23,2981074.7716955016,10
2024-01-24,3029371.1423955015,10
2024-01-25,3058226.5254955017,10
2024-01-29,3119609.5217955015,10
2024-01-30,3120461.5348955016,10
2024-01-31,3161691.3898955015,10
2024-02-01,3169941.9642955014,10
2024-02-02,3213885.6273955014,10
2024-02-05,3232901.9798955014,10
2024-02-06,3234685.6136955013,10
2024-02-07,3266297.649895502,10
2024-02-08,3272701.0018955013,10
2024-02-09,3278374.8143955013,10
2024-02-12,3232391.3148955014,10
2024-02-13,3290724.4224955016,10
2024-02-14,3336884.0086955014,10
2024-02-15,3388125.6824955014,10
2024-02-16,3436562.7599955015,10
2024-02-19,3424500.8974955017,10
2024-02-20,3408739.5555955013,10
2024-02-21,3391990.758095502,10
2024-02-22,3449191.1124955015,10
2024-02-23,3435405.349295501,10
2024-02-26,3411605.2692955015,10
2024-02-27,3416486.6355955014,10
2024-02-28,3370795.7223955016,10
2024-02-29,3382321.2461955016,10
2024-03-01,3420688.9405955016,10
2024-03-04,3462653.1993955015,10
2024-03-05,3491427.0737955016,10
2024-03-06,3496729.5580955013,10
2024-03-07,3502407.1455955016,10
2024-03-11,3470255.4811955015,10
2024-03-12,3449466.431795501,10
2024-03-13,3312882.5448955013,10
2024-03-14,3375064.383695501,10
2024-03-15,3395097.149295502,10
2024-03-18,3410594.2667955016,10
2024-03-19,3389201.169895502,10
2024-03-20,3408889.4611955015,10
2024-03-21,3467610.1073955013,10
2024-03-22,3508332.313695501,10
2024-03-26,3531905.2205955014,10
2024-03-27,3538711.8036955013,10
2024-03-28,3560901.3536955016,10
2024-04-01,3586687.639295501,10
2024-04-02,3602603.8699955014,10
2024-04-03,3625565.0930955014,10
2024-04-04,3649946.2473955015,10
2024-04-05,3689919.5580955013,10
2024-04-08,3693523.3424955015,10
2024-04-09,3665132.4917955017,10
2024-04-10,3717820.0224955017,10
2024-04-12,3699932.9149955017,10
2024-04-15,3664246.6405955013,10
2024-04-16,3646898.326895502,10
2024-04-18,3649946.8524955017,10
2024-04-19,3642936.6817955016,10
2024-04-22,3698051.1580955014,10
2024-04-23,3673065.9580955016,10
2024-04-24,3664665.9167955015,10
2024-04-25,3689594.0092955013,10
2024-04-26,3718370.1555955014,10
2024-04-29,3732175.3242955017,10
2024-04-30,3771140.0442955014,10
2024-05-02,3792428.9130955017,10
2024-05-03,3799896.1455955016,10
2024-05-06,3731692.8593955017,10
2024-05-07,3658990.6668955013,10
2024-05-08,3708398.219395501,10
2024-05-09,3667028.304295501,10
2024-05-10,3734335.2993955016,10
2024-05-13,3738413.9849955016,10
2024-05-14,3757053.5142955016,10
2024-05-15,3771898.7199955015,10
2024-05-16,3801241.8330955016,10
2024-05-17,3806375.071895501,10
2024-05-21,3821491.1099955016,10
2024-05-22,3815955.043795502,10
2024-05-23,3826152.5237955013,10
2024-05-24,3820712.0224955017,10
2024-05-27,3834327.1262955014,10
2024-05-28,3796191.7224955014,10
2024-05-29,3804734.0262955013,10
2024-05-30,3781827.0180955012,10
2024-05-31,3800475.4449955015,10
2024-06-03,3871268.043795502,10
2024-06-04,3305623.100786502,6
2024-06-05,3385249.044536502,8
2024-06-06,3454726.360911502,10
2024-06-07,3533750.6459115027,10
2024-06-10,3549657.280911502,10
2024-06-11,3601781.6159115024,10
2024-06-12,3643460.795911502,10
2024-06-13,3679054.2259115027,10
2024-06-14,3732968.490911503,10
2024-06-18,3796477.6659115027,10
2024-06-19,3789079.7409115024,10
2024-06-20,3828308.5209115027,10
2024-06-21,3810670.3159115026,10
2024-06-24,3818171.7459115027,10
2024-06-25,3826331.975911502,10
2024-06-26,3837382.1109115025,10
2024-06-27,3847548.355911502,10
2024-06-28,3856699.425911503,10
2024-07-01,3951068.720911503,10
2024-07-02,3926113.805911503,10
2024-07-03,3954987.8159115026,10
2024-07-04,3953358.8059115023,10
2024-07-05,3970016.3309115027,10
2024-07-08,3971161.7309115026,10
2024-07-09,4023805.8459115024,10
2024-07-10,3994479.7459115023,10
2024-07-11,4029725.6259115026,10
2024-07-12,4009113.5059115025,10
2024-07-15,4013957.0959115024,10
2024-07-16,4015994.415911502,10
2024-07-18,3956581.735911503,10
2024-07-19,3843695.3954865024,10
2024-07-22,3888893.6654865025,10
2024-07-23,3874060.1754865027,10
2024-07-24,3938944.3754865024,10
2024-07-25,4004529.665486502,10
2024-07-26,4050473.505486503,10
2024-07-29,4087392.755486503,10
2024-07-30,4071998.4254865022,10
2024-07-31,4113505.7554865023,10
2024-08-01,4074456.9854865023,10
2024-08-02,4036147.6454865024,10
2024-08-05,3909832.0254865023,10
2024-08-06,3942641.8854865027,10
2024-08-07,4019845.785486502,10
2024-08-08,3996488.6954865023,10
2024-08-09,4028493.075486502,10
2024-08-12,4115774.5254865023,10
2024-08-13,4094501.7654865026,10
2024-08-14,4061061.4454865023,10
2024-08-16,4199942.805486502,10
2024-08-19,4285927.525486503,10
2024-08-20,4346618.565486502,10
2024-08-21,4389894.925486501,10
2024-08-22,4428416.605486502,10
2024-08-23,4495965.475486502,10
2024-08-26,4478152.395486502,10
2024-08-27,4482932.8754865015,10
2024-08-28,4505793.015486501,10
2024-08-29,4512958.4154865015,10
2024-08-30,4569127.205486502,10
2024-09-02,4531287.765486502,10
2024-09-03,4605481.325486502,10
2024-09-04,4651178.875486502,10
2024-09-05,4660069.225486502,10
2024-09-06,4593591.295486502,10
2024-09-09,4629638.9554865025,10
2024-09-10,4667028.005486502,10
2024-09-11,4676976.255486501,10
2024-09-12,4763868.625486502,10
2024-09-13,4769741.405486502,10
2024-09-16,4839162.725486502,10
2024-09-17,4855560.535486502,10
2024-09-18,4856867.425486502,10
2024-09-19,4792643.355486501,10
2024-09-20,4859354.905486502,10
2024-09-23,4935256.655486502,10
2024-09-24,5023102.895486502,10
2024-09-25,5107254.965486502,10
2024-09-26,5111350.265486501,10
2024-09-27,5087341.185486502,10
2024-09-30,5039810.125486502,10
2024-10-01,5021972.715486502,10
2024-10-03,4925412.505486501,10
2024-10-04,4863006.135486502,10
2024-10-07,4680897.520486502,10
2024-10-08,4754444.005986503,10
2024-10-09,4775475.265986502,10
2024-10-10,4782090.095986503,10
2024-10-11,4829146.8359865025,10
2024-10-14,4886843.665986503,10
2024-10-15,4915350.575986503,10
2024-10-16,4930067.735986503,10
2024-10-17,4773588.356986502,10
2024-10-18,4814108.636986503,10
2024-10-21,4774175.566986503,10
2024-10-22,4683483.476986503,10
2024-10-23,4726783.196986503,10
2024-10-24,4676176.446986502,10
2024-10-25,4549326.686986502,10
2024-10-28,4599496.686986502,10
2024-10-29,4648443.866986503,10
2024-10-30,4596290.206986502,10
2024-10-31,4592082.246986503,10
2024-11-01,4623373.716986503,10
2024-11-04,4615368.596986502,10
2024-11-05,4653932.846986502,10
2024-11-06,4785447.786986502,10
2024-11-07,4779623.476986503,10
2024-11-08,4745153.316986502,10
2024-11-11,4717347.506986503,10
2024-11-12,4661505.156986503,10
2024-11-13,4526017.212736502,10
2024-11-14,4571738.192736503,10
2024-11-18,4557683.732736503,10
2024-11-19,4601642.732736503,10
2024-11-21,4609285.192736503,10
2024-11-22,4623717.902736503,10
2024-11-25,4650194.402736503,10
2024-11-26,4639942.092736502,10
2024-11-27,4667133.642736502,10
2024-11-28,4644326.082736502,10
2024-11-29,4686140.942736503,10
2024-12-02,4747389.652736503,10
2024-12-03,4741646.682736503,10
2024-12-04,4734439.372736502,10
2024-12-05,4748717.362736503,10
2024-12-06,4755930.772736502,10
2024-12-09,4809203.052736503,10
2024-12-10,4791582.152736503,10
2024-12-11,4811902.992736503,10
2024-12-12,4798189.402736503,10
2024-12-13,4821958.705836502,10
2024-12-16,4861885.315836502,10
2024-12-17,4834301.035836503,10
2024-12-18,4797251.445836503,10
2024-12-19,4743309.005836502,10
2024-12-20,4627277.115836503,10
2024-12-23,4626961.035836503,10
2024-12-24,4636764.825836502,10
2024-12-26,4627667.745836503,10
2024-12-27,4621523.185836502,10
2024-12-30,4681253.105836502,10
2024-12-31,4697763.156886503,10
2025-01-01,4732050.686886502,10
2025-01-02,4783097.396886502,10
2025-01-03,4776987.166886504,10
2025-01-06,4650207.576886503,10
2025-01-07,4703661.586886503,10
2025-01-08,4650624.716886504,10
2025-01-09,4558404.946886503,10
2025-01-10,4467752.459686503,9
2025-01-13,4343355.211286503,8
2025-01-14,4388918.141286503,8
2025-01-15,4471606.751286503,8
2025-01-16,4482378.161286503,8
2025-01-17,4503240.531286503,8
2025-01-20,4528682.159486502,7
2025-01-21,4397958.026486503,6
2025-01-22,4368912.726486503,6
2025-01-23,4368212.926486503,6
2025-01-24,4307788.996486504,6
2025-01-27,4215340.220086504,3
2025-01-28,4204107.352586503,2
2025-01-29,4201794.612586504,2
2025-01-30,4210869.572586504,2
2025-01-31,4209640.272586504,2
2025-02-03,4208959.172586503,2
2025-02-04,4212064.4625865035,2
2025-02-05,4214754.342586503,2
2025-02-06,4203933.792586504,2
2025-02-07,4223745.632586503,2
2025-02-10,4226202.472586503,2
2025-02-11,4223932.642586503,2
2025-02-12,4228078.602586503,2
2025-02-13,4226467.0025865035,2
2025-02-14,4226219.122586504,2
2025-02-17,4216062.632586503,2
2025-02-18,4213390.832586504,2
2025-02-19,4207799.862586504,2
2025-02-20,4210933.9625865035,2
2025-02-21,4204773.202586504,2
2025-02-24,4196496.782586504,2
2025-02-25,4204056.672586503,2
2025-02-27,4206387.672586503,2
2025-02-28,4184398.3425865034,2
2025-03-03,4186053.6245865035,1
2025-03-04,4180757.074586503,1
2025-03-05,4191868.1745865033,1
2025-03-06,4194108.5245865034,1
2025-03-07,4195092.724586504,1
2025-03-10,4195157.474586504,1
2025-03-11,4203445.474586504,1
2025-03-12,4198239.574586503,1
2025-03-13,4195558.924586503,1
2025-03-17,4197281.274586503,1
2025-03-18,4194212.1245865035,1
2025-03-19,4196763.274586503,1
2025-03-20,4214401.174586503,1
2025-03-21,4219723.624586503,1
2025-03-24,4217910.624586503,1
2025-03-25,4220940.924586503,1
2025-03-26,4223025.874586503,1
2025-03-27,4219438.724586504,1
2025-03-28,4221692.024586503,1
2025-04-01,4219296.274586503,1
2025-04-02,4227182.824586503,1
2025-04-03,4224955.424586503,1
2025-04-04,4224294.974586504,1
2025-04-07,4209583.774586503,1
2025-04-08,4218325.024586503,1
2025-04-09,4217068.874586503,1
2025-04-11,4227700.824586503,1
2025-04-15,4238630.624586503,1
2025-04-16,4244794.824586503,1
2025-04-17,4262018.324586503,1
2025-04-21,4260542.024586503,1
2025-04-22,4252461.224586504,1
2025-04-23,4260075.824586503,1
2025-04-24,4250751.824586503,1
2025-04-25,4243396.224586504,1
2025-04-28,4244587.624586503,1
2025-04-29,4245105.624586503,1
2025-04-30,4255646.924586503,1
2025-05-02,4252383.524586503,1
2025-05-05,4256035.424586503,1
2025-05-06,4265100.424586503,1
2025-05-07,4264012.624586503,1
2025-05-08,4258340.524586503,1
2025-05-09,4251477.024586503,1
2025-05-12,4257278.624586503,1
2025-05-13,4244276.824586503,1
2025-05-14,4247799.224586504,1
2025-05-15,4256346.224586504,1
2025-05-16,4242567.424586503,1
2025-05-19,4243681.124586503,1
2025-05-20,4241246.524586503,1
2025-05-21,4244768.924586503,1
2025-05-22,4247074.024586503,1
2025-05-23,4247151.724586504,1
2025-05-26,4251218.024586503,1
2025-05-27,4250285.624586503,1
2025-05-28,4253471.324586503,1
2025-05-29,4255413.824586503,1
2025-05-30,4253497.224586504,1
2025-06-02,4252953.324586503,1
2025-06-03,4249638.124586503,1
2025-06-04,4258470.024586503,1
2025-06-05,4259350.624586503,1
2025-06-06,4254156.912586504,4
2025-06-09,4273619.555336503,7
2025-06-10,4240594.279061504,10
2025-06-11,4229268.669061504,10
2025-06-12,4163555.699061503,10
2025-06-13,4152328.1390615036,10
2025-06-16,4174574.3890615036,10
2025-06-17,4118402.4690615027,10
2025-06-18,4093207.5990615035,10
2025-06-19,4029071.4990615034,10
2025-06-20,4097148.7590615037,10
2025-06-23,4133534.709061503,10
2025-06-24,4208058.689061503,10
2025-06-25,4251144.499061503,10
2025-06-26,4294103.119061504,10
2025-06-27,4291014.8290615035,10
2025-06-30,4337568.279061504,10
2025-07-01,4343925.419061504,10
2025-07-02,4341887.709061503,10
2025-07-03,4332638.2890615035,10
2025-07-04,4316717.679061504,10
2025-07-07,4296576.269061504,10
2025-07-08,4272667.749061504,10
2025-07-09,4283761.179061504,10
2025-07-10,4282191.269061504,10
2025-07-11,4232882.369061504,10
2025-07-14,4212075.639061503,10
2025-07-15,4251454.839061503,10
2025-07-16,4271362.429061503,10
2025-07-17,4230586.089061504,10
2025-07-18,4225851.999061503,10
2025-07-21,4202268.619061504,10
2025-07-22,4164588.579061503,10
2025-07-23,4167102.989061503,10
2025-07-24,4172962.1990615036,10
2025-07-25,4081795.8923865035,10
2025-07-28,4029548.9428305035,10
2025-07-29,4064827.8648305037,10
2025-07-30,4029655.062430503,10
2025-07-31,3983844.5904305037,10
2025-08-01,3910610.981230504,10
2025-08-04,3979815.3284305036,10
2025-08-05,3966386.6876305034,10
2025-08-06,3946556.799630504,10
2025-08-07,3935773.4266305035,10
2025-08-08,3877967.603830504,10
2025-08-11,3895994.3170305034,10
2025-08-12,3892825.813430504,10
2025-08-13,3909877.284230504,10
2025-08-14,3908022.147830504,10
2025-08-18,3949233.362630504,10
2025-08-19,4011009.2638305034,10
2025-08-20,4010468.714230504,10
2025-08-21,3979937.8986305036,10
2025-08-22,3954908.6438305033,10
2025-08-25,3954877.6146305045,10
2025-08-26,3893577.2598305037,10
2025-08-28,3858112.5406305036,10
2025-08-29,3848843.563830504,10
2025-09-01,3905212.869830504,10
2025-09-02,3915638.276230504,10
2025-09-03,3951066.239830504,10
2025-09-04,3912990.8410305036,10
2025-09-05,3934210.760230504,10
2025-09-08,3967380.011830504,10
2025-09-09,3964002.565030504,10
2025-09-10,3978107.856230504,10
2025-09-11,3974398.1454305043,10
2025-09-12,4026412.9178305035,10
2025-09-15,4060129.621030504,10
2025-09-16,4067575.333030504,10
2025-09-17,4103787.5822305046,10
2025-09-18,4117322.499830504,10
2025-09-19,4132185.5078305043,10
2025-09-22,4141670.655430504,10
2025-09-23,4155619.507030504,10
2025-09-24,4132796.1326305037,10
2025-09-25,4094011.705430504,10
2025-09-26,4032567.2702305038,10
2025-09-29,4059369.3186305044,10
2025-09-30,4061403.029630504,10
2025-10-01,4095522.802830504,10
2025-10-03,4123471.4188305037,10
2025-10-06,4145698.008830504,10
2025-10-07,4138980.885230504,10
2025-10-08,4121871.0956305037,10
2025-10-09,4122525.227630504,10
2025-10-10,4159219.3372305036,10
2025-10-13,4142771.8536305036,10
2025-10-14,4049471.041930504,10
2025-10-15,4102841.0467305044,10
2025-10-16,4105599.6727305036,10
2025-10-17,4079164.6383305043,10
2025-10-20,4173849.823130504,10
2025-10-21,4162757.8931305036,10
2025-10-23,4114224.5679305047,10
2025-10-24,4114549.3027305035,10
2025-10-27,4185002.590330504,10
2025-10-28,4185466.4539305037,10
2025-10-29,4225003.609530503,10
2025-10-30,4228528.145530503,10
2025-10-31,4220366.819530504,10
2025-11-03,4252939.492330504,10
2025-11-04,4215015.284330504,10
2025-11-06,4186500.9803305035,10
2025-11-07,4181989.6968805045,10
2025-11-10,4174953.8968805037,10
2025-11-11,4195653.146880504,10
2025-11-12,4226738.246880504,10
2025-11-13,4228201.896880505,10
2025-11-14,4242702.396880504,10
2025-11-17,4283604.146880504,10
2025-11-18,4289409.196880504,10
2025-11-19,4293664.996880504,10
2025-11-20,4287257.296880504,10
2025-11-21,4243886.896880504,10
2025-11-24,4209157.196880504,10
2025-11-25,4226294.196880504,10
2025-11-26,4260956.596880504,10
2025-11-27,4239682.146880504,10
2025-11-28,4228926.996880504,10
2025-12-01,4221994.996880504,10
2025-12-02,4220415.446880504,10
2025-12-03,4156682.1968805036,10
2025-12-04,4187644.4468805036,10
2025-12-05,4196970.100880505,9
2025-12-08,4110514.8078805036,8
2025-12-09,4146360.9578805035,8
2025-12-10,4120699.9078805037,8
2025-12-11,4139774.107880504,8
2025-12-12,4180260.957880504,8
2025-12-15,4174462.107880504,8
2025-12-16,4158640.257880504,8
2025-12-17,4149667.357880504,8
2025-12-18,4168154.057880504,8
2025-12-19,4201562.607880504,8
2025-12-22,4262454.7078805035,8
2025-12-23,4259130.507880504,8
2025-12-24,4286952.407880504,8
2025-12-26,4306237.257880504,8
2025-12-29,4306567.907880504,8
2025-12-30,4391011.807880504,8
2025-12-31,4405801.407880504,8
2026-01-01,4419704.057880504,8
2026-01-02,4472488.707880504,8
2026-01-05,4472220.407880504,8
2026-01-06,4493258.107880505,8
2026-01-07,4471910.807880504,8
2026-01-08,4381180.107880505,8
2026-01-09,4356119.357880504,8
2026-01-12,4384127.607880504,8
2026-01-13,4368449.357880504,8
2026-01-14,4406581.307880504,8
2026-01-16,4400556.257880504,8
2026-01-19,4374959.207880504,8
2026-01-20,4292420.857880504,8
2026-01-21,4298630.057880504,8
2026-01-22,4303615.707880504,8
2026-01-23,4233870.657880505,8
2026-01-27,4288108.557880504,8
2026-01-28,4387107.257880504,8
2026-01-29,4481231.757880504,8
2026-01-30,4397582.757880504,8
2026-02-01,4213607.506880503,7
2026-02-02,4260852.256880504,7
2026-02-03,4352956.856880504,7
2026-02-04,4384865.6568805035,7
2026-02-05,4371646.356880504,7
2026-02-06,4407054.806880504,7
2026-02-09,4428192.056880504,7
2026-02-10,4413375.956880504,7
2026-02-11,4416226.506880503,7
2026-02-12,4420771.256880503,7
2026-02-13,4376205.356880504,7
2026-02-16,4409379.806880504,7
2026-02-17,4460032.606880504,7
2026-02-18,4486595.1568805035,7
2026-02-19,4461694.9068805035,7
2026-02-20,4490687.856880505,7
2026-02-23,4514026.056880504,7
2026-02-24,4514885.106880504,7
2026-02-25,4540143.1568805035,7
2026-02-26,4566946.606880504,7
2026-02-27,4525233.006880503,7
2026-03-02,4472379.456880504,7
2026-03-04,4384922.556880504,6
2026-03-05,4422547.456880503,6
2026-03-06,4378772.356880504,6
2026-03-09,4305250.456880504,6
2026-03-10,4306396.4068805035,6
2026-03-11,4232595.4068805035,6
2026-03-12,4236406.206880503,6
2026-03-13,4170989.8868805035,5
2026-03-16,4161836.0868805037,5
2026-03-17,4189838.8368805037,5
2026-03-18,4219913.786880504,5
2026-03-19,4151762.9868805036,5
2026-03-20,4188342.786880504,5
2026-03-23,4102477.9168805033,3
2026-03-24,4121909.6168805035,3
2026-03-25,4144197.3668805035,3
2026-03-27,4113065.607880504,2
2026-03-30,4089083.607880504,2
2026-04-01,4105197.607880504,2
2026-04-02,4106330.557880504,2
2026-04-06,4130543.2078805035,2
2026-04-07,4132679.957880504,2
2026-04-08,4154777.9078805037,2
2026-04-09,4147178.357880504,2
2026-04-10,4155998.007880504,2
2026-04-13,4147972.857880504,2
2026-04-15,4148950.057880504,2
2026-04-16,4139852.1578805037,2
2026-04-17,4141006.107880504,2
2026-04-20,4143460.6578805037,2
2026-04-21,4149724.257880504,2
2026-04-22,4139236.507880504,2
2026-04-23,4135298.307880504,2
2026-04-24,4140599.757880504,2
2026-04-27,4130311.1578805037,2
2026-04-28,4147301.2078805035,2
2026-04-29,4186689.1578805037,2
2026-04-30,4180005.2078805035,2
2026-05-04,4155875.1578805037,2
2026-05-05,4154189.9078805037,2
2026-05-06,4165296.807880504,2
2026-05-07,4214464.651305504,5
2026-05-08,4250778.164555505,8
2026-05-11,4136575.778605504,10
2026-05-12,4017057.7486055046,10
2026-05-13,4025595.278605504,10
2026-05-14,4077560.2586055044,10
2026-05-15,4078384.6006055046,9
2026-05-18,4020197.3006055043,9
2026-05-19,4068478.030605504,9
2026-05-20,4125903.2506055045,9
2026-05-21,4155240.850605504,9
2026-05-22,4142880.110605505,9
2026-05-25,4207226.150605504,9
2026-05-26,4228330.970605504,9
2026-05-27,4204579.015605505,10
2026-05-29,4159263.6487055044,10
2026-06-01,4127167.5495055043,10
2026-06-02,4190459.7247055047,10
2026-06-03,4168673.699905504,10
2026-06-04,4197553.835905505,10
2026-06-05,4186473.6267055045,10
2026-06-08,4158538.063105504,10
2026-06-09,4212461.765105505,10
2026-06-10,4120192.9191055046,10
2026-06-11,4036830.0597055038,9
2026-06-12,4140393.529705504,9
2026-06-15,4191935.404505504,9
2026-06-16,4224574.860105504,10
2026-06-17,4243014.640105505,10
2026-06-18,4249024.112905504,10
2026-06-19,4344655.647305504,10
2026-06-22,4348320.698505504,10
2026-06-23,4365066.167305504,10
2026-06-24,4323802.708105504,10
2026-06-25,4275159.628105504,10
2026-06-29,4294931.062905504,10
2026-06-30,4324972.817805504,10
2026-07-01,4288257.188605504,10
2026-07-02,4334649.503805504,10
2026-07-03,4375054.474205504,10
2026-07-06,4354478.313405504,10
2026-07-07,4292184.741405505,10
2026-07-08,4234491.960205504,10
2026-07-09,4351665.627805504,10
2026-07-10,4461642.809805504,10
2026-07-13,4412377.237805504,10
2026-07-14,4383068.782605504,10
2026-07-15,4379443.106605504,10
2026-07-16,4396592.897005504,10
2026-07-17,4364730.942605504,10
2026-07-20,4382840.555805504,10
2026-07-21,4408502.682205505,10
2026-07-22,4347059.317030504,10
2026-07-23,4293328.492630504,10
2026-07-24,4296205.4090305045,10
2026-07-27,4377054.855030504,10
2026-07-28,4334311.626630504,10
2026-07-29,4334685.395030504,10
2026-07-30,4327710.8054305045,10
2026-07-31,4369754.936230505,10
2026-08-03,4442403.947030504,10
2026-08-04,4493897.609830505,10
2026-08-05,4608564.883430505,10
2026-08-06,4622025.986230505,10
2026-08-07,4757561.669030505,10
2026-08-10,4891994.6190305045,10
2026-08-11,4994778.259430504,10
2026-08-12,5066976.073030505,10
2026-08-13,5048994.317430505,10
2026-08-14,5107637.4150305055,10
2026-08-17,5035711.101030504,9
2026-08-18,5109342.692630504,10
2026-08-19,5018045.907430504,10
2026-08-20,5088479.400630505,10
2026-08-21,5042857.385430505,10
2026-08-24,5059250.817830504,10
2026-08-25,5073084.922230504,10
2026-08-26,5202853.170230504,10
2026-08-27,5206337.509830505,10
2026-08-28,5226809.158230504,10
2026-08-31,5277115.329830504,10
2026-09-01,5183460.163630504,10
2026-09-02,5235021.213630505,10
2026-09-03,5373544.113630504,10
2026-09-04,5313256.263630505,10
2026-09-07,5317401.613630504,10
2026-09-08,5403737.463630505,10
2026-09-09,5413122.912630505,10
