start,end,years,final_equity,total_return_pct,cagr_pct,max_dd_pct,calmar,sharpe,trades,avg_open_positions,exposure_pct,win_rate_pct,avg_win_pct,avg_loss_pct,avg_ret_pct,median_ret_pct,profit_factor,avg_r,avg_hold,best_pct,worst_pct,is_cagr,is_dd,oos_cagr,oos_dd,label,top10_share_pct
2017-10-16,2026-09-09,8.9,6069058,507.9,22.49,-26.46,0.85,1.28,169,7.85,78.5,43.2,54.16,-12.92,16.06,-5.36,2.84,0.79,102.2,333.2,-20.4,13.6,-22.5,35.9,-26.5,base @5cr,51
2017-10-16,2026-09-09,8.9,6831273,584.1,24.12,-24.94,0.97,1.36,169,7.85,78.5,43.2,54.16,-12.92,16.06,-5.36,2.85,0.79,102.2,333.2,-20.4,15.5,-21.4,37.1,-24.9,yield 6%,52
2017-10-16,2026-09-09,8.9,7208250,621.8,24.87,-23.9,1.04,1.31,164,7.68,76.8,42.1,50.54,-12.82,13.84,-5.93,3.14,0.58,103.0,317.6,-20.4,14.5,-22.0,41.0,-23.9,yield 6% + pyramid +10%/50%,53
2017-10-16,2026-09-09,8.9,6878601,588.8,24.22,-25.86,0.94,1.32,161,7.77,77.7,40.4,50.15,-12.55,12.76,-5.36,2.99,0.47,106.2,287.2,-20.4,14.9,-22.5,38.2,-25.9,yield 6% + pyramid +25%/50%,58
2017-10-16,2026-09-09,8.9,6453734,546.3,23.33,-20.92,1.12,1.29,194,7.39,73.9,38.1,50.88,-10.56,12.87,-3.09,2.67,0.64,83.8,221.7,-20.4,12.8,-20.8,39.6,-20.9,yield 6% + dead money 60,49
2017-10-16,2026-09-09,8.9,7731226,674.5,25.87,-33.38,0.77,1.29,133,6.1,76.3,41.4,53.24,-12.76,14.53,-6.81,2.84,0.63,100.9,332.7,-20.4,15.1,-21.9,42.6,-33.4,yield 6% + pyramid +10%/50% + 8 slots,65
2017-10-16,2026-09-09,8.9,8164326,717.9,26.64,-27.55,0.97,1.41,131,6.39,79.9,42.7,61.18,-12.77,18.84,-5.36,2.87,0.93,107.3,333.2,-20.4,17.2,-20.1,41.0,-27.6,yield 6% + 8 slots,58
2017-10-16,2026-09-09,8.9,6386417,539.5,23.19,-29.36,0.79,1.18,188,7.25,72.5,38.3,47.01,-11.97,10.62,-8.3,2.62,0.54,84.8,326.3,-17.5,12.0,-27.6,40.4,-23.5,yield 6% + pyramid 10 + stop 15,57
2017-10-16,2026-09-09,8.9,6584720,559.4,23.61,-23.86,0.99,1.28,163,7.71,77.1,40.5,50.59,-12.51,13.04,-6.12,3.11,0.45,104.1,317.6,-20.4,14.5,-22.0,37.6,-23.7,yield 6% + pyramid 10 + stop 25,56
2017-10-16,2026-09-09,8.9,6534208,554.3,23.5,-29.48,0.8,1.24,200,7.11,71.1,34.5,48.84,-11.13,9.56,-7.08,2.77,0.38,78.2,373.1,-20.4,11.8,-28.2,41.7,-19.5,yield 6% + pyramid 10 + trail 18,60
2017-10-16,2026-09-09,8.9,5933502,494.2,22.17,-27.14,0.82,1.09,158,7.51,75.1,39.2,55.84,-14.07,13.36,-6.86,2.25,0.55,104.5,399.6,-23.4,15.0,-26.7,32.9,-25.2,yield 6% + pyramid 10 + trail 22,57
2017-10-16,2026-09-09,8.9,5187329,419.5,20.34,-26.43,0.77,1.05,105,7.77,77.7,40.0,67.2,-13.67,18.68,-4.12,3.17,0.78,162.8,378.8,-22.5,13.9,-25.6,30.0,-26.4,yield 6% + pyramid 10 + trail 25,68
