feature,rho_is,rho_oos,q5_minus_q1_is,q5_minus_q1_oos,n_is,n_oos
rs60,-0.097,0.019,-10.6,2.77,10321,10940
adr,-0.052,-0.062,-2.76,-6.27,10354,11005
base_depth,-0.05,-0.036,-2.96,-4.03,10354,11005
sma50_slope,-0.028,0.038,-0.88,3.57,10335,10971
ret60,-0.028,0.032,-3.03,1.77,10321,10940
above200,-0.027,0.072,-1.99,4.14,10354,11005
dist_sma50,-0.015,0.059,0.1,4.19,10354,11005
log_turnover,-0.012,-0.018,-1.33,0.09,10354,11005
vol20_vs50,-0.01,0.029,-0.06,2.88,10354,11005
ret20,-0.004,0.052,1.9,3.3,10353,11005
mlow_mult,-0.003,-0.028,3.5,-2.73,10354,11005
tight_pct,-0.002,-0.009,0.47,-0.36,10354,11005
vol_dryup,0.004,0.041,1.59,4.68,10354,11005
off_hi250,0.013,0.126,-4.23,8.83,8721,10041
day_chg,0.019,-0.002,1.52,-0.03,10354,11005
close_in_base,0.019,0.074,1.65,6.13,10354,11005
above50,0.025,0.066,-0.13,3.02,10354,11005
close_raw,0.033,-0.05,3.51,-7.12,10354,11005
days_since_high,0.059,0.006,5.23,-0.18,10354,11005
breadth,0.063,0.022,5.83,0.36,10354,11005
