symbol,entry_date,exit_date,entry,exit,qty,pnl,ret_pct,r_mult,hold,reason
TNPETRO,2017-10-25,2017-11-03,77.74387499999999,72.0,1286,-7618.103249999986,-7.619732101081904,-0.6233115439754828,7,ema_close
RAMCOIND,2017-10-17,2017-11-08,292.72999999999996,286.85,341,-2249.6196249999775,-2.253655245448001,-0.18443178641319366,14,ema_close
SUVEN,2017-10-17,2017-11-09,203.357125,187.25,491,-8138.447749999992,-8.150808583667764,-0.6668208813368395,15,ema_close
OBEROIRLTY,2017-10-17,2017-11-14,474.18249999999995,462.1,210,-2779.927499999976,-2.791699398438342,-0.22846356301505633,18,ema_close
IDEA,2017-10-18,2017-11-14,54.485875,56.15,1833,2793.0337500000023,2.7965963655718133,0.22858964502034637,17,ema_close
GMDCLTD,2017-10-24,2017-11-14,174.63549999999998,165.1,571,-5680.450749999989,-5.6965794469051145,-0.46605841980745294,15,ema_close
JTEKTINDIA,2017-11-14,2017-11-15,106.37046299999999,108.15,953,1438.2313860000286,1.4187791962511531,0.11608525019455322,1,ema_close
KIRIINDUS,2017-10-25,2017-11-16,509.97175,514.6,196,654.9830000000075,0.6552813954890713,0.05362092688347226,16,ema_close
PCBL,2017-11-09,2017-11-16,100.75125,92.6,914,-7661.833500000008,-8.320244165705148,-0.6809016143770947,5,ema_close
ICICIBANK,2017-10-26,2017-12-01,300.5495,309.7,329,2755.78624999999,2.786978517681769,0.22805238296192332,26,ema_close
WOCKPHARMA,2017-11-08,2017-12-05,644.1062499999999,636.8,151,-1343.6357499999867,-1.381487914455094,-0.11305645993805978,19,ema_close
SOBHA,2017-12-01,2017-12-14,591.77043675,554.03,171,-6690.462509250006,-6.611602966325444,-0.5410021497139264,9,ema_close
NUCLEUS,2017-10-23,2017-12-15,370.92499999999995,488.75,269,31366.240625000035,31.43576868639217,2.572600661886383,39,ema_close
RAMCOSYS,2017-12-05,2017-12-18,484.60849999999994,425.39,199,-11996.11302499997,-12.439314415657146,-1.0179584927007592,9,stop
GULFOILLUB,2017-11-15,2017-12-27,982.3869427499999,983.92,102,-94.52776049998647,-0.09433581714814251,-0.007719836330441396,29,ema_close
VENKEYS,2017-11-15,2018-01-01,2580.435,2798.0,39,8212.23000000001,8.160252050526376,0.6678083820940972,32,ema_close
ADFFOODS,2017-11-17,2018-01-03,52.480875,62.0,1914,17922.93525000001,17.84292849538047,1.4583876808067455,32,ema_close
PARAGMILK,2017-12-14,2018-01-15,268.519625,290.4,352,7446.339999999982,7.87814857107742,0.6445647992626341,21,ema_close
SUNDRMFAST,2017-12-18,2018-01-17,538.693375,564.0,194,4635.945250000019,4.4360346922774205,0.36298647912248344,21,ema_close
SHRIRAMFIN,2017-11-03,2018-01-19,252.24133075,286.86,376,12746.971238000013,13.440112748057262,1.0995801486771708,54,ema_close
GMBREW,2017-12-18,2018-01-19,568.0361489999999,638.12,195,13355.26744500002,12.0570761421735,0.9866371440455476,23,ema_close
HFCL,2018-01-03,2018-01-19,32.330625,31.1,3581,-4685.290874999977,-4.046859595198032,-0.3311817750355941,12,ema_close
KOLTEPATIL,2017-11-20,2018-01-30,278.59475,370.1,364,32971.12000000001,32.51317549953832,2.660615807136199,49,ema_close
SPARC,2018-01-01,2018-01-30,502.40287499999994,474.0,218,-6450.156749999995,-5.889272628067659,-0.48194314079606143,20,ema_close
CONCOR,2018-01-15,2018-01-30,461.30709175,449.61,226,-2897.572385499996,-2.7793018965657343,-0.2274171361455513,10,ema_close
GNFC,2018-01-17,2018-01-30,447.64712699999995,452.03,244,793.6827120000089,0.7266433321708857,0.05945839561269666,8,ema_close
WOCKPHARMA,2017-12-27,2018-01-31,804.005,747.6,124,-7225.975999999981,-7.247964875840306,-0.5931497786146862,24,ema_close
SWANCORP,2018-01-22,2018-02-01,226.66525,205.5,524,-11359.795999999973,-9.564324482910349,-0.782487073749559,7,ema_close
SUVEN,2018-01-30,2018-02-01,219.54749999999999,192.72,532,-14528.54759999999,-12.438902743142139,-1.0179591836734694,2,stop
SHAKTIPUMP,2018-01-30,2018-02-02,94.886625,83.29,1231,-14531.770349999992,-12.441005252320855,-1.017955655201406,3,stop
SONATSOFTW,2017-10-25,2018-02-05,64.86175,99.8,1541,53455.363750000004,53.481057788295885,4.373404355911369,71,ema_close
ALEMBICLTD,2018-01-23,2018-02-05,67.77220799999999,58.5,1560,-14692.794479999982,-13.897227606927002,-1.1371916764225192,8,ema_close
BIOCON,2017-11-21,2018-02-07,212.129,297.5,364,30804.319000000018,39.894238882943895,3.2638069343206464,54,ema_close
CYIENT,2018-01-22,2018-02-07,655.183875,606.25,181,-9131.359499999991,-7.700052141851012,-0.630115642042057,11,ema_close
IIFL,2018-01-30,2018-02-07,513.489322,509.58,227,-1176.602743999989,-1.0094215746904958,-0.08260283672865741,6,ema_close
JKIL,2018-02-14,2018-02-19,363.55662499999994,319.13,299,-13522.110549999983,-12.439451488471693,-1.0179582626409276,3,stop
RGL,2018-02-16,2018-02-19,77.794,68.28,1375,-13316.462499999994,-12.44916060364552,-1.0179419802396468,1,stop
ESCORTS,2018-02-02,2018-02-21,871.1724999999999,861.2,130,-1576.3149999999878,-1.3918598211031579,-0.11390526291068712,12,ema_close
HCL-INSYS,2018-02-15,2018-02-21,67.9695,59.66,1589,-13440.794850000006,-12.444773023194232,-1.0179493350983817,4,stop
SUNFLAG,2018-02-27,2018-03-06,94.235,88.65,1102,-6398.900749999986,-6.161855998302103,-0.5042661745549272,4,ema_close
CHAMBLFERT,2018-02-27,2018-03-07,170.72575,156.35,608,-8978.108000000007,-8.649325013947815,-0.707696823742258,5,ema_close
BHARATFORG,2018-02-09,2018-03-08,752.8774999999999,743.2,144,-1661.1119999999792,-1.5321881713824437,-0.1253892768825225,17,ema_close
KEC,2018-02-27,2018-03-13,428.669,390.95,242,-9364.522750000004,-9.027098997128324,-0.738635496001069,9,ema_close
ZYDUSWELL,2018-02-21,2018-03-20,252.52974999999998,241.8,410,-4647.042499999996,-4.488283063678632,-0.36728262542632373,18,ema_close
ASTRAL,2018-02-28,2018-03-21,392.27825,379.9,264,-3518.592000000004,-3.39758831900571,-0.27802433338722227,14,ema_close
BBL,2018-03-06,2018-03-21,820.1953749999999,776.3,125,-5729.515624999985,-5.588439827522788,-0.4573305412925613,11,ema_close
GMBREW,2018-04-03,2018-04-12,700.7717604999999,641.32,143,-8730.873651499976,-8.712545787580982,-0.7129955070817431,7,ema_close
TRENT,2018-03-09,2018-04-19,222.55499999999998,228.9,455,2626.601250000007,2.5938532048257805,0.21227247655819168,27,ema_close
NIITLTD,2018-04-04,2018-04-19,47.969625,44.35,2105,-7852.702499999999,-7.776796253879407,-0.6355601933684009,11,ema_close
VMART,2018-03-06,2018-05-03,451.71537225,502.19,227,11172.747674250015,10.89605441250291,0.8915645478688006,39,ema_close
JAICORPLTD,2018-04-09,2018-05-03,160.09924999999998,153.1,644,-4754.007999999987,-4.610889807416325,-0.37722447206714554,17,ema_close
DATAMATICS,2018-04-10,2018-05-03,127.61824999999999,124.0,637,-2502.2952499999956,-3.078125581568462,-0.2518391486224413,16,ema_close
SPARC,2018-04-12,2018-05-03,427.86699999999996,415.0,213,-2961.658499999976,-3.24972479765906,-0.2659265209325434,14,ema_close
PURVA,2018-04-19,2018-05-03,160.34987499999997,151.55,603,-5534.786249999976,-5.724201531182959,-0.4683065580775374,9,ema_close
SECURKLOUD,2018-04-10,2018-05-04,762.5015,736.0,135,-3826.1024999999936,-3.716910720831362,-0.3041537215005122,17,ema_close
REPCOHOME,2018-05-03,2018-05-04,591.9762499999999,587.0,174,-1121.2124999999942,-1.0885149530914402,-0.08908050942646283,1,ema_close
POWERMECH,2018-04-19,2018-05-11,518.2365605,499.44,194,-3888.761136999994,-3.8679556843037455,-0.3165363844448804,15,ema_close
KRBL,2018-05-10,2018-05-11,547.715875,480.78,189,-12878.048924999996,-12.440359702920786,-1.0179567384455641,1,stop
EXCELINDUS,2018-04-04,2018-05-14,1033.27675,1250.0,97,20719.030249999996,20.67193034199211,1.6916428909431815,27,ema_close
SDBL,2018-05-10,2018-05-15,59.704088,53.4,1737,-11182.090355999986,-10.78249114198008,-0.8813678038928326,3,ema_close
NATHBIOGEN,2018-04-09,2018-05-16,541.1494999999999,523.9,190,-3526.2574999999633,-3.429597551138791,-0.28065008808474035,26,ema_close
TAKE,2018-04-10,2018-05-17,194.835875,212.8,528,9204.162000000026,8.947081742517927,0.731954001270164,26,ema_close
GREAVESCOT,2018-05-08,2018-05-21,141.65325,130.5,723,-8299.678499999995,-8.103943961751666,-0.6630470882127841,9,ema_close
ICICIBANK,2018-05-09,2018-05-21,305.7625,289.5,335,-5690.393749999988,-5.555373860430879,-0.45463365674138406,8,ema_close
WINDMACHIN,2018-05-09,2018-05-21,137.3425,120.56,746,-12744.589400000012,-12.438902743142155,-1.0179591836734703,8,stop
WELENT,2018-05-11,2018-06-06,169.72325,169.55,590,-352.30374999999185,-0.35182274673622277,-0.028786472707988658,18,ema_close
MAHLIFE,2018-05-14,2018-06-07,172.07902475,172.19,576,-184.03185599998687,-0.18567036305799217,-0.01519327471427211,18,ema_close
WELENT,2019-05-28,2019-06-07,139.3475,125.9,678,-9330.805499999988,-9.87620875867883,-0.808236675965349,7,ema_close
DALMIASUG,2019-05-29,2019-06-07,120.40024999999999,113.5,782,-5617.887999999992,-5.966765019175616,-0.48803518961974146,6,ema_close
WALCHANNAG,2019-05-29,2019-06-10,100.85149999999999,90.4,934,-9972.784999999989,-10.587348725601492,-0.8658719539390987,7,ema_close
LINDEINDIA,2019-05-29,2019-06-10,584.3572499999999,550.0,161,-5752.89224999999,-6.114795358490023,-0.5004008696595934,7,ema_close
ASHOKA,2019-05-28,2019-06-20,145.412625,133.45,650,-7992.5625,-8.456108952025316,-0.6918645951287448,16,ema_close
NAM-INDIA,2019-05-28,2019-08-22,223.45725,231.0,423,2946.3007500000094,3.117039165209463,0.25506962436715624,59,ema_close
EIDPARRY,2020-01-06,2020-01-22,223.90837499999998,220.75,404,-1498.940999999977,-1.657039402836068,-0.13556705504071562,12,ema_close
ATGL,2020-01-03,2020-01-23,177.292125,167.3,513,-5340.5223750000005,-5.871876711952096,-0.48035783293055034,14,ema_close
JAYBARMARU,2020-01-23,2020-01-29,48.22025,48.2,1777,-250.11274999998568,-0.29188981807434,-0.023854921401634158,4,ema_close
MIDHANI,2020-01-10,2020-01-31,168.72075,164.3,541,-2613.841499999995,-2.8636074697391933,-0.23430282603687969,15,ema_close
RAIN,2020-01-13,2020-01-31,118.49549999999999,111.05,769,-5939.08312499999,-6.51765256908489,-0.5331624728176447,14,ema_close
PRESTIGE,2020-01-22,2020-02-01,383.9575,337.04,232,-11080.343200000003,-12.438902743142148,-1.0179591836734705,8,stop
CDSL,2020-01-03,2020-02-03,126.56211624999999,128.15,719,911.338791250033,1.0014914316826984,0.08192213201604191,22,ema_close
KNRCON,2020-01-13,2020-02-04,139.44774999999998,141.5,653,1109.1205000000045,1.2180189354077116,0.09963191623528085,17,ema_close
VIPIND,2020-01-14,2020-02-04,454.08237499999996,452.9,201,-465.2396249999874,-0.5097368071156555,-0.04171068547705767,16,ema_close
GUJENERGY,2020-01-03,2020-02-18,255.33674999999997,285.9,356,10626.066000000006,11.689856630508542,0.9564757624552396,33,ema_close
ASTRAL,2020-01-31,2020-02-19,681.850375,665.7,119,-2119.940374999991,-2.612688304233891,-0.213808747260198,14,ema_close
DIXON,2020-01-10,2020-02-20,837.4884999999999,897.8,109,6329.303000000014,6.9334683401623,0.5674013201287899,30,ema_close
THYROCARE,2020-02-04,2020-02-25,201.3483155,199.05,455,-1272.1529275000066,-1.388608835915498,-0.11361771186654422,14,ema_close
TITAN,2020-02-05,2020-02-26,1278.9895,1256.0,72,-1881.3239999999932,-2.042980024464619,-0.1671865352438899,14,ema_close
BALKRISIND,2020-02-18,2020-02-28,1268.1625,1113.2,74,-11673.166999999987,-12.438902743142132,-1.0179591836734692,7,stop
AARTIIND,2020-01-31,2020-03-02,494.23249999999996,493.0,188,-463.4199999999837,-0.498753117206965,-0.04081632653061082,21,ema_close
CROMPTON,2020-02-01,2020-03-02,280.39925,281.5,279,110.76300000000629,0.14158383091253723,0.011584729750432898,20,ema_close
BSOFT,2020-02-03,2020-03-02,79.548375,91.0,1128,12660.81300000001,14.10981053981305,1.1537512688398637,19,ema_close
HUHTAMAKI,2020-02-20,2020-03-02,294.9355,276.0,322,-6319.410999999993,-6.654166758494647,-0.544464634975239,6,ema_close
UNITDSPR,2020-01-29,2020-03-03,653.63,666.95,130,1514.8412500000122,1.782755534476706,0.14589489169901207,24,ema_close
INDIAGLYCO,2020-02-19,2020-03-09,178.45572675,155.01,494,-11773.626364499985,-13.355274265525901,-1.0924803020829899,12,ema_close
NAVINFLUOR,2020-01-10,2020-03-17,1092.674875,1300.0,83,16938.235375000004,18.676655761852313,1.5283678415725916,46,ema_close
EPL,2020-06-23,2020-06-30,194.535125,174.8,461,-9299.349624999988,-10.36939987058891,-0.8484550554413477,5,ema_close
STAR,2020-06-23,2020-07-01,412.16193524999994,367.02,217,-9994.90829924999,-11.175094376937604,-0.9143878435760521,6,ema_close
FDC,2020-06-24,2020-07-07,273.532125,265.0,326,-2997.447749999992,-3.3614424631110427,-0.2750236486612793,9,ema_close
ORIENTELEC,2020-06-29,2020-07-07,198.49499999999998,186.95,442,-5309.469749999989,-6.0517267437466815,-0.4952535559678413,6,ema_close
AVANTIFEED,2020-06-30,2020-07-14,524.558125,462.85,167,-10498.496750000006,-11.984420220352137,-0.9807658180328989,10,ema_close
ASTRAZEN,2020-07-01,2020-07-14,3563.8875,3360.0,23,-4882.612499999988,-5.956627418794771,-0.48747093774218464,9,ema_close
IRCON,2020-07-07,2020-07-14,50.525999999999996,44.35,1805,-11347.809374999983,-12.442851205320014,-1.0179525582901547,5,stop
SCI,2020-06-29,2020-07-30,34.03357175,33.25,2581,-2236.944311750005,-2.546593570508808,-0.20816183845036465,23,ema_close
TTKPRESTIG,2020-06-29,2020-07-30,561.6005,540.0,156,-3580.277999999991,-4.0866238545015445,-0.334406714215982,23,ema_close
COCHINSHIP,2020-07-07,2020-08-04,165.117765,164.01,482,-731.5747800000099,-0.9192166572748974,-0.0752209176784456,20,ema_close
JKCEMENT,2020-06-24,2020-08-25,1381.896125,1507.3,64,7784.680000000008,8.80208163258292,0.7203080250701561,44,ema_close
AJANTPHARM,2020-08-04,2020-08-27,1088.865375,1075.35,72,-1166.6699999999983,-1.488131625087259,-0.12178200241816582,17,ema_close
BDL,2020-06-26,2020-08-28,149.17631075,212.51,592,37179.029236,42.09945529169751,3.4438113668358055,45,ema_close
ULTRACEMCO,2020-07-30,2020-08-28,4146.963254249999,4062.13,22,-2089.7487434999784,-2.2905575339412603,-0.18744912429191768,21,ema_close
BBTC,2020-07-14,2020-09-01,1224.0525,1355.0,72,9184.320000000007,10.421121643066789,0.8528305671162821,35,ema_close
RALLIS,2020-08-28,2020-09-01,320.19849999999997,294.1,329,-8828.303749999977,-8.380348440108225,-0.6857852971619139,2,ema_close
BAJAJELEC,2020-08-28,2020-09-01,356.138125,312.62,296,-13112.703799999988,-12.438902743142135,-1.0179591836734685,2,stop
VIYASH,2020-06-26,2020-09-02,93.282625,128.0,947,32574.314125000004,36.87436433097804,3.016618980278664,48,ema_close
TAJGVK,2020-09-01,2020-09-02,146.26475,146.8,620,104.31500000001688,0.11503113361218424,0.009412719059009339,1,ema_close
TATAPOWER,2020-08-25,2020-09-08,61.152499999999996,57.7,1582,-5690.05849999997,-5.8816074567678855,-0.48133154901304553,10,ema_close
GUJALKALI,2020-09-01,2020-09-09,345.9380885,339.79,288,-2015.2982879999909,-2.022779142459177,-0.1655127691026044,6,ema_close
ITDC,2020-09-02,2020-09-09,237.742875,234.0,420,-1817.7074999999895,-1.8204015577753803,-0.14896546383103135,5,ema_close
DEEPAKFERT,2020-07-30,2020-09-10,144.009125,162.45,544,9810.90399999998,12.523338364843173,1.0247526510550922,30,ema_close
INDUSTOWER,2020-09-08,2020-09-11,219.0681045,201.97,448,-7886.157215999992,-8.035414165004557,-0.6573665249532497,3,ema_close
CDSL,2020-06-24,2020-09-22,143.10296525,221.99,623,48800.87322425003,54.73825061077834,4.477917758968851,64,ema_close
BSE,2020-09-03,2020-09-22,60.137669249999995,59.49,1741,-1386.522389249978,-1.3242851941755083,-0.10824001772028392,13,ema_close
DIXON,2020-09-09,2020-09-22,1921.7924999999998,1764.0,49,-7947.922499999986,-8.440167187664628,-0.6907157229088813,9,ema_close
MFSL,2020-08-27,2020-09-23,621.399625,592.95,124,-3711.5679999999993,-4.816868050089343,-0.39415522528587676,19,ema_close
SUDARSCHEM,2020-09-22,2020-09-24,494.63349999999997,452.0,206,-9015.280999999988,-8.847661955771283,-0.7240398057690234,2,ema_close
THYROCARE,2020-07-14,2020-09-25,195.93351224999998,257.06,291,17600.796785250022,30.869572568487495,2.5261054902252345,53,ema_close
CENTURYPLY,2020-09-01,2020-09-25,151.87875,165.0,657,8349.648750000008,8.367694624824086,0.6847848050111138,18,ema_close
STAR,2020-09-14,2020-09-25,614.15185075,581.63,163,-5538.07589724999,-5.532170213035858,-0.45269937264005383,9,ema_close
CIPLA,2020-09-22,2020-09-25,778.9926249999999,752.0,130,-3753.4412499999744,-3.706405436123328,-0.30330737281380604,3,ema_close
GPPL,2020-09-23,2020-09-25,88.122557,81.5,1098,-7495.2850860000035,-7.7463787166321145,-0.633675644510398,2,ema_close
FSL,2020-07-14,2020-10-08,42.51071175,69.94,2093,57043.53925725,64.11193115344628,5.240520828711573,61,ema_close
BALKRISIND,2020-09-29,2020-10-14,1451.269125,1389.0,70,-4601.913749999992,-4.529940303112277,-0.3707113418993125,10,ema_close
GRSE,2020-10-01,2020-10-14,216.890875,200.15,257,-4431.001249999987,-7.949274030085382,-0.6503463201422038,8,ema_close
GUFICBIO,2020-09-30,2020-10-16,92.631,88.5,1097,-4774.418249999988,-4.698481070052131,-0.3844404204575559,11,ema_close
HCLTECH,2020-09-15,2020-10-19,793.027625,839.8,100,4467.287500000006,5.633205400631542,0.4609841072877401,23,ema_close
BEPL,2020-09-28,2020-10-20,48.671375,52.5,2058,7609.197750000021,7.596610944317909,0.6212639936149228,15,ema_close
DRREDDY,2020-09-22,2020-10-23,1045.38905525,1010.18,97,-3660.2470092500007,-3.6096135750126037,-0.29537991632231675,22,ema_close
APOLLOHOSP,2020-09-25,2020-10-23,1952.519125,2098.2,50,7021.768749999988,7.192522377981817,0.5886076115162406,19,ema_close
GRANULES,2020-09-09,2020-10-29,348.920125,374.5,287,7072.720375000004,7.062827058198497,0.5779444830426742,35,ema_close
MANALIPETC,2020-09-28,2020-10-29,30.275499999999997,30.4,3309,160.48649999999907,0.1601955376459504,0.0130886520037781,22,ema_close
AMBER,2020-10-20,2020-10-29,2394.9725,2102.32,42,-12512.1486,-12.438902743142146,-1.0179591836734705,7,stop
LTTS,2020-10-14,2020-10-30,1797.3822499999999,1699.9,57,-5798.723999999987,-5.6600091605444405,-0.4631924501069393,12,ema_close
SONATSOFTW,2020-10-14,2020-10-30,134.23475,121.85,667,-8463.813124999986,-9.453122235486697,-0.7735183407244844,12,ema_close
COSMOFIRST,2020-10-20,2020-11-03,307.06575,294.0,297,-4098.822749999992,-4.494395744233922,-0.3677674663397797,10,ema_close
GODREJPROP,2020-10-23,2020-11-05,1044.153875,980.0,97,-6460.575874999995,-6.3787413516997145,-0.5219989987763906,9,ema_close
IPCALAB,2020-10-29,2020-11-10,1152.875,1012.0,80,-11472.399999999994,-12.438902743142139,-1.017959183673469,8,stop
LALPATHLAB,2020-10-08,2020-11-11,1099.62089675,1072.48,93,-2773.4549977499846,-2.7120343782244367,-0.2219386598683234,24,ema_close
HAVELLS,2020-11-03,2020-12-01,783.554,798.1,111,1393.1332500000135,1.6017721816237456,0.13107285335338598,19,ema_close
JUSTDIAL,2020-10-16,2020-12-02,461.90187499999996,599.8,209,28507.312625000006,29.529783787952805,2.416621081422261,32,ema_close
ACC,2020-10-29,2020-12-07,1623.0475,1682.6,62,3431.452000000005,3.410004944402433,0.27906366993987275,26,ema_close
NAVINFLUOR,2020-10-30,2020-12-14,2280.737625,2534.0,44,10864.804499999998,10.82664539284741,0.886004590100112,30,ema_close
ABCAPITAL,2020-10-23,2020-12-22,66.515875,81.0,1522,21736.633250000028,21.471002223153526,1.7553889409559555,41,ema_close
CHOLAFIN,2020-11-02,2020-12-22,271.6775,355.4,287,23773.357999999993,30.489827092784633,2.4951878906544147,35,ema_close
SMLMAH,2020-11-10,2020-12-22,410.0225,434.95,199,4744.184875000021,5.814345554207417,0.4758270545381992,29,ema_close
UBL,2020-11-11,2020-12-22,1056.584875,1085.3,94,2444.176250000004,2.4609357577639037,0.20138558783408997,28,ema_close
SIEMENS,2020-12-01,2020-12-22,1146.42140625,1123.46,77,-1984.2943312499992,-2.2478694230156684,-0.18395172794548198,15,ema_close
EXIDEIND,2020-12-02,2020-12-22,184.861,181.0,599,-2583.7864999999874,-2.3333748059352595,-0.19093886946128916,14,ema_close
MARUTI,2020-12-07,2020-12-22,7758.44775,7380.0,14,-5556.568499999994,-5.115685028619282,-0.41864742572301794,11,ema_close
GODFRYPHLP,2020-12-14,2020-12-22,339.61221325,311.78,330,-9441.848872500006,-8.424803977511258,-0.689400902010931,6,ema_close
SUNDARMFIN,2020-11-05,2020-12-23,1595.629125,1779.0,59,10556.479125000013,11.2133435142706,0.9176540052685146,33,ema_close
DCMSHRIRAM,2020-12-22,2020-12-23,394.98499999999996,379.65,268,-4364.145499999984,-4.122719850120876,-0.3373899305915252,1,ema_close
KOTAKBANK,2020-10-29,2021-01-12,307.19016025,386.03,332,25854.421896999993,25.350670310085228,2.0744387938514435,51,ema_close
ORIENTCEM,2020-12-22,2021-01-18,81.2025,83.9,1305,3246.5137500000274,3.063637203288102,0.2507180650037814,18,ema_close
WHIRLPOOL,2020-12-28,2021-01-18,2534.3199999999997,2439.95,42,-4219.734749999989,-3.964372099813747,-0.324431267760268,15,ema_close
DHANUKA,2020-12-29,2021-01-19,817.0374999999999,775.05,133,-5842.0416249999835,-5.376145525756147,-0.4399661950669832,15,ema_close
XCHANGING,2020-12-23,2021-01-22,83.15747525,86.99,1277,4616.418530750001,4.347233654138629,0.35555038602134764,21,ema_close
JSL,2020-12-29,2021-01-27,79.5985,79.7,896,-87.58399999998801,-0.12280382168003998,-0.010047797707764471,20,ema_close
MPHASIS,2020-12-24,2021-01-28,1552.8229764999999,1525.65,68,-2107.1229019999737,-1.9955334232523585,-0.16330232111009665,23,ema_close
KPITTECH,2020-12-22,2021-01-29,108.27,137.0,979,27791.362500000003,26.219174286505957,2.1456916099773258,26,ema_close
COHANCE,2021-01-18,2021-01-29,500.94924999999995,464.25,231,-8745.631124999985,-7.557626845433932,-0.6184308857099683,8,ema_close
AUROPHARMA,2021-01-27,2021-02-01,1001.0965,912.0,71,-6487.731500000002,-9.12764154105024,-0.7469275318486307,3,ema_close
UPL,2021-01-19,2021-02-08,562.41122175,537.97,182,-4693.07870849999,-4.584927496603592,-0.37517369971675146,13,ema_close
ECLERX,2020-12-24,2021-02-10,290.21803575,323.09,368,11799.640044,11.04832756762947,0.9040319987271916,32,ema_close
CROMPTON,2021-01-22,2021-02-12,436.338125,399.75,255,-9584.8125,-8.614305706153914,-0.7049666506464732,14,ema_close
BAJAJ-AUTO,2021-01-28,2021-02-22,4090.021555,4010.1,25,-2248.6701249999896,-2.199176796269955,-0.17997223807109003,17,ema_close
COSMOFIRST,2021-01-29,2021-02-22,336.53925,326.0,336,-3815.027999999991,-3.373826381321042,-0.2760626561388789,16,ema_close
SOLARA,2021-02-01,2021-02-22,1374.1814865,1267.88,82,-8976.637292999992,-7.96628302560092,-0.6519188745985759,15,ema_close
TATAELXSI,2020-12-24,2021-02-23,1790.5652499999999,2679.95,59,52078.40762499999,49.296437256335665,4.034111955723184,41,ema_close
M&M,2021-02-10,2021-02-23,901.2475,842.1,131,-8024.110249999969,-6.796440489432677,-0.5561984971964296,9,ema_close
LALPATHLAB,2021-02-22,2021-02-23,1240.4694399999998,1214.98,60,-1711.6133999999875,-2.2996850289193578,-0.18819762099661957,1,ema_close
VIYASH,2021-01-18,2021-02-24,205.41225,232.5,542,14366.523000000016,12.904050269640702,1.0559412004899973,26,ema_close
IRCON,2021-02-12,2021-03-03,51.77912499999999,45.45,1974,-12717.988499999978,-12.442755647184052,-1.0179527185827422,13,stop
BANKBARODA,2021-02-22,2021-03-05,86.81710149999999,76.2,1369,-14795.606453499975,-12.448701135225049,-1.0179427501941083,9,stop
NCC,2021-02-02,2021-03-10,67.217625,86.1,1205,22493.885624999995,27.77117608662906,2.2715961120153327,26,ema_close
COCHINSHIP,2021-02-24,2021-03-16,190.6825175,188.26,613,-1773.5116774999915,-1.5172694056758436,-0.12415686416714361,13,ema_close
JAICORPLTD,2021-03-03,2021-03-16,105.76374999999999,96.3,931,-9034.889499999976,-9.175639101298861,-0.7509043427797648,8,ema_close
HDFCAMC,2021-03-05,2021-03-16,1580.4461622499998,1502.07,65,-5338.536921249979,-5.196718446459038,-0.42527297334103026,6,ema_close
IDFCFIRSTB,2021-01-12,2021-03-18,44.11,61.5,2545,43866.25625000002,39.07560643844935,3.197820037105753,45,ema_close
PRICOLLTD,2021-02-08,2021-03-18,56.84175,65.6,1718,14764.921499999997,15.119608386441302,1.2362714424425507,27,ema_close
ONGC,2021-02-22,2021-03-18,103.06632324999998,106.78,1153,3974.0759427500307,3.3441832805460314,0.27362958869764087,17,ema_close
INDOSTAR,2021-03-16,2021-03-18,366.91499999999996,322.08,331,-15106.906199999983,-12.438902743142132,-1.0179591836734687,2,stop
SCI,2021-02-23,2021-03-19,55.58611875,62.65,2102,14519.052637500004,12.426225117579381,1.0163530838833568,17,ema_close
DELTACORP,2021-03-16,2021-03-19,188.77075,165.7,643,-15100.85500000001,-12.44101641806266,-1.0179556364660884,3,stop
ESTER,2021-03-16,2021-03-19,125.362625,112.0,473,-6452.961624999989,-10.882529781104996,-0.8903582121209641,3,ema_close
MASTEK,2021-03-18,2021-03-19,1234.9296249999998,1185.0,94,-4971.859749999974,-4.283007219945811,-0.35048874450519507,1,ema_close
RATNAMANI,2021-02-23,2021-03-22,1244.00225,1236.65,93,-971.2803749999875,-0.8395382725392873,-0.06870416693391398,18,ema_close
DATAMATICS,2021-03-19,2021-03-25,116.99175,117.05,954,-223.59374999998545,-0.20033463898094075,-0.016387854633173198,4,ema_close
VISHWARAJ,2021-03-19,2021-03-25,28.671499999999998,26.0,3893,-10653.194499999998,-9.544321015642709,-0.7792965968959137,4,ema_close
ZENSARTECH,2021-02-23,2021-03-26,270.21615575,280.76,402,3956.461588499995,3.6422486370894895,0.2980045369040564,22,ema_close
CSBBANK,2021-03-10,2021-03-26,257.6425,236.0,406,-9026.39499999999,-8.629205197123913,-0.7061859763360593,11,ema_close
ALEMBICLTD,2021-03-25,2021-03-26,109.37445424999999,103.05,1007,-6628.153804749978,-6.017931056327972,-0.4921381558428813,1,ema_close
SASKEN,2021-03-25,2021-03-26,914.28,855.0,114,-7001.594999999987,-6.717581047381533,-0.5497448979591825,1,ema_close
FSL,2021-03-18,2021-03-30,116.16167999999999,109.79,1000,-6646.154999999984,-5.721469420896792,-0.46798371741934663,7,ema_close
AARTIDRUGS,2021-03-22,2021-04-01,751.724625,698.0,150,-8320.443749999991,-7.378982030820122,-0.6038192067947807,7,ema_close
ADANIPORTS,2021-04-07,2021-04-12,837.6388749999999,735.28,133,-13858.210974999995,-12.439379082065642,-1.0179583841655162,3,stop
POKARNA,2021-03-23,2021-04-13,241.05112499999998,241.0,471,-307.8573749999923,-0.27115617070859294,-0.022186016318113587,13,ema_close
VIDHIING,2021-03-18,2021-04-16,161.35237499999997,188.7,720,19350.63000000002,16.65663427637804,1.3627098663320247,18,ema_close
EXPLEOSOL,2021-04-06,2021-04-19,607.3788605,540.99,180,-12193.440390000003,-11.153061113163325,-0.9127240036243888,8,ema_close
NATHBIOGEN,2021-04-06,2021-04-19,363.90749999999997,319.44,301,-13625.09609999998,-12.438902743142128,-1.0179591836734685,8,stop
IFGLEXPOR,2021-03-23,2021-05-14,167.327676,181.01,678,8969.803722000011,7.906521692203516,0.6470074643201514,33,ema_close
THYROCARE,2021-04-06,2021-05-19,339.42434475,342.38,323,678.2047957500181,0.6186077346769501,0.05061440074933464,28,ema_close
JSWSTEEL,2021-04-05,2021-05-25,510.02187499999997,689.0,217,38464.470625,34.754514205885776,2.8441959584816736,33,ema_close
BALRAMCHIN,2021-04-16,2021-05-25,261.85299999999995,296.3,420,14156.62500000003,12.87220310632304,1.0532215729775367,25,ema_close
GLENMARK,2021-04-19,2021-06-01,571.425,594.15,190,4035.528750000027,3.716957605985063,0.30418367346939007,29,ema_close
INDIACEM,2021-05-25,2021-06-03,197.39225,180.75,629,-10752.204624999984,-8.659977785348703,-0.7086455450880407,7,ema_close
GRAPHITE,2021-04-07,2021-06-14,586.4625,735.0,123,18044.100000000006,25.01438710915021,2.0470957613814758,45,ema_close
ZYDUSLIFE,2021-04-12,2021-06-18,515.736125,623.8,189,20129.326875,20.650943348209317,1.6898448857517407,46,ema_close
MOTHERSON,2021-06-03,2021-06-18,106.8314125,95.83,1184,-13309.329199999993,-10.522174365147512,-0.8606257171649692,11,ema_close
ALKYLAMINE,2021-03-24,2021-06-21,2337.83,3476.9,43,48606.24325000003,48.35158031165656,3.95693544999475,58,ema_close
MMTC,2021-05-14,2021-06-21,54.485875,55.35,2352,1706.9639999999927,1.331996595447897,0.1088754289571882,26,ema_close
HINDZINC,2021-05-19,2021-06-21,346.36375,325.0,321,-7118.576249999998,-6.402589762929867,-0.5239670397826283,23,ema_close
BOSCHLTD,2021-05-25,2021-06-21,15297.1475,15099.0,8,-1887.159999999989,-1.5420848887022802,-0.12619919191216625,19,ema_close
PNB,2021-06-01,2021-06-21,42.249560499999994,39.51,2962,-8407.149750999975,-6.718023729501263,-0.5490477381974723,14,ema_close
WIPRO,2021-04-19,2021-06-24,232.09228374999998,270.9,469,17883.188671250013,16.429010751202984,1.3444074738868674,46,ema_close
NBCC,2021-06-14,2021-06-30,36.558969499999996,34.73,2498,-4785.654660999979,-5.240285834643101,-0.42868820205642366,12,ema_close
BASF,2021-06-21,2021-06-30,2631.5625,2535.0,47,-4836.299999999988,-3.910224438902734,-0.3199999999999993,7,ema_close
SHK,2021-06-22,2021-07-09,174.435,166.55,723,-6001.894124999992,-4.759007653280585,-0.3894616467276561,13,ema_close
ITDC,2021-06-21,2021-07-19,391.5765,392.0,319,-177.5234999999957,-0.14211782372026577,-0.011628514412879895,20,ema_close
GREAVESCOT,2021-06-21,2021-07-22,153.3825,163.95,815,8278.46437500001,6.622414551855664,0.5419567827130858,22,ema_close
BEL,2021-06-24,2021-08-05,56.290375,58.65,2250,4979.25,3.9314003504151462,0.32163944552440815,29,ema_close
JKLAKSHMI,2021-07-09,2021-08-05,637.5899999999999,668.0,188,5403.120000000024,4.507598927210297,0.36888717751251626,18,ema_close
RAIN,2021-06-18,2021-08-11,198.79575,225.0,516,13231.142999999996,12.898540335998124,1.0554006359136883,37,ema_close
GARFIBRES,2021-06-22,2021-08-11,663.4445752500001,675.99,181,1964.8364047500072,1.6362255650231936,0.13389462376492725,35,ema_close
KIRLFER,2021-06-30,2021-08-11,282.153625,278.5,282,-1226.6647499999963,-1.5416690109864748,-0.12614320565195764,29,ema_close
ACC,2021-07-22,2021-08-12,2314.622125,2278.35,57,-2392.175999999992,-1.8131685317749162,-0.14837959515400995,15,ema_close
PIIND,2021-08-05,2021-08-12,3172.9125,3083.0,46,-4490.5199999999895,-3.076668518277758,-0.25178450527130214,5,ema_close
OBEROIRLTY,2021-08-05,2021-08-12,724.30625,685.85,155,-6226.485625000001,-5.546117405448317,-0.45387613869077037,5,ema_close
GREENLAM,2021-08-11,2021-08-12,131.13913025,132.01,292,157.92666699999972,0.4124205711666286,0.03374136597336585,1,ema_close
NH,2021-08-11,2021-08-13,516.2875,508.0,269,-2570.967499999999,-1.8511972495944595,-0.15149593818109752,2,ema_close
GUFICBIO,2021-08-13,2021-08-17,218.3445,191.66,608,-16515.499200000006,-12.440730130596378,-1.0179561168468585,2,stop
VEDL,2021-08-12,2021-08-20,165.93831124999997,146.14,835,-16836.657143749966,-12.15129953903274,-0.994346176139297,5,ema_close
GUJENERGY,2021-06-18,2021-08-23,650.3217500000001,720.0,197,13372.015249999982,10.437641059982985,0.8541179727387389,44,ema_close
JSWENERGY,2021-04-13,2021-08-24,93.33274999999999,213.85,1158,138939.87975000002,128.55361596009976,10.513033668484821,90,ema_close
TATAINVEST,2021-08-11,2021-08-24,126.27640375,119.96,1103,-7297.783036249981,-5.239540843354104,-0.42861691473961244,8,ema_close
GTPL,2021-08-12,2021-08-24,214.03375,215.0,647,277.40125000002445,0.20031887494380576,0.016393442622952267,7,ema_close
KABRAEXTRU,2021-08-25,2021-09-21,246.765375,234.65,546,-6935.291999999987,-5.147399630114223,-0.421218439498762,18,ema_close
MAXHEALTH,2021-08-13,2021-09-22,330.373875,365.45,430,14689.87500000003,10.340557345825264,0.8461536079952711,26,ema_close
PNB,2021-09-21,2021-09-22,38.28998625,38.15,3421,-805.1708362500067,-0.6146809467710423,-0.05029101314133177,1,ema_close
APOLLOHOSP,2021-08-17,2021-09-27,4355.8625,4748.8,26,9907.703000000009,8.748336293902764,0.7159352762969401,27,ema_close
TIMKEN,2021-09-22,2021-09-30,1807.7581249999998,1709.45,72,-7385.8859999999695,-5.6745284992149925,-0.46438488330310457,6,ema_close
BALAMINES,2021-08-27,2021-10-12,3750.0517499999996,4520.0,32,24276.744000000006,20.23034082129667,1.6555633571144504,31,ema_close
HSCL,2021-09-22,2021-10-12,53.1325,51.2,2940,-6057.869999999966,-3.878040747188611,-0.31736619175972103,14,ema_close
ALLCARGO,2021-06-30,2021-10-20,40.259197,65.51,3137,78698.00683600004,62.3137813702544,5.089475628586158,76,ema_close
WELSPUNLIV,2021-09-27,2021-10-20,157.29225,151.2,786,-5085.616499999989,-4.113521168398307,-0.33660211473682766,16,ema_close
IRCTC,2021-07-19,2021-10-21,482.2025,888.15,259,104565.32537500003,83.72563912464165,6.851832916118631,64,ema_close
UNITDSPR,2021-08-20,2021-10-21,719.795,847.0,173,21640.137500000026,17.378211851985657,1.42217611278495,42,ema_close
HATSUN,2021-08-24,2021-10-21,999.693,1339.7,133,44775.48075000002,33.67611356686504,2.755807814149948,40,ema_close
SWSOLAR,2021-08-27,2021-10-22,312.22862499999997,408.8,432,41277.330000000045,30.602375102539085,2.504004664738318,38,ema_close
360ONE,2021-10-22,2021-10-22,442.65387499999997,388.56,380,-20924.80449999997,-12.43980412461089,-1.0179576708083855,0,stop_day0
ADANIPORTS,2021-10-20,2021-10-25,793.9799999999999,765.0,222,-6858.134999999951,-3.890841079120354,-0.318413729128013,3,ema_close
MMTC,2021-10-21,2021-10-25,45.864374999999995,45.75,3664,-838.1399999999558,-0.49875311720695625,-0.04081632653061011,2,ema_close
BANDHANBNK,2021-10-12,2021-10-26,329.371375,313.0,368,-6312.625999999989,-5.208064908494241,-0.4261686712565713,9,ema_close
EMBDL,2021-10-20,2021-10-26,162.856125,154.1,905,-8272.944374999992,-5.613160082250509,-0.4592242337471502,4,ema_close
BAJAJFINSV,2021-08-25,2021-10-28,1650.265375,1801.2,81,11860.961625000025,8.873216830353742,0.7261478896855602,44,ema_close
SJVN,2021-10-21,2021-10-29,30.125125,28.5,5579,-9464.076124999992,-5.631096966402625,-0.4603303822801123,6,ema_close
IRCON,2021-10-25,2021-11-02,51.678875,47.1,3281,-15409.626625000004,-9.08809450670124,-0.7432691737057628,6,ema_close
KEC,2021-10-26,2021-11-02,527.665875,471.65,235,-13440.825000000012,-10.839245573725997,-0.8869384186847123,5,ema_close
ICICIBANK,2021-10-26,2021-11-12,830.77175,772.7,196,-11760.685999999987,-7.222621616587219,-0.5910408360769976,12,ema_close
RVNL,2021-10-21,2021-11-22,32.98224999999999,36.2,5095,15933.338750000024,9.481615111158291,0.7755595511191046,20,ema_close
TATAPOWER,2021-09-30,2021-11-23,151.97899999999998,223.95,808,57700.189,46.987494982859474,3.843647397599444,35,ema_close
TITAN,2021-10-12,2021-11-23,2370.9125,2380.0,73,229.03750000003492,0.13233301524204197,0.010829701859603838,27,ema_close
INDIGO,2021-11-02,2021-11-23,2170.51275,2163.0,74,-956.0984999999928,-0.5952625710215204,-0.0487128757666612,13,ema_close
MARUTI,2021-11-22,2021-11-25,8070.475875,7640.0,21,-9441.093374999997,-5.5706241114313455,-0.4558779893089556,3,ema_close
ABB,2021-11-02,2021-11-26,2095.225,2043.0,49,-2809.292499999996,-2.736340965767396,-0.22393320964749516,16,ema_close
TVSMOTOR,2021-10-25,2021-11-29,620.5475,674.3,273,14214.222750000015,8.390453591385036,0.6866473245194694,23,ema_close
IFBIND,2021-10-25,2021-11-29,1300.2926249999998,1141.4,130,-21026.996249999967,-12.439209597147393,-1.0179586686292081,23,stop
ASAHIINDIA,2021-10-29,2021-11-30,407.365875,452.8,390,17277.828750000015,10.875266613827199,0.8898532967433034,20,ema_close
CARBORUNIV,2021-11-26,2021-11-30,962.4,892.35,116,-8384.581499999986,-7.51048160847879,-0.6146332908163253,2,ema_close
JAICORPLTD,2021-11-30,2021-12-01,116.4905,117.5,976,698.5720000000001,0.6144277859567948,0.05026157789403463,1,ema_close
CIPLA,2021-11-29,2021-12-03,969.11675,930.0,175,-7252.306249999994,-4.276239163134883,-0.34993571975926036,4,ema_close
VEDL,2021-11-25,2021-12-07,177.18646149999998,174.02,960,-3457.4510399999563,-2.0326109960720418,-0.16630193718396508,8,ema_close
INDRAMEDCO,2021-12-03,2021-12-13,85.46312499999999,77.8,1993,-15660.246625,-9.194170000219392,-0.7524208510383629,6,ema_close
MOREPENLAB,2021-12-07,2021-12-17,58.24525,53.35,2865,-14407.010624999966,-8.633536640326874,-0.7057471667660765,8,ema_close
HFCL,2021-12-13,2021-12-17,87.2175,76.56,1775,-19256.797499999986,-12.438902743142135,-1.0179591836734687,4,stop
THERMAX,2021-11-12,2021-12-20,1526.6571249999997,1611.15,100,8046.500000000029,5.270666129436255,0.4313156090929273,25,ema_close
WELCORP,2021-11-23,2021-12-20,146.41512500000002,164.8,1152,20704.752000000008,12.275285767095445,1.0043447586982488,19,ema_close
SCI,2021-11-23,2021-12-20,82.40800625,83.55,2047,1910.0940812500194,1.1323156480320862,0.09258961811022984,19,ema_close
BEML,2021-11-30,2021-12-20,927.7811687499999,862.47,179,-12076.654531249951,-7.271902688098156,-0.5951014221153098,14,ema_close
JINDALPOLY,2021-12-06,2021-12-20,1152.5241250000001,1020.0,92,-12426.819499999998,-11.719852285087738,-0.9591008216225996,10,ema_close
BOMDYEING,2021-12-17,2021-12-20,101.95425,89.49,1220,-15479.329500000007,-12.444773023194234,-1.0179493350983815,1,stop
TCIEXP,2021-10-28,2021-12-21,1840.3393749999998,2115.5,79,21319.878125000017,14.664245011874522,1.2000739285227937,36,ema_close
BSOFT,2021-11-23,2021-12-21,453.13,477.5,372,8621.565000000031,5.114702182596624,0.4185705255553564,20,ema_close
GLAXO,2021-11-29,2021-12-21,1704.2550125,1740.0,95,2982.5238125000033,1.8421531560553372,0.15075261393768388,16,ema_close
KITEX,2021-12-20,2021-12-21,60.51440875,58.36,2613,-6010.70676375,-3.801257911158225,-0.3106674452568545,1,ema_close
ALLDIGI,2021-12-20,2021-12-21,539.3645487499999,518.24,293,-6569.103583749966,-4.1567709264465975,-0.3401396076461785,1,ema_close
CGCL,2021-12-23,2021-12-27,122.5213395,118.72,1276,-5229.226001999981,-3.3448373293372176,-0.2735496048267238,2,ema_close
BAJAJELEC,2021-12-17,2022-01-07,834.6313749999999,822.9,196,-2702.5704999999725,-1.6520616661457117,-0.13519402988732987,15,ema_close
GMRAIRPORT,2021-12-28,2022-01-12,46.265375,45.0,3421,-4713.710374999995,-2.978199139205072,-0.24363990009504208,11,ema_close
POKARNA,2021-12-22,2022-01-21,703.1534999999999,703.2,219,-374.81849999993574,-0.24340346737941387,-0.019918881330482453,22,ema_close
SUNTECK,2021-12-28,2022-01-25,483.455625,490.0,327,1739.4356250000128,1.1002819545227214,0.090043482400737,20,ema_close
AFFLE,2022-01-07,2022-01-25,1320.6935,1240.0,120,-10055.220000000001,-6.344659074948125,-0.5192197467523009,12,ema_close
REDINGTON,2022-01-12,2022-01-25,163.6563205,151.91,954,-11568.295106999984,-7.409488043573596,-0.6061132280670997,9,ema_close
JUSTDIAL,2022-01-21,2022-01-25,926.159625,842.35,165,-14176.057499999995,-9.276532649541917,-0.7591074806971659,2,ema_close
KOLTEPATIL,2022-01-25,2022-01-27,302.755,300.0,529,-1854.1449999999895,-1.1577017720599099,-0.09474253277469874,1,ema_close
APARINDS,2021-12-22,2022-01-31,823.6038749999999,722.96,187,-19158.388424999954,-12.439387199337759,-1.0179583705416737,27,stop
LGBBROSLTD,2021-12-20,2022-02-09,578.4425,678.95,273,26975.16412500004,17.08209977655517,1.3979432674282903,36,ema_close
SHAREINDIA,2021-12-24,2022-02-10,201.99823625,248.59,768,35305.18176000001,22.757767396100228,1.8620321145865586,33,ema_close
KABRAEXTRU,2021-12-23,2022-02-14,358.945125,449.0,435,38685.583125000005,24.776036448468272,2.0274050284821925,36,ema_close
MMTC,2021-12-24,2022-02-14,47.1175,49.4,3296,7116.064000000013,4.5821616172335204,0.3749891445940085,35,ema_close
TRITURBINE,2022-01-27,2022-02-14,212.98112499999996,186.95,771,-20430.34349999996,-12.441712851314854,-1.0179544679686328,12,stop
NITINSPIN,2022-02-10,2022-02-14,320.79999999999995,298.0,529,-12455.304999999964,-7.339463840398983,-0.6006377551020402,2,ema_close
CCL,2021-12-28,2022-02-15,431.826875,450.4,276,4815.406499999997,4.040305504376028,0.3306454096438343,34,ema_close
TVSELECT,2022-01-25,2022-02-15,197.84337499999998,222.95,810,19884.892500000016,12.408426615245531,1.0151291951598995,14,ema_close
CANBK,2022-01-28,2022-02-15,46.73223924999999,45.47,2179,-2998.1171507499675,-2.944250633142912,-0.24087125727445466,12,ema_close
CHALET,2022-02-01,2022-02-15,257.6425,237.75,523,-10714.635624999995,-7.951667523797506,-0.6507385055189391,10,ema_close
NLCINDIA,2022-02-09,2022-02-15,73.132375,64.19,2308,-21009.377800000017,-12.447086533153076,-1.0179454563245232,4,stop
RANASUG,2022-02-14,2022-02-15,29.072499999999998,28.15,5567,-5527.335124999983,-3.4151689741164235,-0.2794862772695278,1,ema_close
AXISBANK,2022-01-27,2022-02-24,745.86,752.4,220,1024.9800000000105,0.6246480572761708,0.05111915734035602,20,ema_close
CHALET,2022-02-22,2022-02-24,276.8905,243.05,572,-19704.327499999956,-12.44106424741908,-1.0179555562122298,2,stop
LINDEINDIA,2022-02-22,2022-02-25,2904.2425,2744.0,54,-9023.535000000003,-5.753737850747658,-0.47086711798975767,3,ema_close
HINDZINC,2022-03-03,2022-03-07,352.629375,322.1,450,-14100.581249999988,-8.885993970298129,-0.7272007310386842,2,ema_close
POWERINDIA,2022-03-04,2022-03-07,3838.5724999999998,3369.52,41,-19576.528299999976,-12.438902743142128,-1.0179591836734685,1,stop
RHIM,2022-02-14,2022-03-08,463.155,494.0,349,10333.890000000014,6.393108138744058,0.5231910946196671,15,ema_close
FINEORG,2022-02-28,2022-03-08,4283.632374999999,3893.4,36,-14398.771499999973,-9.337072838796054,-0.7641067939904558,5,ema_close
EVEREADY,2022-02-18,2022-03-11,338.84499999999997,331.0,469,-4067.4024999999965,-2.559429827797368,-0.20945537978505008,14,ema_close
OIL,2022-03-03,2022-03-15,163.4075,150.65,971,-12753.23537499999,-8.037651270596509,-0.6577751345937143,8,ema_close
COALINDIA,2022-03-04,2022-03-16,183.66451625,171.49,858,-10813.580992499978,-6.862099172626642,-0.5615287542675363,8,ema_close
ONGC,2022-03-10,2022-03-16,163.7537635,161.2,934,-2761.6171090000134,-1.8056156004011563,-0.14773650642968858,4,ema_close
LEMONTREE,2022-03-10,2022-03-22,57.24275,53.1,2392,-10226.996,-7.469068135266038,-0.610545856984756,7,ema_close
BALRAMCHIN,2022-03-15,2022-04-18,488.568375,477.85,306,-3645.377999999997,-2.438348573011913,-0.19951974911392234,21,ema_close
SHANKARA,2022-02-14,2022-04-26,649.62,775.6,249,30886.209000000003,19.094393645515844,1.5626228269085414,47,ema_close
GPIL,2022-03-04,2022-04-27,70.41650225,83.79,1111,14625.229275250007,18.694513827545315,1.5295438689974223,35,ema_close
INGERRAND,2022-03-16,2022-05-04,1533.6245,1630.45,99,9182.188125000044,6.047723872434254,0.49491541024895624,31,ema_close
JUSTDIAL,2022-04-18,2022-05-04,886.1598749999999,835.0,164,-8732.569499999983,-6.008777479345914,-0.49171148272172194,11,ema_close
ANGELONE,2022-03-22,2022-05-05,162.31838399999998,174.01,781,8791.397571000023,6.934883605051188,0.5674147148275805,29,ema_close
SARDAEN,2022-03-07,2022-05-06,90.225,117.6,1678,45441.918000000005,30.014962593516216,2.4563265306122473,40,ema_close
GAEL,2022-03-10,2022-05-09,109.1572125,153.98,1401,62257.41033749998,40.709941635785164,3.3293721441836635,38,ema_close
ELGIEQUIP,2022-04-26,2022-05-09,338.34375,314.8,560,-13625.220000000001,-7.191133277916322,-0.5884988662131521,8,ema_close
RAMKY,2022-04-27,2022-05-09,209.42225,194.45,461,-7126.310874999981,-7.381438696222566,-0.6040256327599165,7,ema_close
CRISIL,2022-05-04,2022-05-09,3597.6717499999995,3210.35,27,-10674.385874999978,-10.988985445934562,-0.8992904127241197,3,ema_close
CREDITACC,2022-03-16,2022-05-10,776.9375,947.15,187,31386.944874999986,21.603362561338578,1.7679486504279125,35,ema_close
TARC,2022-05-06,2022-05-10,45.012249999999995,39.51,4286,-24005.993149999966,-12.443334869952054,-1.0179517470125852,2,stop
TATACHEM,2022-05-04,2022-05-11,1035.5825,969.2,191,-13141.850499999971,-6.644135064082277,-0.5437343185095903,5,ema_close
PAISALO,2022-05-05,2022-05-11,42.355624999999996,37.18,3264,-17196.628799999977,-12.43890274314213,-1.0179591836734687,4,stop
VADILALIND,2022-02-15,2022-05-25,1067.9632499999998,1711.0,144,91981.33200000002,59.81097664175245,4.894585000756696,66,ema_close
CHENNPETRO,2022-03-11,2022-05-30,123.77155725,269.78,1220,177307.471155,117.42115553773561,9.604695032297485,52,ema_close
VENKEYS,2022-08-03,2022-08-05,2401.338375,2107.9,75,-22403.10937499997,-12.439235057824769,-1.017958625895471,2,stop
CAPLIPOINT,2022-08-04,2022-08-22,825.659,779.4,218,-10509.235000000015,-5.83866947492852,-0.47777975995797844,10,ema_close
NFL,2022-08-05,2022-08-23,51.528499999999994,47.0,3197,-14853.261999999959,-9.016369581881847,-0.7376359450662839,10,ema_close
DEVYANI,2022-08-02,2022-08-24,179.39737499999998,187.7,1001,7841.2083750000165,4.366493656888802,0.3572418039094977,14,ema_close
APLAPOLLO,2022-08-05,2022-08-29,1055.4319999999998,957.9,167,-16687.767249999975,-9.467852973948096,-0.7747941413640173,14,ema_close
TNPL,2022-08-04,2022-09-13,239.5975,247.9,751,5769.745250000007,3.2065234403530964,0.2624114080778758,25,ema_close
SBILIFE,2022-08-02,2022-09-16,1297.636,1289.0,138,-1636.472999999969,-0.9138541162544641,-0.07478589357112984,30,ema_close
JKPAPER,2022-08-02,2022-09-19,370.47387499999996,409.2,484,18248.31250000003,10.17699966023247,0.8327788376850906,31,ema_close
BHEL,2022-08-29,2022-09-19,56.14,59.55,3035,9897.514375000028,5.808915211970091,0.47538265306122585,14,ema_close
SCHAEFFLER,2022-08-03,2022-09-21,2787.45125,3330.0,64,34190.32000000001,19.165312756590815,1.5684266153863098,32,ema_close
KEI,2022-08-05,2022-09-26,1392.723125,1436.0,127,5040.233124999999,2.849588284103489,0.23320100039295896,33,ema_close
ZENTEC,2022-08-23,2022-09-26,203.25687499999998,197.7,738,-4465.730249999964,-2.9770825710077222,-0.24363471652532592,23,ema_close
HAL,2022-09-13,2022-09-26,1310.2675,1150.16,141,-22980.588900000002,-12.438902743142148,-1.0179591836734705,9,stop
ACC,2022-09-16,2022-09-26,2750.0579999999995,2460.0,64,-18957.311999999976,-10.770972830391203,-0.8814455077846028,6,ema_close
FORCEMOT,2022-08-22,2022-09-27,1235.08,1224.05,137,-1930.3471249999711,-1.140826909997716,-0.09336154916511928,25,ema_close
ARVINDFASN,2022-09-26,2022-09-27,311.67724999999996,295.9,593,-9794.580999999976,-5.299392239889168,-0.43366218353911,1,ema_close
APOLLOTYRE,2022-09-19,2022-09-28,285.01075,270.0,662,-10383.966499999951,-5.503564339239811,-0.4503420110103843,7,ema_close
HCG,2022-09-27,2022-09-29,272.7559895,272.68,653,-494.7712434999994,-0.2777902334569995,-0.02272887384968725,2,ema_close
GMMPFAUDLR,2022-08-03,2022-10-12,1744.500375,1858.0,103,11212.026374999987,6.239873981110486,0.5106461205033758,46,ema_close
SBCL,2022-09-29,2022-10-12,463.505875,497.0,394,12707.140250000026,6.958191198763138,0.5693552266603716,8,ema_close
RVNL,2022-10-12,2022-10-21,37.0925,35.95,5169,-6370.146374999982,-3.3224371503673154,-0.2718974076116926,7,ema_close
RENUKA,2022-09-21,2022-10-24,55.488375,59.5,3437,13276.701375000004,6.9615933067061375,0.5690426648498359,22,ema_close
HBLENGINE,2022-10-12,2022-11-01,114.18475,104.0,1679,-17536.73524999997,-9.147237262419003,-0.7484727422562202,13,ema_close
LTFOODS,2022-09-19,2022-11-02,104.25999999999999,120.9,1811,29587.66525000005,15.670199501246909,1.282397959183676,30,ema_close
KPITTECH,2022-09-26,2022-11-10,652.6274999999999,671.0,283,4724.685000000027,2.5581208269648608,0.20934825543120608,30,ema_close
HFCL,2022-11-02,2022-11-11,82.90675,79.15,2392,-9459.46299999996,-4.769967463445356,-0.3901275063506529,6,ema_close
RITES,2022-09-30,2022-11-14,162.37101525,184.22,1140,24382.815615,13.172569449706634,1.0779909435329929,28,ema_close
TRITURBINE,2022-10-04,2022-11-14,256.13874999999996,271.3,324,4692.492000000013,5.654357257541095,0.4627341347497923,26,ema_close
BHEL,2022-10-21,2022-11-16,66.816625,70.65,2818,10304.721500000014,5.4728145876868295,0.4477675906509732,16,ema_close
KALYANKJIL,2022-08-24,2022-11-17,77.54337499999998,101.0,2279,52882.20087500007,29.924058631701335,2.4468214111537376,57,ema_close
PIIND,2022-11-11,2022-11-21,3559.9777499999996,3309.95,55,-14206.644374999945,-7.255737061839756,-0.5937749091847386,6,ema_close
ETERNAL,2022-11-14,2022-11-21,72.982,64.06,2744,-24921.419599999994,-12.444369844619217,-1.0179500112082494,5,stop
FORTIS,2022-11-17,2022-11-22,293.3315,284.6,668,-6307.92399999997,-3.21922466560869,-0.2633920477525336,3,ema_close
RPGLIFE,2022-10-03,2022-11-29,810.4209999999999,872.8,229,13785.113000000012,7.427867737879455,0.6078601649988397,38,ema_close
AEGISLOG,2022-10-24,2022-11-30,298.494375,317.0,648,11478.10500000004,5.934157050698213,0.48563203618979234,25,ema_close
VEDL,2022-11-10,2022-11-30,154.91742775,152.66,1306,-3446.6355415,-1.7035383225306617,-0.13935777259929075,14,ema_close
ESCORTS,2022-11-22,2022-12-14,2195.475,2230.0,87,2518.6500000000233,1.3186212550814866,0.10791165781381151,16,ema_close
MANAPPURAM,2022-11-16,2022-12-19,116.941625,115.8,1698,-2430.0502500000002,-1.2237943503863573,-0.10013731818460116,23,ema_close
KIRLOSENG,2022-11-21,2022-12-19,322.70474999999993,321.6,593,-1131.8887499999546,-0.591484940956067,-0.04840274123710498,20,ema_close
BHEL,2022-11-29,2022-12-19,82.0045,81.25,2407,-2305.003374999971,-1.1677712808443295,-0.09552845528455176,14,ema_close
EPL,2022-12-19,2022-12-21,191.527625,168.12,1040,-24781.041999999987,-12.440985993534868,-1.0179556875163538,2,stop
JTLIND,2022-09-26,2022-12-22,58.44825625,79.88,3166,67220.6505125,36.32622273483137,2.9702409940885914,60,ema_close
PNB,2022-11-14,2022-12-22,45.020169749999994,53.9,2158,18871.883179500015,19.424805145253828,1.5870800078346068,28,ema_close
ENGINERSIN,2022-11-21,2022-12-22,78.49574999999999,81.55,2439,6952.064625000028,3.631247551619052,0.29704556704791363,23,ema_close
TATACOMM,2022-12-14,2022-12-22,1370.868625,1286.0,148,-13036.376499999984,-6.42538777193182,-0.525813920690907,6,ema_close
JKTYRE,2022-11-30,2022-12-23,194.033875,183.25,1001,-11253.241999999998,-5.793833679814928,-0.474068451486735,17,ema_close
AHLUCONT,2022-12-19,2022-12-23,477.99199999999996,447.55,413,-13034.641375000007,-6.602804021824636,-0.5403149181675003,4,ema_close
DALMIASUG,2022-12-21,2022-12-23,413.03,362.56,422,-21680.840799999947,-12.438902743142116,-1.0179591836734676,2,stop
PRICOLLTD,2022-12-22,2022-12-23,202.505,177.76,954,-24030.687600000005,-12.438902743142148,-1.0179591836734694,1,stop
RBLBANK,2022-11-01,2022-12-26,136.54049999999998,149.6,1353,17163.481500000024,9.290650026915106,0.7600431383122153,38,ema_close
APOLLOTYRE,2022-11-30,2022-12-26,313.48175,306.5,620,-4803.75999999998,-2.4715952364052987,-0.2022356065697854,18,ema_close
CONFIPET,2022-12-23,2022-12-26,80.30024999999999,75.25,2336,-12236.843999999983,-6.523485294254991,-0.5334258292813319,1,ema_close
HUHTAMAKI,2022-12-23,2022-12-26,216.48987499999998,198.9,866,-15663.450249999965,-8.354720977135749,-0.6835680440667226,1,ema_close
SALZERELEC,2022-12-23,2022-12-26,244.55987499999998,230.0,767,-11608.449124999985,-6.188617409131396,-0.506354576591571,1,ema_close
IOLCP,2022-12-22,2023-01-03,80.13293275,73.03,2413,-17579.93020074998,-9.091777250596124,-0.7439556602693914,8,ema_close
CCL,2022-12-28,2023-01-09,563.054125,529.0,329,-11638.909624999971,-6.2829883361568335,-0.5141643033757048,8,ema_close
PNBHOUSING,2022-12-19,2023-01-23,390.223125,447.65,510,28716.952500000043,14.429629202523579,1.1808737367779507,25,ema_close
ARVSMART,2022-12-29,2023-01-23,317.94287499999996,299.45,582,-11198.552999999985,-6.051873312147654,-0.49524005623779405,17,ema_close
HIKAL,2023-01-02,2023-01-23,411.12525,388.7,450,-10528.649999999965,-5.690966439059611,-0.46565595752832206,15,ema_close
JBMA,2022-12-28,2023-01-25,259.18835499999994,259.44,716,-284.2197799999558,-0.15315309979876923,-0.0125307958699225,20,ema_close
DBCORP,2023-01-03,2023-01-27,132.08649275,126.16,1435,-8957.116096249956,-4.7256101816663385,-0.38657885936250597,17,ema_close
USHAMART,2022-12-22,2023-01-30,140.35,179.95,1377,53909.72212500003,27.89463840399004,2.282806122448982,26,ema_close
JINDALSTEL,2022-12-28,2023-01-30,574.232,588.0,323,3972.2540000000154,2.1416430989565276,0.17525508749928823,22,ema_close
SAIL,2023-01-03,2023-01-30,89.172375,88.15,2125,-2640.84375,-1.393649098165211,-0.11398892443160315,18,ema_close
SCHNEIDER,2023-01-09,2023-01-30,181.60287499999998,175.2,955,-6533.03562499996,-3.766942015648133,-0.3082464529719544,14,ema_close
PRAKASH,2023-01-03,2023-02-06,58.54599999999999,63.95,1510,7918.628750000018,8.957272913606417,0.7328290944661847,23,ema_close
AEGISLOG,2023-01-31,2023-02-10,370.92499999999995,352.85,493,-9345.86262499995,-5.110770371368849,-0.4182487589630431,8,ema_close
ANDHRAPAP,2023-02-01,2023-02-14,90.984494,87.61,2018,-7251.721341999975,-3.949594971644276,-0.32302763613338176,9,ema_close
GRAVITA,2023-01-25,2023-02-21,499.69612499999994,487.95,375,-4862.249999999971,-2.5947769757069707,-0.21232721087182027,18,ema_close
DATAPATTNS,2023-02-01,2023-02-21,1395.9812499999998,1340.95,131,-7648.254874999955,-4.182264267517896,-0.3422628512805467,14,ema_close
INDHOTEL,2023-02-02,2023-02-22,322.805,308.0,559,-8706.424999999988,-4.824894286024064,-0.39485359361135713,14,ema_close
BBL,2023-01-24,2023-02-23,1348.312375,1285.0,140,-9313.482499999984,-4.933936395859297,-0.4037625398395713,21,ema_close
PIIND,2023-02-21,2023-02-24,3348.35,3176.55,53,-9526.292874999956,-5.368058148043041,-0.43930435048270594,3,ema_close
DATAMATICS,2023-01-23,2023-02-28,303.3565,298.2,628,-3706.4559999999765,-1.9455656958067367,-0.15918438903348378,25,ema_close
M&MFIN,2023-02-07,2023-02-28,261.91124525,252.88,693,-6696.767558249994,-3.6895877612188905,-0.3018765803870126,15,ema_close
ZYDUSLIFE,2023-02-07,2023-02-28,471.32537499999995,457.4,385,-5801.516874999972,-3.1971278864414905,-0.2616334210863276,15,ema_close
ACE,2023-02-08,2023-02-28,361.9025,349.0,468,-6446.6999999999825,-3.8062737892111724,-0.3114930182599349,14,ema_close
PAYTM,2023-02-10,2023-02-28,677.639875,594.83,256,-21580.01919999998,-12.439785955630184,-1.0179577013007206,12,stop
TRENT,2023-02-14,2023-02-28,873.779,859.2,201,-3362.1269999999786,-1.9143284514734153,-0.15665065228181474,10,ema_close
ELECON,2023-02-22,2023-02-28,208.51999999999998,189.85,830,-15890.038749999978,-9.18119365048915,-0.7513589089481939,4,ema_close
SWANCORP,2023-03-08,2023-03-15,289.22125,253.88,594,-21369.714299999963,-12.438902743142124,-1.0179591836734676,5,stop
HAL,2023-02-21,2023-03-21,1301.74625,1328.5,138,3233.685000000027,1.800082005229529,0.1473128334891922,19,ema_close
POLYMED,2023-03-06,2023-03-21,962.4,948.05,178,-2976.1822499999835,-1.737336346633407,-0.1421779336734686,10,ema_close
BALRAMCHIN,2023-03-09,2023-03-21,401.350875,365.75,429,-15665.042249999999,-9.0980865558098,-0.7444362613307107,8,ema_close
MGL,2023-03-08,2023-04-05,988.4148749999999,929.15,173,-10654.68075,-6.230961467470833,-0.5098962101008095,18,ema_close
SCHAND,2023-03-10,2023-04-13,214.02743424999997,216.0,799,1144.6200342500233,0.6693374403239754,0.05476705919656592,21,ema_close
NFL,2023-04-13,2023-04-18,86.21499999999999,75.68,1973,-21158.84659999996,-12.438902743142123,-1.0179591836734692,2,stop
VSSL,2023-03-09,2023-04-21,186.91612499999997,197.45,921,9247.070250000019,5.371526934875213,0.4394727771120937,27,ema_close
NEOGEN,2023-04-13,2023-05-09,1613.774375,1520.0,105,-10245.309374999983,-6.046345543192793,-0.4948131760857774,16,ema_close
RCF,2023-04-13,2023-05-10,107.16725,105.5,1588,-3066.4279999999853,-1.801856444016237,-0.14743553035942586,17,ema_close
INDIANB,2023-04-18,2023-05-10,310.2823715,297.78,543,-7193.024074500019,-4.269279442451353,-0.34931416406803667,15,ema_close
KSB,2023-03-13,2023-05-11,417.803905,441.01,414,9150.87797999999,5.290417283198915,0.43294572667849757,38,ema_close
MGL,2023-05-10,2023-05-22,1076.58475,1027.95,158,-8090.330749999994,-4.756209392711532,-0.38922672879542514,8,ema_close
JAICORPLTD,2023-05-09,2023-05-29,163.25712499999997,157.4,1055,-6594.409374999959,-3.828699666247316,-0.31320267824147885,14,ema_close
WELSPUNLIV,2023-04-17,2023-05-30,81.352875,90.65,2095,19002.69750000001,11.1495752301317,0.912261292634173,30,ema_close
GRAUWEIL,2023-04-17,2023-05-30,56.992125,52.6,2990,-13525.638750000013,-7.9372808085327655,-0.6488158201409191,30,ema_close
IDBI,2023-04-17,2023-06-09,51.82925,54.85,3288,9481.359000000026,5.563701963659532,0.45488425286903156,38,ema_close
BSOFT,2023-05-10,2023-06-12,309.020625,328.5,516,9627.592500000028,6.037825145166299,0.49411589453299704,23,ema_close
MARICO,2023-05-11,2023-06-12,532.02675,536.85,321,1117.4411250000412,0.6543139043290829,0.053541971876479966,22,ema_close
DEEPAKNTR,2023-05-29,2023-06-12,2080.388,2026.0,79,-4696.786999999982,-2.8577842210202986,-0.2338662093164127,10,ema_close
WABAG,2023-04-18,2023-06-19,387.9675,461.9,272,19795.54800000001,18.75872334667209,1.5351526657174515,43,ema_close
MASTEK,2023-04-21,2023-06-23,1781.4424999999999,1930.0,94,13510.85500000001,8.06832103758612,0.6602850481779664,44,ema_close
INDIACEM,2023-06-12,2023-06-26,230.925875,209.25,765,-16982.234999999986,-9.613041414263336,-0.7864769471274133,10,ema_close
MAHSEAMLES,2023-03-10,2023-07-04,356.78974999999997,456.0,479,46975.64975000001,27.486846244882322,2.2493305580880643,76,ema_close
RAMCOCEM,2023-05-22,2023-07-11,844.1049999999999,925.05,205,16119.636875000026,9.315473193500825,0.7623479082844561,35,ema_close
NAUKRI,2023-05-30,2023-07-11,841.5170462499999,873.92,208,6285.375980000012,3.590914038480781,0.293845018423991,29,ema_close
VIYASH,2023-06-26,2023-07-24,88.22,87.7,1815,-1341.7387499999895,-0.8379619133983159,-0.06857606679035197,19,ema_close
HINDZINC,2023-07-11,2023-07-24,330.77487499999995,315.0,583,-9655.864624999958,-5.00714420948687,-0.4097075130102433,9,ema_close
TANLA,2023-07-24,2023-08-02,1269.26525,1114.16,157,-24788.83204999994,-12.439531453334881,-1.0179581284321437,7,stop
JBMA,2023-06-09,2023-08-04,470.15796374999996,675.48,378,76973.40110250004,43.31168499748721,3.5440402506432394,39,ema_close
STAR,2023-06-12,2023-08-04,357.347541,401.02,494,21078.935046000028,11.940731110277897,0.9771539230935877,38,ema_close
HDFCAMC,2023-06-23,2023-08-04,1015.121475,1210.8,178,34291.97145000001,18.97817450862224,1.5529966491732574,29,ema_close
FACT,2023-06-19,2023-08-10,376.990125,468.25,332,29909.63100000001,23.896978733859413,1.9554809108939923,37,ema_close
UNITDSPR,2023-07-24,2023-08-14,1041.6476249999998,987.6,144,-8138.393999999971,-5.425695181707903,-0.4440072237972849,15,ema_close
HFCL,2023-08-10,2023-08-21,71.97949999999999,67.45,2874,-13502.411249999917,-6.527032002167245,-0.5339081766009407,6,ema_close
POONAWALLA,2023-08-04,2023-08-29,419.295625,417.4,489,-1437.2321250000095,-0.700967247154086,-0.05736487063444666,16,ema_close
FDC,2023-08-04,2023-08-30,373.88237499999997,380.8,549,3275.1281250000466,1.595588719580613,0.13056062417416667,17,ema_close
VASCONEQ,2023-08-04,2023-09-12,48.621249999999996,56.8,4221,33923.12175000002,16.52929531840503,1.3527035556490654,26,ema_close
TEXRAIL,2023-06-12,2023-09-13,66.616125,139.95,2246,163922.06399999995,109.55905946195456,8.959351839064587,65,ema_close
LATENTVIEW,2023-08-21,2023-09-13,429.821875,421.35,449,-4276.837249999953,-2.216092422006185,-0.1813577675968328,17,ema_close
BEML,2023-08-30,2023-09-13,1233.73334175,1173.96,169,-10597.692855749949,-5.082803522279024,-0.4159382580812272,10,ema_close
BLS,2023-08-02,2023-09-14,243.50725,270.8,719,19136.72425000003,10.930167376946699,0.8944290887094755,30,ema_close
ADANIPORTS,2023-09-13,2023-09-21,861.1474999999999,821.15,280,-11774.104999999981,-4.8830630060471565,-0.39961393171936943,5,ema_close
RAILTEL,2023-08-29,2023-09-22,191.327125,211.4,1066,20834.303749999992,10.215161598231298,0.8356895086505927,17,ema_close
MAHLIFE,2023-05-30,2023-09-25,441.1639595,557.13,392,44912.70047600003,25.970665334913896,2.1251122448166715,81,ema_close
SJVN,2023-07-11,2023-09-27,47.1175,68.65,4094,87451.42225000003,45.33533188305833,3.710095527572732,54,ema_close
BERGEPAINT,2023-09-25,2023-09-27,669.67,599.0,325,-23454.4375,-10.776576522764945,-0.881919833801785,2,ema_close
MAZDOCK,2023-09-12,2023-10-10,1046.537018,1104.98,228,12695.161296000006,5.320455085899314,0.4353884613995771,18,ema_close
EMBDL,2023-09-27,2023-10-10,82.70625,78.9,2925,-11710.23749999996,-4.840625708456116,-0.3961410018552861,8,ema_close
IOB,2023-08-14,2023-10-19,30.626375,42.9,4631,56342.48262500003,39.72515519711363,3.247505922391647,45,ema_close
PRAJIND,2023-09-13,2023-10-20,560.1969999999999,572.65,390,4298.336250000051,1.9674105716382153,0.16099704924259242,25,ema_close
STAR,2023-09-27,2023-10-23,470.08839025,455.85,495,-7612.117548749957,-3.271302922801743,-0.2676840061676039,17,ema_close
GIPCL,2023-09-14,2023-10-25,135.841557,153.5,1430,24702.810990000027,12.716795494327277,1.0405465583740139,26,ema_close
BLUESTARCO,2023-09-21,2023-10-25,905.207375,878.0,253,-7438.800874999986,-3.248136925530456,-0.2658025016413557,22,ema_close
KSB,2023-09-22,2023-10-25,620.1644447499999,595.22,363,-9594.995594249951,-4.262175133347947,-0.34878522679945995,21,ema_close
SYRMA,2023-10-10,2023-10-25,627.915875,624.65,380,-1834.4499999999825,-0.7688131789947107,-0.06291060081089776,10,ema_close
IRCON,2023-10-19,2023-10-25,155.187,145.85,1280,-12418.080000000016,-6.251570685688887,-0.5115002372541787,3,ema_close
PFC,2023-09-13,2023-10-26,227.66774999999998,235.0,1059,7142.690250000043,2.962540807821943,0.2423749674335886,28,ema_close
MINDACORP,2023-10-25,2023-10-26,328.82,326.65,768,-2293.728000000003,-0.9082856882184792,-0.07433113489298165,1,ema_close
CREDITACC,2023-10-25,2023-11-20,1511.1685,1606.0,167,15166.355500000005,6.009687205629288,0.4918078507081993,18,ema_close
ICIL,2023-10-30,2023-11-21,265.36175,274.45,972,8166.865500000014,3.1662909217323203,0.2590709721183724,16,ema_close
VENUSPIPES,2023-10-30,2023-11-22,1398.8383749999998,1399.9,184,-448.6149999999616,-0.17429640504392022,-0.01426318110254526,17,ema_close
NBCC,2023-10-23,2023-11-23,45.98186799999999,44.07,4989,-10087.972526999947,-4.397479023688184,-0.3596745779160934,22,ema_close
OLECTRA,2023-11-22,2023-12-01,1278.4882499999999,1201.6,200,-15978.449999999983,-6.2489623975816695,-0.5113815843165367,6,ema_close
KALYANKJIL,2023-10-10,2023-12-08,257.442,321.9,942,59961.3615,24.72527792667863,2.023178755323882,41,ema_close
WELSPUNLIV,2023-10-26,2023-12-08,140.65075000000002,156.0,1806,27016.405499999993,10.63574136646978,0.8701918182743612,30,ema_close
IPCALAB,2023-10-25,2023-12-13,1000.4949999999999,1083.1,252,20134.10699999999,7.985772042838792,0.6535295079955833,34,ema_close
GMDCLTD,2023-11-23,2023-12-13,425.511125,404.0,518,-11665.942749999987,-5.292722957595992,-0.4330891879742982,13,ema_close
BSE,2023-07-04,2023-12-21,223.51188624999998,765.84,871,470700.1704762501,241.78289701584058,19.779509687037095,117,ema_close
SPANDANA,2023-10-30,2023-12-21,839.7219697499999,947.81,60,6343.110315000013,12.589703384975683,1.0302745918197362,37,ema_close
IEX,2023-12-08,2023-12-21,158.144375,142.15,1887,-30851.978249999986,-10.338496073603626,-0.8460687603091945,9,ema_close
MANAPPURAM,2023-11-20,2024-01-11,155.68825,169.85,1723,23669.066374999995,8.82348218314484,0.7219331783006838,36,ema_close
ADANIPOWER,2023-12-01,2024-01-18,87.60195875,104.28,2738,44950.68034250004,18.740838086568488,1.532618042428517,33,ema_close
DIXON,2023-12-13,2024-01-19,6372.39125,6198.0,45,-8544.881249999977,-2.9798272351842723,-0.24385933087936612,26,ema_close
ACC,2023-12-08,2024-01-24,2150.3624999999997,2206.0,132,6616.170000000042,2.3308860715344655,0.19075210503782067,31,ema_close
RIIL,2023-12-21,2024-01-24,1238.0874999999999,1339.4,229,22433.756000000052,7.912526376366795,0.647535321821038,22,ema_close
AARTIIND,2024-01-24,2024-02-09,645.61,639.0,498,-4087.335000000021,-1.271278325924326,-0.10403726708074588,11,ema_close
BLS,2023-12-13,2024-02-12,317.89275,385.0,615,40679.02125000002,20.80725338970456,1.7024470597319392,40,ema_close
IRCTC,2023-12-21,2024-02-12,809.0174999999999,941.95,351,45832.746375000046,16.140271996588474,1.3208671572718325,34,ema_close
BDL,2024-02-09,2024-02-12,958.7158125,841.56,331,-39474.96483750001,-12.439527015728661,-1.0179581358799419,1,stop
RAILTEL,2023-11-21,2024-02-13,265.11112499999996,358.0,1004,92361.85050000006,34.700118676649296,2.8392185456523564,56,ema_close
SJVN,2024-01-18,2024-02-13,101.75375,107.25,3102,16217.643749999988,5.138017026399515,0.42047853624208265,16,ema_close
SOUTHBANK,2024-01-19,2024-02-13,30.826874999999998,33.3,10301,24618.102375000017,7.75256979502464,0.6344449975112003,15,ema_close
TTML,2024-02-12,2024-02-13,99.59837499999999,89.25,3742,-39558.552999999956,-10.614128995578481,-0.8680550566064846,1,ema_close
JKTYRE,2023-12-21,2024-02-14,357.94262499999996,464.75,793,83776.88150000002,29.514646376636488,2.415161412923895,36,ema_close
WEBELSOLAR,2024-01-24,2024-02-27,30.054949999999998,39.49,10685,99758.63262500009,31.0641841027851,2.540531163689305,23,ema_close
SUPRIYA,2024-02-13,2024-02-29,331.72724999999997,343.3,1027,11003.791500000108,3.2299125260285693,0.2643124533608006,12,ema_close
BAJAJ-AUTO,2023-10-20,2024-03-01,5463.8124675,7955.0,40,98852.0013,45.23032309765123,3.701476670570382,90,ema_close
IRB,2024-01-11,2024-03-01,23.057499999999997,31.75,13612,117241.8575000001,37.354982109942576,3.0570097604259137,34,ema_close
BOROLTD,2024-02-14,2024-03-07,385.010125,366.4,883,-17241.56837500003,-5.071587403058565,-0.4150068676756974,16,ema_close
RAILTEL,2024-02-29,2024-03-12,457.14,411.25,760,-35657.774999999965,-10.263403990024928,-0.8399234693877541,7,ema_close
DOLLAR,2024-02-13,2024-03-13,467.61612499999995,492.0,728,16856.021000000008,4.951470610642438,0.4051696418611067,20,ema_close
TIMETECHNO,2024-02-14,2024-03-13,98.74624999999999,104.0,3443,17193.48125000007,5.0571540691418875,0.4138609758624285,19,ema_close
KELLTONTEC,2024-03-01,2024-03-13,22.857,21.12,15273,-27335.61540000001,-7.830423940149628,-0.6398998927422238,7,ema_close
BERGEPAINT,2024-03-01,2024-03-13,590.77325,566.75,590,-15009.673749999958,-4.306241861831071,-0.3523892469171281,7,ema_close
BHEL,2024-03-07,2024-03-13,257.39187499999997,225.94,1368,-43798.87979999994,-12.438902743142128,-1.0179591836734687,3,stop
TRITURBINE,2024-02-12,2024-03-14,467.35316925,456.42,797,-9623.152742250008,-2.5835321218376457,-0.21140867173992467,22,ema_close
ACE,2024-02-12,2024-03-14,1114.526568,1073.07,88,-3884.2533840000106,-3.960358080939002,-0.32408484037571444,22,ema_close
INDUSTOWER,2024-02-27,2024-03-14,241.752875,234.85,1441,-10793.089999999967,-3.0982051402697808,-0.2535298274118542,11,ema_close
TATAPOWER,2024-03-12,2024-03-14,415.436,371.95,827,-36731.928625,-10.691388083844444,-0.874913820273412,2,ema_close
RALLIS,2024-03-13,2024-03-14,259.096125,240.6,1299,-24807.814874999982,-7.370864770748689,-0.6030932108049218,1,ema_close
KEC,2024-03-13,2024-03-14,735.033,700.95,458,-16412.601749999973,-4.8753423315687785,-0.39895544570989555,1,ema_close
CARBORUNIV,2024-03-26,2024-04-19,1247.11,1225.0,267,-6721.057499999995,-2.018466694998836,-0.1651847234070477,15,ema_close
STARCEMENT,2024-03-26,2024-04-19,232.07874999999999,215.0,1435,-25279.318749999977,-7.5906346444902795,-0.6211927535593068,15,ema_close
SHANTIGEAR,2024-03-26,2024-04-22,555.2346249999999,548.8,454,-3544.2077499999723,-1.4060047137730178,-0.11504926893339909,16,ema_close
SMSPHARMA,2024-02-13,2024-05-06,146.66575,202.7,2322,128934.85499999998,37.8598957152573,3.097638871455867,53,ema_close
TORNTPOWER,2024-03-27,2024-05-07,1395.429875,1446.0,200,9391.024999999965,3.3649218668189844,0.27536452862166266,25,ema_close
MARKSANS,2024-04-19,2024-05-07,167.8185,164.0,1736,-7340.676000000036,-2.5196864469650366,-0.20618280225272548,11,ema_close
LINDEINDIA,2024-03-13,2024-05-09,6336.050625,7700.0,53,71269.06687500002,21.222989754757528,1.736820181970973,36,ema_close
EMUDHRA,2024-03-22,2024-05-09,695.3841249999999,726.75,471,13917.579000000027,4.249306093952039,0.34774115061496746,29,ema_close
ANUP,2024-03-20,2024-05-14,1561.3686874999999,1812.0,209,51435.17431250005,15.761896243356055,1.289848036821534,34,ema_close
APARINDS,2024-03-27,2024-05-30,6867.074874999999,7787.95,47,42366.04674999998,13.126480581733857,1.0742206277700919,41,ema_close
GODREJPROP,2024-05-07,2024-05-31,2841.085,2735.0,130,-14679.924999999988,-3.974625891164816,-0.3252704045626717,17,ema_close
RECLTD,2024-05-06,2024-06-04,508.4178749999999,446.29,729,-46104.584399999934,-12.439295136898936,-1.0179585250581966,20,stop
ABB,2024-05-14,2024-06-04,8004.210625,7026.14,45,-44803.618874999986,-12.43890274314214,-1.0179591836734698,14,stop
JBMA,2024-05-30,2024-06-04,1041.1598085,913.93,367,-47531.870494500035,-12.439457655073332,-1.0179582522911679,3,stop
SBIN,2024-06-04,2024-06-04,885.76398775,777.52,415,-45727.931916249974,-12.439858616277318,-1.0179575793575655,0,stop_day0
GAIL,2024-06-04,2024-06-04,230.35104149999998,202.2,1040,-29802.80315999998,-12.44037852548628,-1.0179567068593178,0,stop_day0
POWERINDIA,2024-03-22,2024-06-05,7258.099999999999,10046.8,45,124361.23499999999,38.07584629586255,3.1160029315593647,47,ema_close
ARE&M,2024-04-19,2024-06-05,970.369875,1119.95,354,51960.20850000001,15.126216691341538,1.2378175470331705,31,ema_close
BHARATFORG,2024-05-09,2024-06-05,1408.662875,1490.0,261,20256.76462500001,5.509630897314593,0.4508849631425725,18,ema_close
BANKBARODA,2024-06-05,2024-06-06,257.6425,262.6,1342,5771.942000000039,1.669367437437546,0.13661558008417474,1,ema_close
CONCOR,2024-06-05,2024-06-06,785.158,811.2,440,10566.159999999974,3.0584926855486336,0.2502814024263137,1,ema_close
CENTRALBK,2024-06-06,2024-06-07,62.706374999999994,64.4,5703,8740.56037500006,2.444129484442388,0.1999152141657578,1,ema_close
MARICO,2024-05-09,2024-06-14,584.95875,614.85,630,17863.098750000005,4.847200764156448,0.3966790829442318,25,ema_close
BRITANNIA,2024-05-07,2024-06-25,5070.594875,5297.8,59,12623.676875000005,4.219635570865836,0.3453178527686698,33,ema_close
KNRCON,2024-05-31,2024-07-03,303.3565,343.05,1222,47457.439250000054,12.802057974693156,1.047452564292747,22,ema_close
JSL,2024-06-04,2024-07-11,795.48375,796.35,462,-519.5767499999492,-0.14137623804381802,-0.01156976968481041,26,ema_close
PATANJALI,2024-07-03,2024-07-16,561.08250825,521.47,714,-29214.154840500036,-7.292364785638466,-0.5967719719472195,9,ema_close
WABAG,2024-06-07,2024-07-18,1080.745125,1248.3,334,54920.99775000004,15.214884730569581,1.2450987722913234,27,ema_close
CHENNPETRO,2024-07-18,2024-07-19,1215.13025,1066.64,345,-52149.11324999988,-12.439559462864139,-1.0179580814228533,1,stop
NBCC,2024-06-14,2024-07-22,103.72235925,112.75,3696,32324.35021200002,8.431900135360646,0.6896008524596882,24,ema_close
NAZARA,2024-06-05,2024-07-23,169.73578125,219.49,2038,100280.7962625,28.989464323686903,2.3718313211270368,32,ema_close
IRFC,2024-07-11,2024-07-23,202.52505,177.77,1900,-47879.002499999944,-12.442645983793103,-1.0179529025390774,7,stop
RAILTEL,2024-06-25,2024-07-24,477.19,496.0,660,11596.200000000012,3.6819715417339043,0.3013205282112848,20,ema_close
NOCIL,2024-07-22,2024-07-24,293.63224999999994,292.7,1360,-2263.039999999921,-0.5666952454983886,-0.046373903531688916,2,ema_close
TBZ,2024-07-24,2024-08-05,154.45778149999998,135.58,2576,-49502.30034399987,-12.441413642860041,-1.017954969973563,8,stop
THANGAMAYL,2024-07-24,2024-08-05,1887.256375,1710.0,210,-38121.588749999995,-9.61879781701625,-0.7871573516841556,8,ema_close
KSCL,2024-04-22,2024-08-06,758.6919999999999,1052.6,327,95247.41550000003,38.391929794962934,3.1417346190352977,72,ema_close
VMART,2024-06-06,2024-08-06,605.0839375,875.0,591,158227.58043749997,44.24651621164542,3.620696591928172,41,ema_close
TCS,2024-07-16,2024-08-06,4182.429999999999,4170.95,88,-1927.8489999999874,-0.5237953773284875,-0.04286570332831097,14,ema_close
AVANTIFEED,2024-07-25,2024-08-06,730.8225,641.52,446,-40544.20980000001,-12.438902743142148,-1.0179591836734694,8,stop
APLLTD,2024-07-19,2024-08-12,1082.9005,1130.35,339,15127.408874999965,4.120750244366855,0.3372134541923436,16,ema_close
ADANIENSOL,2024-08-05,2024-08-12,1203.0,1056.0,339,-50727.95999999996,-12.438902743142135,-1.0179591836734687,5,stop
SUNTV,2024-06-06,2024-08-13,749.87,805.05,476,25307.670500000007,7.090212303465935,0.5802398232020082,46,ema_close
NITINSPIN,2024-07-23,2024-08-14,431.526125,411.9,933,-19271.931375000044,-4.786703238419237,-0.3916835944999763,16,ema_close
RUSHIL,2024-08-06,2024-08-14,36.672051499999995,36.49,10789,-2948.380158499931,-0.7451901075127842,-0.06097129852256132,6,ema_close
KPRMILL,2024-08-07,2024-08-14,947.9138749999998,877.3,342,-24900.03674999997,-7.680774268653881,-0.6285477801722512,5,ema_close
AWL,2024-08-06,2024-08-16,384.107875,356.8,1030,-29045.871249999967,-7.341654997310318,-0.6007914717059515,7,ema_close
GHCL,2024-08-06,2024-09-09,602.3019999999999,655.75,656,33986.45800000004,8.601768714033835,0.7039024075432755,23,ema_close
AFFLE,2024-08-12,2024-09-10,1599.1879999999999,1587.15,252,-4033.480499999947,-1.0008751316292888,-0.08190583774268388,20,ema_close
TRITURBINE,2024-08-12,2024-09-18,687.4927457499999,738.65,489,24112.897703249997,7.172530845573652,0.58694224084445,26,ema_close
EPL,2024-08-16,2024-09-19,244.419525,250.0,1499,7428.257024999999,2.0274464570700723,0.16590404433950665,24,ema_close
ASHOKA,2024-09-10,2024-09-19,256.4395,243.9,1562,-20539.12849999999,-5.1276226946316745,-0.4195743390928377,7,ema_close
BLUEDART,2024-09-18,2024-09-20,9022.650375,8249.35,39,-30963.026249999937,-8.799229904771726,-0.7200989369470827,2,ema_close
CAPACITE,2024-08-14,2024-10-01,337.792375,387.0,892,43030.191500000015,14.280998794007715,1.1685404485570419,33,ema_close
NAVA,2024-06-07,2024-10-03,293.481875,545.0,1258,314695.7762500001,85.23716328308183,6.975531117656288,80,ema_close
JUBLFOOD,2024-08-14,2024-10-03,650.6225,650.0,595,-1337.2624999999534,-0.3454384070639921,-0.028269551271971616,34,ema_close
JUBLPHARMA,2024-08-05,2024-10-07,842.0999999999999,1085.0,355,85266.56250000006,28.52244389027434,2.3341836734693926,43,ema_close
VOLTAS,2024-08-13,2024-10-07,1586.506375,1809.0,241,52531.04112500005,13.73906392276553,1.1243369305275366,37,ema_close
EDELWEISS,2024-08-14,2024-10-07,77.49324999999999,124.0,4998,230891.35650000005,59.61390185596812,4.87654711952076,36,ema_close
KFINTECH,2024-10-03,2024-10-07,1102.75,1022.85,415,-34219.706874999974,-7.477408750850143,-0.6119267161410015,2,ema_close
JUBLINGREA,2024-09-09,2024-10-08,716.1358749999999,732.85,597,8884.554000000062,2.0780972605233754,0.170049148225966,20,ema_close
HEG,2024-09-19,2024-10-08,459.24525,443.01,1016,-17620.25939999998,-3.776364589508543,-0.3090012962080344,12,ema_close
TORNTPOWER,2024-09-19,2024-10-08,1936.83,1794.6,152,-22300.907999999938,-7.57508402905777,-0.6199201419698301,12,ema_close
GRAPHITE,2024-09-20,2024-10-08,576.4375,535.3,559,-23743.94425000006,-7.368665293288536,-0.6030275066548373,11,ema_close
RENUKA,2024-10-03,2024-10-08,52.992149999999995,47.3,8639,-50196.04560000001,-10.964642876350556,-0.8963692601991629,3,ema_close
SUDARCOLOR,2024-10-09,2024-10-14,671.1236250000001,589.11,634,-52930.377600000065,-12.439794531149175,-1.0179576869087308,3,stop
DTIL,2024-10-08,2024-10-15,270.675,264.35,1239,-8655.499124999973,-2.5809088390135693,-0.2112131519274369,5,ema_close
MAZDOCK,2024-10-11,2024-10-18,2219.7104375,2153.0,191,-13769.7510625,-3.2478532461736918,-0.2657897847550848,5,ema_close
BALRAMCHIN,2024-10-01,2024-10-22,646.6125,632.9,532,-8136.806999999972,-2.365365655628363,-0.19357380161366822,14,ema_close
BANCOINDIA,2024-10-07,2024-10-22,373.782125,347.5,1168,-31712.22199999995,-7.263823811799443,-0.5943435205783436,11,ema_close
CARERATING,2024-10-07,2024-10-23,1107.712375,1173.85,394,24901.98199999996,5.705723022187947,0.4669170439717822,12,ema_close
ADFFOODS,2024-10-10,2024-10-23,315.78749999999997,281.85,1346,-46628.30024999991,-10.970074812967562,-0.8977551020408152,9,ema_close
EMUDHRA,2024-10-10,2024-10-23,949.317375,890.0,447,-27509.44162499992,-6.48280297197761,-0.5305039873542506,9,ema_close
ZENTEC,2024-10-15,2024-10-23,1918.7849999999999,1725.0,204,-40411.889999999956,-10.324111351714746,-0.8448915616403295,6,ema_close
DIVISLAB,2024-10-10,2024-10-24,5974.9,5761.0,71,-16209.47749999992,-3.8210262933270664,-0.3127003150253377,10,ema_close
USHAMART,2024-10-14,2024-10-28,414.4335,387.85,1011,-27856.209374999977,-6.6483826717676,-0.5440604421100437,10,ema_close
PENIND,2024-10-22,2024-10-28,204.51,184.96,2004,-40104.84959999996,-9.785536159600989,-0.8008163265306121,4,ema_close
VMART,2024-10-07,2024-11-01,1105.97053125,1089.5,394,-7562.54681249999,-1.7355147092668048,-0.14202150056291385,19,ema_close
PERSISTENT,2024-10-24,2024-11-01,5707.683625,5405.0,69,-21817.532624999993,-5.539832719792697,-0.4533579203921979,6,ema_close
MFSL,2024-10-24,2024-11-07,1262.348,1230.0,315,-11158.244999999995,-2.8061200239553585,-0.22963476772679522,10,ema_close
OAL,2024-10-22,2024-11-12,585.911125,527.1,565,-33972.81437499996,-10.262456614047043,-0.8397755621856487,15,ema_close
MOTILALOFS,2024-10-18,2024-11-14,926.761125,900.15,443,-12785.644499999995,-3.114232915196997,-0.254845150544862,19,ema_close
INDIANB,2024-10-29,2024-11-14,546.3625,536.0,728,-8519.419999999925,-2.1418929739870323,-0.17528552705485728,12,ema_close
FEDERALBNK,2024-10-30,2024-11-14,199.708025,199.2,1907,-1918.489675000019,-0.5037479089786251,-0.041216976793493565,11,ema_close
FSL,2024-10-24,2024-11-18,340.84999999999997,341.35,1167,-412.388624999905,-0.10367463693704522,-0.008484393757501053,16,ema_close
RAINBOW,2024-11-01,2024-11-29,1616.03,1534.35,253,-21635.51637499995,-5.2917257105375395,-0.4330575530460312,18,ema_close
DEVIT,2024-11-14,2024-12-06,67.63266,63.4,5936,-26065.925760000013,-6.492661977216336,-0.5308038768666912,14,ema_close
KRSNAA,2024-11-01,2024-12-12,952.1744999999999,950.0,411,-1869.8444999999483,-0.4778010753280911,-0.03910033561228729,27,ema_close
SASKEN,2024-11-14,2024-12-12,1909.7123749999998,2091.25,210,37024.99500000005,9.232254150314143,0.7555181078355082,18,ema_close
JAICORPLTD,2024-11-29,2024-12-17,366.3135,347.0,1123,-22663.26299999992,-5.509215467079408,-0.4508360606297529,12,ema_close
TTL,2024-10-23,2024-12-18,11.92975,17.4,32800,177997.40000000008,45.489218131142756,3.717588628189761,38,no_bar
TRIDENT,2024-12-12,2024-12-20,36.771699999999996,34.87,12162,-24188.697749999992,-5.408711046810454,-0.44180531799098177,6,ema_close
SHARDACROP,2024-10-29,2024-12-23,653.579875,815.0,608,96904.636,24.3860974146427,1.9955286645935033,37,ema_close
ECLERX,2024-11-07,2024-12-23,1623.999875,1818.95,238,45315.854500000016,11.724308168435053,0.9594500878370421,30,ema_close
CDSL,2024-12-06,2024-12-26,1860.589875,1819.0,229,-10565.458874999953,-2.479717621810653,-0.2029266377807422,13,ema_close
GRAVITA,2024-12-20,2024-12-26,2413.669125,2224.95,180,-34970.67000000004,-8.049218427981517,-0.6587172861518468,3,ema_close
JSLL,2024-11-14,2024-12-27,365.91249999999997,437.4,718,50542.89200000005,19.237932565845682,1.5743695834498206,28,ema_close
COASTCORP,2024-12-23,2024-12-27,51.979625,49.21,8158,-23598.238699999987,-5.564968966205506,-0.45484600114000406,3,ema_close
ITI,2024-11-12,2024-12-30,305.0006,327.7,974,21311.266100000008,7.1738055597267705,0.5870619201193437,31,ema_close
NAM-INDIA,2024-12-12,2024-12-30,791.423625,735.0,501,-29188.82362499996,-7.361559998919659,-0.6024086575185238,11,ema_close
BAJAJHLDNG,2024-12-31,2025-01-06,12519.22,10989.44,32,-49832.11519999994,-12.438902743142132,-1.0179591836734692,4,stop
CHALET,2024-12-17,2025-01-07,978.94125,957.95,397,-9284.291624999896,-2.3889201726865363,-0.19550142637700035,14,ema_close
CRAFTSMAN,2024-12-23,2025-01-07,5263.175125,5220.0,80,-4498.010000000009,-1.0682738777383949,-0.08742350217615642,10,ema_close
DCAL,2024-11-19,2025-01-13,228.02865,263.85,1782,62658.193950000044,15.419871581926229,1.2616945923107155,37,ema_close
CAPLIPOINT,2024-12-30,2025-01-13,2606.650375,2335.5,159,-44041.27087499999,-10.62624768003265,-0.8696119518256873,10,ema_close
COSMOFIRST,2024-12-18,2025-01-14,957.1869999999999,905.0,457,-24883.42149999994,-5.688491381516869,-0.46551164003522294,18,ema_close
DEVIT,2024-12-27,2025-01-14,70.24316999999999,65.6,5890,-28314.231299999985,-6.843611983912454,-0.5594175374163435,12,ema_close
MANGLMCEM,2024-12-30,2025-01-14,983.55275,946.0,421,-16805.37274999998,-4.058526601648967,-0.332114457818795,11,ema_close
EICHERMOT,2025-01-07,2025-01-14,5263.22525,4950.05,78,-25392.929249999986,-6.185377967625456,-0.50618483927231,5,ema_close
PGIL,2024-12-26,2025-01-21,1411.52,1370.05,296,-13288.956999999995,-3.1806226620947617,-0.26029177295918354,18,ema_close
APOLLO,2024-12-31,2025-01-28,107.96925,125.0,3297,55120.07024999999,15.484269826825688,1.2666060571623379,20,ema_close
BAJAJFINSV,2025-01-07,2025-02-12,1696.23,1749.0,227,10986.232499999984,2.853239242319728,0.2334997828918798,26,ema_close
BAJFINANCE,2025-01-06,2025-03-06,740.7672999999999,836.5,473,44292.40585000004,12.641142501835608,1.0344001201847424,42,ema_close
INDIACEM,2025-06-06,2025-06-18,336.689625,328.9,1196,-10299.80249999999,-2.5578082484721625,-0.20928198009094862,8,ema_close
RCF,2025-06-06,2025-06-20,160.7208,151.5,2505,-24046.87274999998,-5.9728112353845875,-0.4887555496721111,10,ema_close
FIVESTAR,2025-06-10,2025-06-23,799.0426249999999,712.65,507,-44704.34474999993,-11.034987025879861,-0.9030303107889603,9,ema_close
CERA,2025-06-11,2025-06-23,7069.629999999999,6550.0,55,-29480.274999999965,-7.581797067173239,-0.6204695150890759,8,ema_close
AJMERA,2025-06-09,2025-07-02,183.63795,183.1,2196,-2186.557199999981,-0.542208187359961,-0.04435594341576811,17,ema_close
BANDHANBNK,2025-06-10,2025-07-07,186.56525,179.5,2174,-16335.435999999929,-4.027545322614992,-0.32948553512897105,19,ema_close
UJJIVANSFB,2025-06-09,2025-07-08,47.949574999999996,47.01,8411,-8891.268099999987,-2.2046076529353984,-0.1804055754896899,21,ema_close
BHARTIHEXA,2025-07-02,2025-07-08,1965.0002499999998,1837.1,204,-27028.571999999986,-6.742645452589634,-0.5517777030467029,4,ema_close
AGIIL,2025-06-26,2025-07-09,195.597775,189.0,2043,-14444.57182500005,-3.6147011385993646,-0.2957312004149286,9,ema_close
MANAPPURAM,2025-06-10,2025-07-10,265.36175,263.7,1528,-3546.487999999954,-0.874655069918694,-0.0715656725276919,22,ema_close
ICICIGI,2025-06-09,2025-07-11,2011.2155,1994.6,200,-4320.399999999965,-1.0740768455692504,-0.08789679592945238,24,ema_close
ZEEL,2025-06-26,2025-07-14,143.9287245,133.72,2777,-29277.97903649992,-7.325170522163541,-0.5994195031026828,12,ema_close
ENDURANCE,2025-06-26,2025-07-14,2701.8377499999997,2602.1,110,-11686.729999999923,-3.9322494476213206,-0.3217946572509637,12,ema_close
SCI,2025-06-18,2025-07-15,216.50521325,217.26,1836,388.5650730000343,0.0977513413294304,0.007996789899284816,19,ema_close
ASTERDM,2025-07-08,2025-07-18,625.56,598.0,627,-18217.484999999928,-4.644638403990007,-0.3801020408163253,8,ema_close
KRN,2025-07-09,2025-07-21,932.3249999999999,850.8,413,-34548.27600000001,-8.972407690451295,-0.7342725477287695,8,ema_close
MOTILALOFS,2025-07-08,2025-07-25,931.42275,914.0,404,-7961.930999999924,-2.115875954286044,-0.17314420886861215,13,ema_close
CHENNPETRO,2025-07-07,2025-07-28,768.9174999999999,685.05,508,-43474.7035,-11.129948921698364,-0.9108386770614387,15,ema_close
NAVA,2025-06-06,2025-07-29,531.1244999999999,600.95,758,51788.92875000014,12.863862427735906,1.0526716175303763,37,ema_close
GMDCLTD,2025-07-21,2025-07-29,430.02237499999995,408.8,841,-18707.519374999974,-5.17284129692088,-0.4232801086535099,6,ema_close
MRPL,2025-07-28,2025-07-29,141.3525,134.6,2455,-17403.494999999937,-5.01512177004296,-0.4104211897524954,1,ema_close
LEMONTREE,2025-07-11,2025-07-30,156.71079999999998,150.39,2446,-16380.311649999989,-4.273333426923987,-0.3496864360757777,13,ema_close
BOMDYEING,2025-07-25,2025-08-01,187.66799999999998,164.73,1964,-45859.05629999994,-12.442091885670425,-1.0179538320690549,5,stop
APARINDS,2025-07-30,2025-08-01,9705.703749999999,8900.0,41,-33946.10374999995,-8.530589551530449,-0.6981155939109615,2,ema_close
VIJAYA,2025-07-29,2025-08-07,1123.952875,1041.5,355,-30195.101874999993,-7.567632673211497,-0.6193013288821864,7,ema_close
TATACHEM,2025-07-30,2025-08-07,1002.5,941.0,297,-18964.192500000005,-6.369326683291772,-0.5212448979591838,6,ema_close
SUMICHEM,2025-08-01,2025-08-08,652.6274999999999,589.4,608,-39338.207999999926,-9.913924865256195,-0.8113232389730076,5,ema_close
PUNJABCHEM,2025-08-01,2025-08-08,1472.6725,1340.9,197,-26619.5757499999,-9.175478594188423,-0.750891207401951,5,ema_close
PRAKASH,2025-08-08,2025-08-11,186.86599999999999,164.03,2074,-48212.359549999936,-12.439970353087224,-1.017957391837449,1,stop
AVALON,2025-08-08,2025-08-14,952.6256249999999,836.22,245,-29031.562874999974,-12.438902743142135,-1.0179591836734696,4,stop
DATAMATICS,2025-07-14,2025-08-19,733.980375,856.65,513,61830.86400000006,16.42114750002684,1.34382312483363,25,ema_close
TI,2025-07-18,2025-08-28,394.53387499999997,473.0,975,75351.53437500005,19.58859046007141,1.6029332842464974,27,ema_close
MUTHOOTFIN,2025-08-19,2025-08-29,2764.2934999999998,2650.0,139,-16807.67149999994,-4.374300341117888,-0.35797633691402847,7,ema_close
APOLLOHOSP,2025-08-19,2025-09-01,7828.02125,7595.5,27,-6790.76999999996,-3.212944778349938,-0.262936909411903,8,ema_close
GODFRYPHLP,2025-08-07,2025-09-03,3299.7287499999998,3355.0,117,5485.398750000051,1.4208364854232471,0.11627661850096374,17,ema_close
METROPOLIS,2025-07-10,2025-09-10,505.009375,532.75,764,20176.285000000033,5.22935836587193,0.4279536132070703,42,ema_close
DELHIVERY,2025-08-07,2025-09-10,456.1375,466.15,574,5078.249750000017,1.9395741415691607,0.15872841444270067,22,ema_close
CARTRADE,2025-07-29,2025-09-12,2064.24775,2350.0,193,54016.30924999999,13.558316825100086,1.109533187114652,31,ema_close
ECLERX,2025-08-28,2025-09-22,2124.6985,2144.95,183,2724.7098750000005,0.7007641319462504,0.057347806577475124,17,ema_close
GARUDA,2025-07-14,2025-09-23,136.03924999999998,197.4,2283,138959.93175000005,44.74241808889715,3.660252266337933,49,ema_close
ZYDUSWELL,2025-09-03,2025-09-24,444.66889999999995,473.4,883,24324.530800000008,6.195081329051798,0.5069591029630711,15,ema_close
ANANDRATHI,2025-07-15,2025-09-25,1253.125,1441.4,300,55401.45000000001,14.736877805486287,1.2060179591836737,50,ema_close
POCL,2025-09-10,2025-09-25,491.22499999999997,487.96,813,-3646.223699999973,-0.9130032062700325,-0.07471720116618023,11,ema_close
AFFLE,2025-09-10,2025-09-25,2075.3754999999996,2030.0,147,-7416.2234999999055,-2.430909490836688,-0.19893298844070584,11,ema_close
SEAMECLTD,2025-09-02,2025-09-26,981.4475,903.0,405,-32685.524999999965,-8.2230582889049,-0.6729482395614009,18,ema_close
WAAREEENER,2025-09-12,2025-09-26,3749.1495,3291.02,105,-48967.49025000003,-12.439009167279147,-1.0179590050411516,10,stop
HUHTAMAKI,2025-09-02,2025-09-29,231.377,231.0,943,-900.0934999999881,-0.41253019963089993,-0.033755348870105985,19,ema_close
ADANIGREEN,2025-09-23,2025-09-30,1155.030375,1013.89,340,-48849.53400000004,-12.439075465872499,-1.0179588937609105,5,stop
RATNAVEER,2025-09-26,2025-10-08,157.994,153.45,2426,-11954.418250000046,-3.1188684380419627,-0.2551322874598747,7,ema_close
LUMAXTECH,2025-09-25,2025-10-10,1261.546,1196.8,308,-20863.304000000004,-5.369443524056991,-0.43941202418329506,10,ema_close
MUNJALAU,2025-09-25,2025-10-14,104.23995,95.51,3737,-33516.12532499991,-8.603922968113451,-0.7039843170499085,12,ema_close
ASAL,2025-09-26,2025-10-14,544.05675,549.95,704,3180.9360000001034,0.8304970023807529,0.06795902943067826,11,ema_close
RACLGEAR,2025-09-29,2025-10-15,1080.695,1114.9,233,7320.3357500000275,2.9071801016938283,0.23791412668963785,11,ema_close
TATAINVEST,2025-09-22,2025-10-20,735.183375,895.0,541,85250.30662500003,21.433989173109367,1.7539314946705884,19,ema_close
FORTIS,2025-10-08,2025-10-27,1044.4044999999999,1045.0,355,-716.0349999999744,-0.19312440725790897,-0.0158041755305598,12,ema_close
MARUTI,2025-08-19,2025-10-30,14103.17,16190.0,27,55251.58500000002,14.50989387492316,1.1874423354784056,49,ema_close
CUPID,2025-10-10,2025-11-03,47.708975,46.2,7721,-12542.571475000004,-3.404967304369881,-0.2782123574771256,15,ema_close
MAPMYINDIA,2025-10-15,2025-11-06,1954.0729999999999,1788.0,132,-22511.67599999995,-8.727565449192513,-0.7142175112968665,14,ema_close
SANDUMA,2025-09-25,2025-11-07,170.2245,197.99,2288,62394.96120000002,16.02032903606708,1.3107993462952718,28,ema_close
TATACOMM,2025-10-14,2025-11-07,1803.59775,1840.0,221,7028.2972500000615,1.763267336078695,0.14429480337254033,16,ema_close
ADANIGREEN,2025-10-30,2025-11-07,1115.3815,1060.5,363,-20884.38824999996,-5.158123027860862,-0.4220991698550634,5,ema_close
WHIRLPOOL,2025-10-20,2025-11-11,1364.4267605,1283.13,291,-24590.83438049996,-6.1934130835306105,-0.5068447635315262,14,ema_close
SAMMAANCAP,2025-09-30,2025-11-12,154.655675,177.8,2228,50575.210100000084,14.677654085438533,1.2006884176312158,28,ema_close
BHARATRAS,2025-10-27,2025-11-13,2731.6871874999997,2512.5,147,-33143.86031249998,-8.25381612256802,-0.6754653602346484,12,ema_close
POLICYBZR,2025-11-03,2025-11-14,1772.4199999999998,1741.9,227,-7916.568249999895,-1.9676346464156094,-0.16102479453319582,8,ema_close
ASTRAL,2025-11-07,2025-11-18,1564.0002499999998,1473.5,249,-23451.815999999933,-6.0219939223155325,-0.49279969024736975,7,ema_close
ADANIENSOL,2025-09-24,2025-11-24,923.2022499999999,979.0,425,22673.85625000001,5.77882582066931,0.47291185132820285,40,ema_close
CCL,2025-11-07,2025-12-02,969.8274222499999,985.66,402,5374.107955500018,1.378433672146049,0.11279715248784906,17,ema_close
DATAPATTNS,2025-11-14,2025-12-03,2998.4775,2908.0,131,-12804.922499999986,-3.2599044014837495,-0.2667799316316293,13,ema_close
BSE,2025-11-11,2025-12-04,2644.996,2753.2,149,15096.828999999969,3.8306674187786967,0.3134873733779686,17,ema_close
POWERINDIA,2025-11-06,2025-12-05,20355.7625,20105.0,13,-3913.3250000000116,-1.478819572590321,-0.12102176502218753,21,ema_close
SOUTHBANK,2025-10-14,2025-12-09,33.272974999999995,38.59,10327,53912.619850000134,15.690060777552997,1.2817535094126575,38,ema_close
CUB,2025-11-07,2025-12-09,189.4725,198.9,2062,18414.175500000012,4.713216957605988,0.3857142857142859,22,ema_close
NH,2025-11-18,2025-12-10,2013.02,1890.0,198,-25293.51000000001,-6.345937943984661,-0.5193308399056835,16,ema_close
LTF,2025-11-12,2025-12-19,297.24125,300.2,1332,2941.3890000000247,0.7429150563725656,0.060797742368448794,27,ema_close
CUPID,2025-11-13,2026-01-05,56.025715,68.2,7081,84998.80158500007,21.42549184780598,1.7509165710651649,36,ema_close
GANDHAR,2026-05-07,2026-05-13,157.05165,142.0,2496,-38454.998399999924,-9.809925588174318,-0.8027788126607136,4,ema_close
AETHER,2026-05-07,2026-05-13,1247.3105,1156.2,314,-29516.314000000013,-7.536295092521071,-0.6167215039971662,4,ema_close
RICOAUTO,2026-05-11,2026-05-13,123.8815315,114.51,3127,-30199.960925499967,-7.796001860051262,-0.6378355122135426,2,ema_close
PAYTM,2026-05-08,2026-05-14,1197.9875,1130.7,325,-22787.131249999977,-5.852669581276928,-0.47896336777388715,4,ema_close
METROPOLIS,2026-05-11,2026-05-19,550.3725,506.9,704,-31496.783999999985,-8.128994453756317,-0.6652503624400582,6,ema_close
TATACONSUM,2026-05-12,2026-05-26,1272.87425,1191.7,304,-25582.66399999999,-6.611297227514814,-0.5410261067188269,10,ema_close
AJANTPHARM,2026-05-07,2026-05-29,3104.04075,3038.9,126,-9164.988000000012,-2.343332638271585,-0.19176866905746964,15,ema_close
JSWCEMENT,2026-05-27,2026-06-02,132.440275,125.78,2907,-20275.525575000036,-5.266317213551551,-0.4307971915239244,3,ema_close
REDTAPE,2026-05-27,2026-06-08,148.861225,130.67,2587,-47905.807299999986,-12.439706847770463,-1.0179578340656,7,stop
EXIDEIND,2026-05-29,2026-06-22,395.13537499999995,382.05,964,-13535.0419999999,-3.5533391562321897,-0.29078162901292404,16,ema_close
POLYCAB,2026-05-08,2026-06-29,9025.5075,9664.0,43,26416.297499999986,6.806625555405052,0.5570320097382504,34,ema_close
GOLDIAM,2026-06-16,2026-07-01,350.26096874999996,334.05,1096,-18682.51874999993,-4.866683778907334,-0.3982642040082316,10,ema_close
POWERMECH,2026-06-16,2026-07-06,2794.7476455,2655.16,73,-10674.464821500005,-5.232155602150594,-0.42817649158604254,13,ema_close
STYLAMIND,2026-05-11,2026-07-08,2532.315,3083.0,153,83075.5575,21.441941464628215,1.7547384749624317,40,ema_close
TARIL,2026-06-22,2026-07-08,358.443875,330.6,1031,-29559.156624999945,-7.998567418678851,-0.6545168663731221,11,ema_close
ARVIND,2026-05-08,2026-07-09,445.456063,520.83,875,64812.879250000115,16.62832053539703,1.3607130625886767,42,ema_close
DEEPAKFERT,2026-05-27,2026-07-09,1458.6374999999998,1538.0,264,19936.62000000011,5.177263027997048,0.4236903008626161,29,ema_close
REFEX,2026-05-29,2026-07-09,329.571875,335.0,1155,5302.171875,1.3929055687776757,0.11399084348568334,28,ema_close
AIAENG,2026-05-29,2026-07-09,4422.54569225,4649.52,86,18520.14366650005,4.86937892190413,0.39849047841930185,28,ema_close
ABDL,2026-07-09,2026-07-14,671.675,624.0,571,-28113.184999999998,-7.330182007667398,-0.599878160219312,3,ema_close
RITES,2026-07-06,2026-07-20,218.49487499999998,216.0,885,-2685.8643749999756,-1.388991389386123,-0.11364498055130286,10,ema_close
BORORENEW,2026-07-14,2026-07-20,641.5999999999999,604.1,615,-23991.303749999905,-6.08015118453863,-0.49757971938775397,4,ema_close
RAMCOIND,2026-07-01,2026-07-23,340.84999999999997,340.4,1127,-1466.2269999999553,-0.38169282675662625,-0.031236494597838203,16,ema_close
JSWINFRA,2026-06-29,2026-07-24,322.805,320.2,1226,-4175.142999999982,-1.0549712674834608,-0.08633540372670773,19,ema_close
MUNJALAU,2026-07-09,2026-07-24,100.801375,100.55,3808,-1914.4720000000088,-0.4987531172069849,-0.040803075955402925,11,ema_close
MRPL,2026-07-20,2026-07-28,172.42999999999998,163.0,2250,-22134.37499999994,-5.705213709911254,-0.4668960607498809,6,ema_close
GALAPREC,2026-06-16,2026-07-29,1036.6351249999998,1098.0,370,21689.353750000126,5.654822375423596,0.4627575855954392,30,ema_close
SUMICHEM,2026-07-08,2026-07-30,473.17999999999995,497.8,835,19518.542500000098,4.940086225115204,0.4042805257696324,16,ema_close
AZAD,2026-07-10,2026-07-31,2482.2902499999996,2271.2,157,-34032.61524999997,-8.732590799967888,-0.7146278684700922,15,ema_close
FEDERALBNK,2026-07-20,2026-08-17,342.35375,351.25,753,6037.648125000036,2.3420584702227005,0.1916664176651638,20,ema_close
KARURVYSYA,2026-07-23,2026-08-20,337.8425,331.2,1133,-8464.076499999966,-2.2112374849226994,-0.18096045539877614,20,ema_close
HINDCOPPER,2026-08-20,2026-08-26,566.4125,527.0,661,-26922.530000000028,-7.190872376580678,-0.5884775148997655,4,ema_close
FACT,2026-08-26,2026-09-01,868.9669999999999,817.05,400,-21583.84999999992,-6.209628789125457,-0.5081566010905276,4,ema_close
ASTRAL,2026-08-17,2026-09-02,1553.875,1502.0,189,-10514.070000000007,-3.5800820529321884,-0.292982225148124,12,ema_close
FLUOROCHEM,2026-07-24,2026-09-07,4538.6182499999995,4574.0,84,2011.52700000006,0.5276220356272686,0.043178553123816625,31,ema_close
WELCORP,2026-07-08,2026-09-09,1543.85,2608.5,256,270880.9600000001,68.53831330764002,5.608951762523197,45,end
SGMART,2026-07-09,2026-09-09,670.6725,772.9,572,57368.88300000003,14.954430068326948,1.2238217259998179,44,end
UFLEX,2026-07-24,2026-09-09,480.14737499999995,680.15,803,159236.70675,41.300288270866844,3.379535127466085,33,end
LAURUSLABS,2026-07-28,2026-09-09,1717.2824999999998,1937.0,217,46627.87500000012,12.512501583169955,1.0239822724186036,31,end
RATNAVEER,2026-07-29,2026-09-09,186.465,299.9,2060,232131.615,60.43238677499798,4.945589203423305,30,end
PARADEEP,2026-07-30,2026-09-09,156.93134999999998,157.92,2450,1454.9325000000536,0.37841387332742754,0.03095976039225719,29,end
COFORGE,2026-07-31,2026-09-09,1690.215,1845.0,223,33488.46750000003,8.884816428679198,0.7271043648776246,28,end
IFCI,2026-09-01,2026-09-09,90.16484999999999,88.96,3616,-5160.935999999987,-1.5829339260254927,-0.12945754364004933,6,end
ENGINERSIN,2026-09-02,2026-09-09,279.6975,273.1,1012,-7367.612999999954,-2.602901348778575,-0.2130129471143284,5,end
TEJASNET,2026-09-07,2026-09-09,615.6853749999999,575.9,622,-25642.02774999995,-6.695810339818438,-0.5479486877017625,2,end
