date,symbol
2026-01-22,MEDICO
2026-01-22,TRANSWORLD
2026-01-23,MEDICO
2026-01-28,INTENTECH
2026-01-28,LOTUSDEV
2026-01-28,STLTECH
2026-01-29,STERTOOLS
2026-01-30,ECOSMOBLTY
2026-01-30,MTARTECH
2026-02-01,RISHABH
2026-02-01,STLTECH
2026-02-01,UFBL
2026-02-02,UFBL
2026-02-03,AFFORDABLE
2026-02-03,BODALCHEM
2026-02-03,NARMADA
2026-02-03,RSWM
2026-02-03,STERTOOLS
2026-02-03,STLTECH
2026-02-03,SUTLEJTEX
2026-02-05,KILITCH
2026-02-09,BIRLACABLE
2026-02-09,BROOKS
2026-02-09,UNIVASTU
2026-02-10,APTECHT
2026-02-10,BROOKS
2026-02-10,PROZONER
2026-02-10,STLTECH
2026-02-11,KAVDEFENCE
2026-02-12,PASUPTAC
2026-02-12,STLTECH
2026-02-13,RSWM
2026-02-16,DIACABS
2026-02-17,APTECHT
2026-02-17,BHARATGEAR
2026-02-17,BIRLACABLE
2026-02-17,QUICKHEAL
2026-02-18,E2E
2026-02-18,PASUPTAC
2026-02-19,TIL
2026-02-20,GANESHBE
2026-02-24,AVG
2026-03-02,BHAGYANGR
2026-03-05,RUBYMILLS
2026-03-06,SUMEETINDS
2026-03-09,VENUSREM
2026-03-10,GLOBAL
2026-03-11,GINNIFILA
2026-03-11,VENUSREM
2026-03-12,TIL
2026-03-12,VENUSREM
2026-03-17,AVG
2026-03-17,OILCOUNTUB
2026-03-18,AARTECH
2026-03-18,ARROWGREEN
2026-03-18,VALIANTORG
2026-03-19,TIRUPATIFL
2026-03-19,VALIANTORG
2026-03-20,BODALCHEM
2026-03-24,INDOAMIN
2026-03-24,MANOMAY
2026-03-24,SHIVALIK
2026-03-25,ARROWGREEN
2026-03-25,BLISSGVS
2026-03-25,MAZDA
2026-03-25,SHIVALIK
2026-03-30,ARROWGREEN
2026-04-01,STERTOOLS
2026-04-02,ARROWGREEN
2026-04-02,BROOKS
2026-04-02,BYKE
2026-04-02,STERTOOLS
2026-04-06,AVG
2026-04-06,BODALCHEM
2026-04-06,BROOKS
2026-04-07,AARTECH
2026-04-07,BROOKS
2026-04-07,CYBERTECH
2026-04-07,KOPRAN
2026-04-07,PROZONER
2026-04-08,KOPRAN
2026-04-08,MAANALU
2026-04-08,STALLION
2026-04-08,STERTOOLS
2026-04-08,TIL
2026-04-09,BHAGYANGR
2026-04-09,KOPRAN
2026-04-10,GANESHBE
2026-04-10,RSWM
2026-04-13,BIRLACABLE
2026-04-13,DPWIRES
2026-04-13,LOKESHMACH
2026-04-13,SALSTEEL
2026-04-15,AARTECH
2026-04-15,GENUSPOWER
2026-04-15,LOKESHMACH
2026-04-15,MTARTECH
2026-04-15,SALSTEEL
2026-04-16,TVSELECT
2026-04-17,BIRLACABLE
2026-04-17,STALLION
2026-04-17,TVSELECT
2026-04-20,APTECHT
2026-04-20,DIACABS
2026-04-20,OILCOUNTUB
2026-04-22,KILITCH
2026-04-22,ONMOBILE
2026-04-23,APTECHT
2026-04-23,PASUPTAC
2026-04-24,BHAGERIA
2026-04-27,BHAGYANGR
2026-04-27,MAANALU
2026-04-27,TVSELECT
2026-04-28,BHAGYANGR
2026-04-28,MANAKALUCO
2026-04-28,MODISONLTD
2026-04-29,MICEL
2026-04-29,OILCOUNTUB
2026-04-30,MTARTECH
2026-05-04,VARDHACRLC
2026-05-05,CORDSCABLE
2026-05-06,GLOBAL
2026-05-06,KANORICHEM
2026-05-06,KHADIM
2026-05-07,COASTCORP
2026-05-07,EMBDL
2026-05-07,MENONBE
2026-05-07,MICEL
2026-05-07,QUICKHEAL
2026-05-08,CYBERTECH
2026-05-08,QUICKHEAL
2026-05-11,VARDHACRLC
2026-05-13,MTARTECH
2026-05-14,DIACABS
2026-05-14,INDOAMIN
2026-05-14,KANORICHEM
2026-05-14,MTARTECH
2026-05-18,KILITCH
2026-05-19,STALLION
2026-05-19,UNITEDPOLY
2026-05-20,MTARTECH
2026-05-20,UFBL
2026-05-21,BODALCHEM
2026-05-21,MTARTECH
2026-05-21,SPECIALITY
2026-05-21,UFBL
2026-05-22,OCCLLTD
2026-05-25,APTECHT
2026-05-25,CORDSCABLE
2026-05-25,KOPRAN
2026-05-25,MODISONLTD
2026-05-25,RUBYMILLS
2026-05-26,BLISSGVS
2026-05-26,DPWIRES
2026-05-26,ECOSMOBLTY
2026-05-26,GOLDTECH
2026-05-26,GRAUWEIL
2026-05-26,MODISONLTD
2026-05-26,NRL
2026-05-27,GULFPETRO
2026-05-27,MODISONLTD
2026-05-27,NRL
2026-05-27,VETO
2026-05-29,COFFEEDAY
2026-05-29,EMAMIPAP
2026-05-29,KOPRAN
2026-05-29,MAZDA
2026-05-29,SHIVALIK
2026-06-01,ALKALI
2026-06-01,PASUPTAC
2026-06-02,COFFEEDAY
2026-06-02,QUICKHEAL
2026-06-02,RUBYMILLS
2026-06-03,MAHESHWARI
2026-06-03,STALLION
2026-06-04,AMANTA
2026-06-04,BHAGERIA
2026-06-04,GANESHBE
2026-06-04,MAHESHWARI
2026-06-04,RUBYMILLS
2026-06-05,BHAGERIA
2026-06-05,CHEMCON
2026-06-05,GANESHBE
2026-06-05,GRAUWEIL
2026-06-05,PASUPTAC
2026-06-05,PPL
2026-06-05,RSWM
2026-06-05,VETO
2026-06-08,GTECJAINX
2026-06-08,OCCLLTD
2026-06-09,ARROWGREEN
2026-06-09,ASAHISONG
2026-06-09,LYKALABS
2026-06-09,MANAKALUCO
2026-06-09,MENONBE
2026-06-11,AVG
2026-06-11,PPAP
2026-06-12,APTECHT
2026-06-12,BFUTILITIE
2026-06-12,TVSSCS
2026-06-15,GEMAROMA
2026-06-15,SCHNEIDER
2026-06-15,STERTOOLS
2026-06-15,TRANSWORLD
2026-06-16,AARTECH
2026-06-16,BHARATGEAR
2026-06-16,ESAFSFB
2026-06-16,TRANSWORLD
2026-06-16,UNIVASTU
2026-06-17,EIFFL
2026-06-17,EVERESTIND
2026-06-17,SCHNEIDER
2026-06-17,TIL
2026-06-17,VALIANTORG
2026-06-18,EIFFL
2026-06-18,KIRLFER
2026-06-18,PPAP
2026-06-19,BHARATGEAR
2026-06-19,ESAFSFB
2026-06-19,INDOAMIN
2026-06-19,SPECIALITY
2026-06-22,KOTYARK
2026-06-22,SPECIALITY
2026-06-23,DPWIRES
2026-06-23,EMMBI
2026-06-23,GINNIFILA
2026-06-23,ORBTEXP
2026-06-23,STERTOOLS
2026-06-24,GINNIFILA
2026-06-24,OMFREIGHT
2026-06-24,ONMOBILE
2026-06-25,EVERESTIND
2026-06-25,GOLDTECH
2026-06-29,GOLDTECH
2026-06-29,PPL
2026-06-29,SCHNEIDER
2026-06-29,TIRUPATIFL
2026-06-30,AVG
2026-06-30,EVERESTIND
2026-06-30,MHLXMIRU
2026-06-30,TIRUPATIFL
2026-07-01,FAIRCHEMOR
2026-07-01,GOLDTECH
2026-07-01,MHLXMIRU
2026-07-01,OMFREIGHT
2026-07-02,ONMOBILE
2026-07-02,TIRUPATIFL
2026-07-03,AVG
2026-07-06,AARTECH
2026-07-06,BTTL
2026-07-06,IVP
2026-07-06,MAZDA
2026-07-06,SPECTRUM
2026-07-06,TIL
2026-07-06,TIRUPATIFL
2026-07-07,DBSTOCKBRO
2026-07-09,PPAP
2026-07-10,PPAP
2026-07-10,SCANSTL
2026-07-10,STALLION
2026-07-13,PPAP
2026-07-14,JITFINFRA
2026-07-14,WANBURY
2026-07-16,AARNAV
2026-07-16,PFOCUS
2026-07-16,PREMIERPOL
2026-07-20,SHALPAINTS
2026-07-21,SCPL
2026-07-21,SHALPAINTS
2026-07-21,STALLION
2026-07-22,EMAMIPAP
2026-07-22,LOTUSDEV
2026-07-22,PREMIERPOL
2026-07-23,ASAHISONG
2026-07-23,LOTUSDEV
2026-07-23,SPECTRUM
2026-07-24,ESAFSFB
2026-07-24,SHALPAINTS
2026-07-27,KCPSUGIND
2026-07-27,KECL
2026-07-28,GANESHBE
2026-07-28,SPECTRUM
2026-07-28,TIL
2026-07-29,MOLDTECH
2026-07-29,PFOCUS
2026-07-29,SCANSTL
2026-07-29,TIL
2026-07-30,AMBALALSA
2026-07-31,ESAFSFB
2026-07-31,SCPL
2026-08-03,AVADHSUGAR
2026-08-03,SHALPAINTS
2026-08-04,AARTISURF
2026-08-04,AMBALALSA
2026-08-04,AVADHSUGAR
2026-08-04,HMVL
2026-08-05,KECL
2026-08-05,KHAICHEM
2026-08-05,MOLDTECH
2026-08-06,MANAKSTEEL
2026-08-06,MOLDTECH
2026-08-07,AMBALALSA
2026-08-10,GLOBECIVIL
2026-08-10,OMAXAUTO
2026-08-10,VPRPL
2026-08-11,AARTISURF
2026-08-11,VPRPL
2026-08-12,AARTISURF
2026-08-12,ALPHAGEO
2026-08-12,CPCAP
2026-08-12,SALSTEEL
2026-08-13,SALSTEEL
2026-08-14,TRIVENI
2026-08-14,UCAL
2026-08-17,ALPHAGEO
2026-08-17,AVADHSUGAR
2026-08-17,KHAICHEM
2026-08-17,LAXMIINDIA
2026-08-17,MAWANASUG
2026-08-17,PREMIERPOL
2026-08-17,SALSTEEL
2026-08-17,UCAL
2026-08-17,UTLSOLAR
2026-08-18,BI
2026-08-18,PFOCUS
2026-08-18,REGAAL
2026-08-19,DCMSIL
2026-08-19,SALSTEEL
2026-08-20,AVADHSUGAR
2026-08-20,MAWANASUG
2026-08-21,ATLANTAELE
2026-08-21,MAWANASUG
2026-08-25,GLOBECIVIL
2026-08-25,SIGACHI
2026-08-26,DCI
2026-08-26,MEIL
2026-08-27,NGIL
2026-08-31,ASHOKA
2026-09-01,MARINE
2026-09-01,MVGJL
2026-09-01,YATRA
2026-09-02,HERITGFOOD
2026-09-02,SAHLIBHFI
2026-09-02,VPRPL
2026-09-02,WINDLAS
2026-09-02,XPROINDIA
2026-09-02,ZIMLAB
2026-09-03,ANANTRAJ
2026-09-03,AUTOIND
2026-09-04,SIGACHI
2026-09-08,GOODLUCK
2026-09-09,LIKHITHA
