,0
2017-01-02,0.0
2017-01-03,0.0
2017-01-04,0.0
2017-01-05,0.0
2017-01-06,0.0
2017-01-09,0.0
2017-01-10,0.0
2017-01-11,0.0
2017-01-12,0.0
2017-01-13,0.0
2017-01-16,0.0
2017-01-17,0.0
2017-01-18,0.0
2017-01-19,0.0
2017-01-20,0.0
2017-01-23,0.0
2017-01-24,0.0
2017-01-25,0.0
2017-01-27,0.0
2017-01-30,0.0
2017-01-31,0.0
2017-02-01,0.0
2017-02-02,0.0
2017-02-03,0.0
2017-02-06,0.0
2017-02-07,0.0
2017-02-08,0.0
2017-02-09,0.0
2017-02-10,0.0
2017-02-13,0.0
2017-02-14,0.0
2017-02-15,0.0
2017-02-16,0.0
2017-02-17,0.0
2017-02-20,0.0
2017-02-21,0.0
2017-02-22,0.0
2017-02-23,0.0
2017-02-27,0.0
2017-02-28,0.0
2017-03-01,0.0
2017-03-02,0.0
2017-03-03,0.0
2017-03-06,0.0
2017-03-07,0.0
2017-03-08,0.0
2017-03-09,0.0
2017-03-10,0.0
2017-03-14,0.0
2017-03-15,0.0
2017-03-16,0.0
2017-03-17,0.0
2017-03-20,0.0
2017-03-21,0.0
2017-03-22,0.0
2017-03-23,0.0
2017-03-24,0.0
2017-03-27,0.0
2017-03-28,0.0
2017-03-29,0.0
2017-03-30,0.0
2017-03-31,0.0
2017-04-03,0.0
2017-04-05,0.0
2017-04-06,0.0
2017-04-07,0.0
2017-04-10,0.0
2017-04-11,0.0
2017-04-12,0.0
2017-04-13,0.0
2017-04-17,0.0
2017-04-18,0.0
2017-04-19,0.0
2017-04-20,0.0
2017-04-21,0.0
2017-04-24,0.0
2017-04-25,0.0
2017-04-26,0.0
2017-04-27,0.0
2017-04-28,0.0
2017-05-02,0.0
2017-05-03,0.0
2017-05-04,0.0
2017-05-05,0.0
2017-05-08,0.0
2017-05-09,0.0
2017-05-10,0.0
2017-05-11,0.0
2017-05-12,0.0
2017-05-15,0.0
2017-05-16,0.0
2017-05-17,0.0
2017-05-18,0.0
2017-05-19,0.0
2017-05-22,0.0
2017-05-23,0.0
2017-05-24,0.0
2017-05-25,0.0
2017-05-26,0.0
2017-05-29,0.0
2017-05-30,0.0
2017-05-31,0.0
2017-06-01,0.0
2017-06-02,0.0
2017-06-05,0.0
2017-06-06,0.0
2017-06-07,0.0
2017-06-08,0.0
2017-06-09,0.0
2017-06-12,0.0
2017-06-13,0.0
2017-06-14,0.0
2017-06-15,0.0
2017-06-16,0.0
2017-06-19,0.0
2017-06-20,0.0
2017-06-21,0.0
2017-06-22,0.0
2017-06-23,0.0
2017-06-27,0.0
2017-06-28,0.0
2017-06-29,0.0
2017-06-30,0.0
2017-07-03,0.0
2017-07-04,0.0
2017-07-05,0.0
2017-07-06,0.0
2017-07-07,0.0
2017-07-10,0.0
2017-07-11,0.0
2017-07-12,0.0
2017-07-13,0.0
2017-07-14,0.0
2017-07-17,0.0
2017-07-18,0.0
2017-07-19,0.0
2017-07-20,0.0
2017-07-21,0.0
2017-07-24,0.0
2017-07-25,0.0
2017-07-26,0.0
2017-07-27,0.0
2017-07-28,0.0
2017-07-31,0.0
2017-08-01,0.0
2017-08-02,0.0
2017-08-03,0.0
2017-08-04,0.0
2017-08-07,0.0
2017-08-08,0.0
2017-08-09,0.0
2017-08-10,0.0
2017-08-11,0.0
2017-08-14,0.0
2017-08-16,0.0
2017-08-17,0.0
2017-08-18,0.0
2017-08-21,0.0
2017-08-22,0.0
2017-08-23,0.0
2017-08-24,0.0
2017-08-28,0.0
2017-08-29,0.0
2017-08-30,0.0
2017-08-31,0.0
2017-09-01,0.0
2017-09-04,0.0
2017-09-05,0.0
2017-09-06,0.0
2017-09-07,0.0
2017-09-08,0.0
2017-09-11,0.0
2017-09-12,0.0
2017-09-13,0.0
2017-09-14,0.0
2017-09-15,0.0
2017-09-18,0.0
2017-09-19,0.0
2017-09-20,0.0
2017-09-21,0.6953125
2017-09-22,0.6245173745173745
2017-09-25,0.5712918660287082
2017-09-26,0.5899143672692674
2017-09-27,0.5355450236966824
2017-09-28,0.5521821631878557
2017-09-29,0.5833333333333334
2017-10-03,0.5835694050991501
2017-10-04,0.5982986767485823
2017-10-05,0.6213408876298395
2017-10-06,0.6355051935788479
2017-10-09,0.6522148916116871
2017-10-10,0.6666666666666666
2017-10-11,0.6581680830972616
2017-10-12,0.67233238904627
2017-10-13,0.6704438149197356
2017-10-16,0.667608286252354
2017-10-17,0.6757775683317625
2017-10-18,0.6874409820585458
2017-10-23,0.6898496240601504
2017-10-24,0.706880301602262
2017-10-25,0.716572504708098
2017-10-26,0.7236842105263158
2017-10-27,0.7323943661971831
2017-10-30,0.7392120075046904
2017-10-31,0.7474178403755869
2017-11-01,0.7615023474178404
2017-11-02,0.7699530516431925
2017-11-03,0.7795497185741088
2017-11-06,0.7853795688847235
2017-11-07,0.748356807511737
2017-11-08,0.7291471415182755
2017-11-09,0.7319587628865979
2017-11-10,0.7331460674157303
2017-11-13,0.7181647940074907
2017-11-14,0.6982193064667291
2017-11-15,0.6676029962546817
2017-11-16,0.6872659176029963
2017-11-17,0.6981308411214954
2017-11-20,0.7221702525724977
2017-11-21,0.7305893358278766
2017-11-22,0.7233644859813084
2017-11-23,0.7411214953271028
2017-11-24,0.7467289719626168
2017-11-27,0.7598130841121495
2017-11-28,0.7654205607476635
2017-11-29,0.7668539325842697
2017-11-30,0.7474275023386342
2017-12-01,0.7467289719626168
2017-12-04,0.7315247895229187
2017-12-05,0.7245564892623716
2017-12-06,0.7024253731343284
2017-12-07,0.7292250233426704
2017-12-08,0.7472014925373134
2017-12-11,0.7567567567567568
2017-12-12,0.7488372093023256
2017-12-13,0.7348837209302326
2017-12-14,0.7262569832402235
2017-12-15,0.7409470752089137
2017-12-18,0.7407063197026023
2017-12-19,0.7713754646840149
2017-12-20,0.7845868152274837
2017-12-21,0.8059424326833797
2017-12-22,0.8107606679035251
2017-12-26,0.8183503243744208
2017-12-27,0.8287037037037037
2017-12-28,0.8243992606284658
2017-12-29,0.8280961182994455
2018-01-01,0.8345656192236599
2018-01-02,0.8382624768946395
2018-01-03,0.8419593345656192
2018-01-04,0.8548983364140481
2018-01-05,0.8724584103512015
2018-01-08,0.8818097876269622
2018-01-09,0.889196675900277
2018-01-10,0.8790397045244691
2018-01-11,0.8800738007380073
2018-01-12,0.8809963099630996
2018-01-15,0.8857142857142857
2018-01-16,0.8543778801843318
2018-01-17,0.8525345622119815
2018-01-18,0.8193548387096774
2018-01-19,0.823963133640553
2018-01-22,0.8276497695852535
2018-01-23,0.8195211786372008
2018-01-24,0.8058877644894205
2018-01-25,0.7948482060717571
2018-01-29,0.7672493100275989
2018-01-30,0.7371323529411765
2018-01-31,0.7224264705882353
2018-02-01,0.7221711131554738
2018-02-02,0.6075367647058824
2018-02-05,0.5950413223140496
2018-02-06,0.5311926605504587
2018-02-07,0.5867768595041323
2018-02-08,0.6467889908256881
2018-02-09,0.6394495412844037
2018-02-12,0.6853211009174311
2018-02-14,0.691743119266055
2018-02-15,0.6522935779816513
2018-02-16,0.6082568807339449
2018-02-19,0.5692025664527957
2018-02-20,0.5642201834862385
2018-02-21,0.5582034830430798
2018-02-22,0.5435380384967919
2018-02-23,0.5851648351648352
2018-02-26,0.5957836846929423
2018-02-27,0.5833333333333334
2018-02-28,0.5701191567369386
2018-03-01,0.5631868131868132
2018-03-05,0.5201465201465202
2018-03-06,0.4880952380952381
2018-03-07,0.445970695970696
2018-03-08,0.4399633363886343
2018-03-09,0.42948717948717946
2018-03-12,0.4400731930466606
2018-03-13,0.4542124542124542
2018-03-14,0.4592863677950595
2018-03-15,0.47802197802197804
2018-03-16,0.44881170018281535
2018-03-19,0.40493601462522855
2018-03-20,0.3963470319634703
2018-03-21,0.4018264840182648
2018-03-22,0.37921604375569734
2018-03-23,0.3391066545123063
2018-03-26,0.35766423357664234
2018-03-27,0.37374658158614404
2018-03-28,0.3691886964448496
2018-04-02,0.40528233151183973
2018-04-03,0.43989071038251365
2018-04-04,0.43312101910828027
2018-04-05,0.48319709355131696
2018-04-06,0.49727272727272726
2018-04-09,0.5113533151680291
2018-04-10,0.5122615803814714
2018-04-11,0.5031789282470481
2018-04-12,0.49773345421577514
2018-04-13,0.5004533091568449
2018-04-16,0.508628519527702
2018-04-17,0.5153985507246377
2018-04-18,0.5113122171945701
2018-04-19,0.530316742081448
2018-04-20,0.5207207207207207
2018-04-23,0.527927927927928
2018-04-24,0.5166816952209198
2018-04-25,0.4918918918918919
2018-04-26,0.4936936936936937
2018-04-27,0.4963963963963964
2018-04-30,0.5126126126126126
2018-05-02,0.4766187050359712
2018-05-03,0.46348061316501354
2018-05-04,0.4442446043165468
2018-05-07,0.4542190305206463
2018-05-08,0.4555256064690027
2018-05-09,0.444743935309973
2018-05-10,0.4224215246636771
2018-05-11,0.4098654708520179
2018-05-14,0.3991031390134529
2018-05-15,0.3829596412556054
2018-05-16,0.3746630727762803
2018-05-17,0.38420107719928187
2018-05-18,0.35816876122082586
2018-05-21,0.32526881720430106
2018-05-22,0.34380610412926393
2018-05-23,0.32825112107623317
2018-05-24,0.3183856502242152
2018-05-25,0.3417040358744395
2018-05-28,0.35094001790510293
2018-05-29,0.34767025089605735
2018-05-30,0.3491921005385996
2018-05-31,0.33691756272401435
2018-06-01,0.30913978494623656
2018-06-04,0.2584973166368515
2018-06-05,0.2146690518783542
2018-06-06,0.23613595706618962
2018-06-07,0.26744186046511625
2018-06-08,0.2853309481216458
2018-06-11,0.28711985688729874
2018-06-12,0.29732142857142857
2018-06-13,0.29233511586452765
2018-06-14,0.2914438502673797
2018-06-15,0.2804986642920748
2018-06-18,0.26666666666666666
2018-06-19,0.2522202486678508
2018-06-20,0.2551111111111111
2018-06-21,0.2413178984861977
2018-06-22,0.24177777777777779
2018-06-25,0.22735346358792186
2018-06-26,0.21403197158081705
2018-06-27,0.184
2018-06-28,0.1682991985752449
2018-06-29,0.1881100266193434
2018-07-02,0.17834960070984915
2018-07-03,0.19060283687943264
2018-07-04,0.19644444444444445
2018-07-05,0.18933333333333333
2018-07-06,0.1870567375886525
2018-07-09,0.20424403183023873
2018-07-10,0.21858407079646017
2018-07-11,0.2146643109540636
2018-07-12,0.2144748455428067
2018-07-13,0.19929453262786595
2018-07-16,0.176522506619594
2018-07-17,0.17876106194690267
2018-07-18,0.16593115622241836
2018-07-19,0.15663716814159293
2018-07-20,0.15901060070671377
2018-07-23,0.1657848324514991
2018-07-24,0.18766519823788547
2018-07-25,0.19278169014084506
2018-07-26,0.19929453262786595
2018-07-27,0.2054673721340388
2018-07-30,0.2211453744493392
2018-07-31,0.22359154929577466
2018-08-01,0.22691292875989447
2018-08-02,0.22163588390501318
2018-08-03,0.23880597014925373
2018-08-06,0.24473684210526317
2018-08-07,0.24473684210526317
2018-08-08,0.2440737489025461
2018-08-09,0.24189307624890447
2018-08-10,0.23421052631578948
2018-08-13,0.2221246707638279
2018-08-14,0.22962313759859773
2018-08-16,0.22651448639157157
2018-08-17,0.23617208077260754
2018-08-20,0.2460456942003515
2018-08-21,0.24934152765583845
2018-08-23,0.2510974539069359
2018-08-24,0.2528533801580334
2018-08-27,0.25746924428822493
2018-08-28,0.2618629173989455
2018-08-29,0.2578947368421053
2018-08-30,0.2771929824561403
2018-08-31,0.287467134092901
2018-09-03,0.29035087719298247
2018-09-04,0.2578947368421053
2018-09-05,0.24846356453028973
2018-09-06,0.26514486391571557
2018-09-07,0.27344434706397897
2018-09-10,0.2600700525394046
2018-09-11,0.24146981627296588
2018-09-12,0.24146981627296588
2018-09-14,0.2591943957968476
2018-09-17,0.2708150744960561
2018-09-18,0.24759405074365703
2018-09-19,0.24059492563429571
2018-09-21,0.21241258741258742
2018-09-24,0.18110236220472442
2018-09-25,0.1830122591943958
2018-09-26,0.18285214348206474
2018-09-27,0.1656441717791411
2018-09-28,0.1346153846153846
2018-10-01,0.13584574934268187
2018-10-03,0.1375985977212971
2018-10-04,0.11528384279475982
2018-10-05,0.09465381244522349
2018-10-08,0.08421052631578947
2018-10-09,0.08143607705779335
2018-10-10,0.11568799298860649
2018-10-11,0.09982486865148861
2018-10-12,0.13134851138353765
2018-10-15,0.14335664335664336
2018-10-16,0.16228070175438597
2018-10-17,0.14248251748251747
2018-10-19,0.13134851138353765
2018-10-22,0.11867364746945899
2018-10-23,0.10673665791776028
2018-10-24,0.1082024432809773
2018-10-25,0.10723626852659111
2018-10-26,0.10131004366812227
2018-10-29,0.12641673931996514
2018-10-30,0.13525305410122165
2018-10-31,0.1437282229965157
2018-11-01,0.1489547038327526
2018-11-02,0.1582608695652174
2018-11-05,0.1679721496953873
2018-11-06,0.16275021758050479
2018-11-09,0.18450826805918188
2018-11-12,0.17975567190226877
2018-11-13,0.185378590078329
2018-11-14,0.1906005221932115
2018-11-15,0.18728222996515678
2018-11-16,0.19217391304347825
2018-11-19,0.1906005221932115
2018-11-20,0.18245004344048654
2018-11-21,0.18782608695652173
2018-11-22,0.18386816999132696
2018-11-26,0.17636837532580366
2018-11-27,0.18300086730268864
2018-11-28,0.17739130434782607
2018-11-29,0.18560277536860365
2018-11-30,0.1975736568457539
2018-12-03,0.19472247497725204
2018-12-04,0.19454545454545455
2018-12-05,0.18579234972677597
2018-12-06,0.16818181818181818
2018-12-07,0.16636363636363635
2018-12-10,0.15013648771610555
2018-12-11,0.1665150136487716
2018-12-12,0.19727272727272727
2018-12-13,0.2081818181818182
2018-12-14,0.21019108280254778
2018-12-17,0.21798365122615804
2018-12-18,0.23272727272727273
2018-12-19,0.24319419237749546
2018-12-20,0.2452316076294278
2018-12-21,0.2277676950998185
2018-12-24,0.21493624772313297
2018-12-26,0.21435059037238874
2018-12-27,0.22090909090909092
2018-12-28,0.23774954627949182
2018-12-31,0.25385312783318226
2019-01-01,0.2579473206176203
2019-01-02,0.2511332728921124
2019-01-03,0.22979109900090827
2019-01-04,0.23118766999093382
2019-01-07,0.23209428830462375
2019-01-08,0.2312614259597806
2019-01-09,0.22851919561243145
2019-01-10,0.2312614259597806
2019-01-11,0.22964318389752975
2019-01-14,0.2230347349177331
2019-01-15,0.24223034734917734
2019-01-16,0.2410958904109589
2019-01-17,0.24197983501374887
2019-01-18,0.22731439046746105
2019-01-21,0.21814848762603117
2019-01-22,0.21336996336996336
2019-01-23,0.2078754578754579
2019-01-24,0.20054945054945056
2019-01-25,0.17657822506861848
2019-01-28,0.15096065873741996
2019-01-29,0.15539305301645337
2019-01-30,0.15447897623400367
2019-01-31,0.16544789762340037
2019-02-01,0.16712328767123288
2019-02-04,0.16087751371115175
2019-02-05,0.15616438356164383
2019-02-06,0.1643835616438356
2019-02-07,0.17534246575342466
2019-02-08,0.16514598540145986
2019-02-11,0.14872262773722628
2019-02-12,0.1468978102189781
2019-02-13,0.14233576642335766
2019-02-14,0.13855970829535097
2019-02-15,0.1203281677301732
2019-02-18,0.12397447584320875
2019-02-19,0.13217866909753875
2019-02-20,0.13126709206927986
2019-02-21,0.14494074749316319
2019-02-22,0.14494074749316319
2019-02-25,0.16226071103008205
2019-02-26,0.16043755697356427
2019-02-27,0.1649954421148587
2019-02-28,0.18322698268003645
2019-03-01,0.20730593607305936
2019-03-05,0.2479489516864175
2019-03-06,0.268003646308113
2019-03-07,0.2780309936189608
2019-03-08,0.2689152233363719
2019-03-11,0.31785063752276865
2019-03-12,0.3533697632058288
2019-03-13,0.34153005464480873
2019-03-14,0.34215328467153283
2019-03-15,0.3242258652094718
2019-03-18,0.3205828779599271
2019-03-19,0.3324225865209472
2019-03-20,0.31785063752276865
2019-03-22,0.30636363636363634
2019-03-25,0.27454545454545454
2019-03-26,0.3003629764065336
2019-03-27,0.3215258855585831
2019-03-28,0.33484573502722326
2019-03-29,0.35208711433756806
2019-04-01,0.3825929283771532
2019-04-02,0.371713508612874
2019-04-03,0.3702359346642468
2019-04-04,0.3654545454545455
2019-04-05,0.37896645512239346
2019-04-08,0.37080689029918407
2019-04-09,0.36569872958257715
2019-04-10,0.3626473254759746
2019-04-11,0.357207615593835
2019-04-12,0.3771532184950136
2019-04-15,0.3943789664551224
2019-04-16,0.3911070780399274
2019-04-18,0.37727272727272726
2019-04-22,0.34542157751586583
2019-04-23,0.33635539437896644
2019-04-24,0.352994555353902
2019-04-25,0.3535811423390752
2019-04-26,0.35086128739800543
2019-04-30,0.3170289855072464
2019-05-02,0.3176043557168784
2019-05-03,0.3058076225045372
2019-05-06,0.28778280542986423
2019-05-07,0.276268115942029
2019-05-08,0.24909420289855072
2019-05-09,0.2427536231884058
2019-05-10,0.24159854677565848
2019-05-13,0.21033544877606528
2019-05-14,0.2157751586582049
2019-05-15,0.2085222121486854
2019-05-16,0.20652173913043478
2019-05-17,0.2230281051677244
2019-05-20,0.29411764705882354
2019-05-21,0.276268115942029
2019-05-22,0.285972850678733
2019-05-23,0.28351449275362317
2019-05-24,0.34148550724637683
2019-05-27,0.4023508137432188
2019-05-28,0.40687160940325495
2019-05-29,0.40452488687782806
2019-05-30,0.41139240506329117
2019-05-31,0.3867753623188406
2019-06-03,0.38858695652173914
2019-06-04,0.3909502262443439
2019-06-06,0.36380090497737555
2019-06-07,0.35054347826086957
2019-06-10,0.34660633484162895
2019-06-11,0.3381686310063463
2019-06-12,0.3354487760652765
2019-06-13,0.32518115942028986
2019-06-14,0.3103448275862069
2019-06-17,0.285972850678733
2019-06-18,0.27692307692307694
2019-06-19,0.26334841628959277
2019-06-20,0.27807971014492755
2019-06-21,0.27963800904977376
2019-06-24,0.2807971014492754
2019-06-25,0.29023508137432186
2019-06-26,0.29981884057971014
2019-06-27,0.30831826401446655
2019-06-28,0.3158371040723982
2019-07-01,0.321880650994575
2019-07-02,0.32429990966576333
2019-07-03,0.3291139240506329
2019-07-04,0.33574007220216606
2019-07-05,0.3047016274864376
2019-07-08,0.27166064981949456
2019-07-09,0.2755194218608853
2019-07-10,0.265158371040724
2019-07-11,0.2660633484162896
2019-07-12,0.27461607949412825
2019-07-15,0.2631103074141049
2019-07-16,0.27009936766034326
2019-07-17,0.2752707581227437
2019-07-18,0.2608303249097473
2019-07-19,0.23396567299006324
2019-07-22,0.21900452488687783
2019-07-23,0.2253393665158371
2019-07-24,0.20976491862567812
2019-07-25,0.2070524412296564
2019-07-26,0.21518987341772153
2019-07-29,0.19945848375451264
2019-07-30,0.1735985533453888
2019-07-31,0.17902350813743217
2019-08-01,0.16711833785004518
2019-08-02,0.15989159891598917
2019-08-05,0.14453477868112014
2019-08-06,0.15703971119133575
2019-08-07,0.1588447653429603
2019-08-08,0.16365280289330922
2019-08-09,0.17853922452660054
2019-08-13,0.16892502258355918
2019-08-14,0.17450271247739602
2019-08-16,0.16982836495031617
2019-08-19,0.18173598553345388
2019-08-20,0.16696750902527077
2019-08-21,0.15627822944896116
2019-08-22,0.13369467028003612
2019-08-23,0.14272809394760613
2019-08-26,0.157942238267148
2019-08-27,0.16998191681735986
2019-08-28,0.16531165311653118
2019-08-29,0.15989159891598917
2019-08-30,0.1665158371040724
2019-09-03,0.157942238267148
2019-09-04,0.15974729241877256
2019-09-05,0.16923076923076924
2019-09-06,0.18337850045167117
2019-09-09,0.19529837251356238
2019-09-11,0.22131887985546522
2019-09-12,0.22332730560578662
2019-09-13,0.24028906955736223
2019-09-16,0.24458483754512636
2019-09-17,0.2111913357400722
2019-09-18,0.2218214607754734
2019-09-19,0.2005420054200542
2019-09-20,0.26330027051397653
2019-09-23,0.3128944995491434
2019-09-24,0.30387736699729484
2019-09-25,0.2822362488728584
2019-09-26,0.2953929539295393
2019-09-27,0.2915162454873646
2019-09-30,0.2806859205776173
2019-10-01,0.24773960216998192
2019-10-03,0.2382639503985828
2019-10-04,0.22054915854738708
2019-10-07,0.20601237842617154
2019-10-09,0.2211453744493392
2019-10-10,0.2105726872246696
2019-10-11,0.21830985915492956
2019-10-14,0.22319859402460457
2019-10-15,0.22407732864674867
2019-10-16,0.2307017543859649
2019-10-17,0.23333333333333334
2019-10-18,0.26468010517090274
2019-10-22,0.26532399299474607
2019-10-23,0.26643295354951796
2019-10-24,0.2589991220368745
2019-10-25,0.2631578947368421
2019-10-27,0.2736935341009743
2019-10-29,0.29261862917398945
2019-10-30,0.3032427695004382
2019-10-31,0.32602979842243646
2019-11-01,0.3336252189141856
2019-11-04,0.34005258545135847
2019-11-05,0.32778264680105174
2019-11-06,0.3304195804195804
2019-11-07,0.3394415357766143
2019-11-08,0.32427695004382123
2019-11-11,0.33362445414847164
2019-11-13,0.30655021834061136
2019-11-14,0.31151832460732987
2019-11-15,0.31266375545851527
2019-11-18,0.31326352530541013
2019-11-19,0.30923344947735193
2019-11-20,0.3137254901960784
2019-11-21,0.30068143100511074
2019-11-22,0.30579216354344124
2019-11-25,0.3166383701188455
2019-11-26,0.3073005093378608
2019-11-27,0.3177966101694915
2019-11-28,0.3229078613693998
2019-11-29,0.3254437869822485
2019-12-02,0.31902356902356904
2019-12-03,0.30101180438448566
2019-12-04,0.30632911392405066
2019-12-05,0.3069806560134567
2019-12-06,0.27946127946127947
2019-12-09,0.280067283431455
2019-12-10,0.2640402347024308
2019-12-11,0.25901089689857504
2019-12-12,0.2726510067114094
2019-12-13,0.28823529411764703
2019-12-16,0.287751677852349
2019-12-17,0.29623430962343095
2019-12-18,0.28929765886287623
2019-12-19,0.30092204526404026
2019-12-20,0.297569153394803
2019-12-23,0.2942162615255658
2019-12-24,0.298494983277592
2019-12-26,0.31464435146443515
2019-12-27,0.3213389121338912
2019-12-30,0.3364016736401674
2019-12-31,0.34782608695652173
2020-01-01,0.3581589958158996
2020-01-02,0.4068504594820384
2020-01-03,0.40334728033472805
2020-01-06,0.35456831517183574
2020-01-07,0.38397328881469117
2020-01-08,0.3823038397328882
2020-01-09,0.42035029190992496
2020-01-10,0.4379683597002498
2020-01-13,0.47583333333333333
2020-01-14,0.49584026622296173
2020-01-15,0.5091514143094842
2020-01-16,0.5428809325562032
2020-01-17,0.5508333333333333
2020-01-20,0.5246038365304421
2020-01-21,0.5241666666666667
2020-01-22,0.5137614678899083
2020-01-23,0.5412156536219817
2020-01-24,0.5499168053244592
2020-01-27,0.5392320534223706
2020-01-28,0.5241666666666667
2020-01-29,0.5295587010824313
2020-01-30,0.4987510407993339
2020-01-31,0.4903926482873851
2020-02-01,0.4161073825503356
2020-02-03,0.4051580698835274
2020-02-04,0.4496253122398002
2020-02-05,0.4578815679733111
2020-02-06,0.48123436196830693
2020-02-07,0.47710241465445463
2020-02-10,0.4684385382059801
2020-02-11,0.45954962468723937
2020-02-12,0.4587843463780183
2020-02-13,0.4537114261884904
2020-02-14,0.4417637271214642
2020-02-17,0.42061512884455526
2020-02-18,0.41
2020-02-19,0.425
2020-02-20,0.43202668890742285
2020-02-24,0.39065108514190316
2020-02-25,0.38519134775374375
2020-02-26,0.36636136552872606
2020-02-27,0.36363636363636365
2020-02-28,0.29333333333333333
2020-03-02,0.27597672485453034
2020-03-03,0.2863105175292154
2020-03-04,0.2681099084096586
2020-03-05,0.2687813021702838
2020-03-06,0.24083333333333334
2020-03-09,0.19850498338870431
2020-03-11,0.19083333333333333
2020-03-12,0.11519198664440734
2020-03-13,0.12792642140468227
2020-03-16,0.09242298084929226
2020-03-17,0.08277591973244147
2020-03-18,0.05179615705931495
2020-03-19,0.041736227045075125
2020-03-20,0.06098579782790309
2020-03-23,0.02780117944397641
2020-03-24,0.030226700251889168
2020-03-25,0.03842940685045948
2020-03-26,0.04594820384294068
2020-03-27,0.04351464435146443
2020-03-30,0.040100250626566414
2020-03-31,0.04769874476987448
2020-04-01,0.05025125628140704
2020-04-03,0.0525
2020-04-07,0.06844741235392321
2020-04-08,0.07589658048373644
2020-04-09,0.09341117597998332
2020-04-13,0.10275689223057644
2020-04-15,0.11259382819015847
2020-04-16,0.11946532999164577
2020-04-17,0.1325
2020-04-20,0.13939899833055092
2020-04-21,0.12103505843071787
2020-04-22,0.1286549707602339
2020-04-23,0.13738551207327226
2020-04-24,0.1275
2020-04-27,0.13928273561301086
2020-04-28,0.14666666666666667
2020-04-29,0.14774624373956594
2020-04-30,0.14762301918265222
2020-05-04,0.1336675020885547
2020-05-05,0.12364243943191311
2020-05-06,0.12510425354462051
2020-05-07,0.12709030100334448
2020-05-08,0.12583333333333332
2020-05-11,0.12479201331114809
2020-05-12,0.12604340567612687
2020-05-13,0.13526970954356846
2020-05-14,0.1337737407101569
2020-05-15,0.129644921552436
2020-05-18,0.12871287128712872
2020-05-19,0.12841756420878211
2020-05-20,0.13399503722084366
2020-05-21,0.14521452145214522
2020-05-22,0.1453344343517754
2020-05-26,0.14521452145214522
2020-05-27,0.1443894389438944
2020-05-28,0.16006600660066006
2020-05-29,0.17423616845582163
2020-06-01,0.1927512355848435
2020-06-02,0.20874587458745875
2020-06-03,0.2225886232481451
2020-06-04,0.23577906018136852
2020-06-05,0.285831960461285
2020-06-08,0.3125
2020-06-09,0.3105998356614626
2020-06-10,0.3196384552177486
2020-06-11,0.2999178307313065
2020-06-12,0.3059210526315789
2020-06-15,0.32046014790468363
2020-06-16,0.31388660640920296
2020-06-17,0.32621199671322926
2020-06-18,0.34761120263591433
2020-06-19,0.3816982687551525
2020-06-22,0.41975308641975306
2020-06-23,0.45334434351775393
2020-06-24,0.44178364987613544
2020-06-25,0.44178364987613544
2020-06-26,0.4624277456647399
2020-06-29,0.43986820428336076
2020-06-30,0.43022295623451695
2020-07-01,0.44178364987613544
2020-07-02,0.44297520661157025
2020-07-03,0.44966996699669964
2020-07-06,0.48601973684210525
2020-07-07,0.4892739273927393
2020-07-08,0.4769357495881384
2020-07-09,0.49299258037922505
2020-07-10,0.47775947281713343
2020-07-13,0.47704918032786886
2020-07-14,0.43303204601479045
2020-07-15,0.4322103533278554
2020-07-16,0.4298605414273995
2020-07-17,0.4437140509449466
2020-07-20,0.4643150123051682
2020-07-21,0.4688013136288998
2020-07-22,0.47044334975369456
2020-07-23,0.4885245901639344
2020-07-24,0.46759639048400325
2020-07-27,0.4343185550082102
2020-07-28,0.4506578947368421
2020-07-29,0.4548440065681445
2020-07-30,0.4387838948233361
2020-07-31,0.44016393442622953
2020-08-03,0.451559934318555
2020-08-04,0.47990155865463496
2020-08-05,0.4938474159146842
2020-08-06,0.5123152709359606
2020-08-07,0.5446355446355446
2020-08-10,0.5666394112837285
2020-08-11,0.5821749795584628
2020-08-12,0.598528209321341
2020-08-13,0.6284779050736498
2020-08-14,0.6076986076986077
2020-08-17,0.6317512274959084
2020-08-18,0.6669394435351882
2020-08-19,0.7007358953393296
2020-08-20,0.7211774325429272
2020-08-21,0.755718954248366
2020-08-24,0.7663398692810458
2020-08-25,0.7689795918367347
2020-08-26,0.7902040816326531
2020-08-27,0.803265306122449
2020-08-28,0.799347471451876
2020-08-31,0.6960065199674002
2020-09-01,0.6984515077424613
2020-09-02,0.7251223491027733
2020-09-03,0.7275693311582382
2020-09-04,0.7077551020408164
2020-09-07,0.697389885807504
2020-09-08,0.6674836601307189
2020-09-09,0.6391836734693878
2020-09-10,0.666394779771615
2020-09-11,0.6631321370309952
2020-09-14,0.7098614506927465
2020-09-15,0.7194127243066885
2020-09-16,0.7367563162184189
2020-09-17,0.7174267100977199
2020-09-18,0.7090464547677262
2020-09-21,0.6373268133659332
2020-09-22,0.58679706601467
2020-09-23,0.5876120619396903
2020-09-24,0.535889070146819
2020-09-25,0.5871335504885994
2020-09-28,0.6365118174409128
2020-09-29,0.634881825590872
2020-09-30,0.633768352365416
2020-10-01,0.6462917685411573
2020-10-05,0.6566314076484947
2020-10-06,0.6742671009771987
2020-10-07,0.660699755899105
2020-10-08,0.6566314076484947
2020-10-09,0.6558177379983726
2020-10-12,0.6382113821138211
2020-10-13,0.6292682926829268
2020-10-14,0.6147607461476075
2020-10-15,0.5899513776337115
2020-10-16,0.6131386861313869
2020-10-19,0.6220600162206001
2020-10-20,0.626418152350081
2020-10-21,0.6385737439222042
2020-10-22,0.6450567260940032
2020-10-23,0.6677471636952999
2020-10-26,0.6585563665855637
2020-10-27,0.6553122465531225
2020-10-28,0.6458164094232332
2020-10-29,0.6291497975708502
2020-10-30,0.6334144363341444
2020-11-02,0.6262135922330098
2020-11-03,0.6323886639676113
2020-11-04,0.6393841166936791
2020-11-05,0.6720647773279352
2020-11-06,0.68582995951417
2020-11-09,0.6965294592413237
2020-11-10,0.7122069523039612
2020-11-11,0.7224919093851133
2020-11-12,0.7401129943502824
2020-11-13,0.7576736672051696
2020-11-14,0.7807443365695793
2020-11-17,0.802907915993538
2020-11-18,0.821486268174475
2020-11-19,0.8300970873786407
2020-11-20,0.8399353274050121
2020-11-23,0.8536782538399353
2020-11-24,0.8715670436187399
2020-11-25,0.8603712671509282
2020-11-26,0.8797417271993543
2020-11-27,0.8960515713134569
2020-12-01,0.9170024174053183
2020-12-02,0.9219001610305958
2020-12-03,0.9380530973451328
2020-12-04,0.9469453376205788
2020-12-07,0.9646302250803859
2020-12-08,0.9670418006430869
2020-12-09,0.9751004016064257
2020-12-10,0.9726907630522088
2020-12-11,0.97429718875502
2020-12-14,0.9775100401606426
2020-12-15,0.976706827309237
2020-12-16,0.9831460674157303
2020-12-17,0.9823434991974318
2020-12-18,0.9743178170144462
2020-12-21,0.9478330658105939
2020-12-22,0.951004016064257
2020-12-23,0.971107544141252
2020-12-24,0.9686998394863563
2020-12-28,0.9743178170144462
2020-12-29,0.9759229534510433
2020-12-30,0.97514033680834
2020-12-31,0.978330658105939
2021-01-01,0.9791499599037691
2021-01-04,0.9807692307692307
2021-01-05,0.9791499599037691
2021-01-06,0.9791332263242376
2021-01-07,0.9791499599037691
2021-01-08,0.9791499599037691
2021-01-11,0.9767441860465116
2021-01-12,0.9767814251401121
2021-01-13,0.9735788630904724
2021-01-14,0.9735788630904724
2021-01-15,0.9727782225780625
2021-01-18,0.967121090617482
2021-01-19,0.9703049759229535
2021-01-20,0.9679230152365678
2021-01-21,0.9607371794871795
2021-01-22,0.9463141025641025
2021-01-25,0.936698717948718
2021-01-27,0.9310344827586207
2021-01-28,0.9294871794871795
2021-01-29,0.9230769230769231
2021-02-01,0.9343474779823859
2021-02-02,0.938301282051282
2021-02-03,0.944755804643715
2021-02-04,0.9432
2021-02-05,0.9368
2021-02-08,0.9408945686900958
2021-02-09,0.9312
2021-02-10,0.924
2021-02-11,0.9256
2021-02-12,0.9304556354916067
2021-02-15,0.9146049481245012
2021-02-16,0.9128697042366107
2021-02-17,0.9112
2021-02-18,0.9193290734824281
2021-02-19,0.9138068635275339
2021-02-22,0.8986432561851556
2021-02-23,0.9034317637669593
2021-02-24,0.9041533546325878
2021-02-25,0.9099601593625498
2021-02-26,0.8988853503184714
2021-03-01,0.9093078758949881
2021-03-02,0.9140127388535032
2021-03-03,0.9260143198090692
2021-03-04,0.9284009546539379
2021-03-05,0.9220365950676214
2021-03-08,0.9196499602227526
2021-03-09,0.9124900556881463
2021-03-10,0.9133545310015898
2021-03-12,0.9086576648133439
2021-03-15,0.8943606036536934
2021-03-16,0.8927720413026211
2021-03-17,0.868943606036537
2021-03-18,0.8412698412698413
2021-03-19,0.8357142857142857
2021-03-22,0.8380952380952381
2021-03-23,0.8444444444444444
2021-03-24,0.8244638602065131
2021-03-25,0.7744241461477362
2021-03-26,0.7850911974623315
2021-03-30,0.7844690966719493
2021-03-31,0.7779540047581285
2021-04-01,0.8206349206349206
2021-04-05,0.7993655828707376
2021-04-06,0.8065027755749405
2021-04-07,0.8263283108643933
2021-04-08,0.8375594294770206
2021-04-09,0.8543151227236738
2021-04-12,0.7672209026128266
2021-04-13,0.7963549920760697
2021-04-15,0.7854315122723674
2021-04-16,0.7973079968329374
2021-04-19,0.741501976284585
2021-04-20,0.7541501976284585
2021-04-22,0.7778656126482213
2021-04-23,0.7810276679841898
2021-04-26,0.7938388625592417
2021-04-27,0.8058405682715075
2021-04-28,0.8208366219415943
2021-04-29,0.8184688239936859
2021-04-30,0.8129439621152328
2021-05-03,0.8201892744479495
2021-05-04,0.8233438485804416
2021-05-05,0.8259842519685039
2021-05-06,0.8392434988179669
2021-05-07,0.8377952755905512
2021-05-10,0.8562450903377847
2021-05-11,0.8717545239968528
2021-05-12,0.8782403770620582
2021-05-14,0.8703849175176748
2021-05-17,0.8815686274509804
2021-05-18,0.8893249607535322
2021-05-19,0.8956862745098039
2021-05-20,0.8996865203761756
2021-05-21,0.9075235109717869
2021-05-24,0.9123630672926447
2021-05-25,0.9169278996865203
2021-05-26,0.9263322884012539
2021-05-27,0.9256068911511355
2021-05-28,0.9257232212666145
2021-05-31,0.9289617486338798
2021-06-01,0.9186864738076622
2021-06-02,0.9310884886452623
2021-06-03,0.94140625
2021-06-04,0.94453125
2021-06-07,0.95390625
2021-06-08,0.95703125
2021-06-09,0.9469164715066355
2021-06-10,0.9586260733801717
2021-06-11,0.961028838659392
2021-06-14,0.9609984399375975
2021-06-15,0.9648711943793911
2021-06-16,0.960967993754879
2021-06-17,0.9562841530054644
2021-06-18,0.9484777517564403
2021-06-21,0.9485580670303975
2021-06-22,0.9571651090342679
2021-06-23,0.9540856031128405
2021-06-24,0.9534883720930233
2021-06-25,0.9573643410852714
2021-06-28,0.958139534883721
2021-06-29,0.9566227730441518
2021-06-30,0.9519752130131681
2021-07-01,0.9520865533230294
2021-07-02,0.9528593508500772
2021-07-05,0.9566898685228151
2021-07-06,0.9575289575289575
2021-07-07,0.9590733590733591
2021-07-08,0.9552123552123553
2021-07-09,0.9552469135802469
2021-07-12,0.9567901234567902
2021-07-13,0.9599383667180277
2021-07-14,0.9583975346687211
2021-07-15,0.9576597382602001
2021-07-16,0.9576597382602001
2021-07-19,0.9553502694380293
2021-07-20,0.9484218629715165
2021-07-22,0.9529683885890516
2021-07-23,0.9491916859122402
2021-07-26,0.9439754412893323
2021-07-27,0.9400921658986175
2021-07-28,0.9339477726574501
2021-07-29,0.93543428132206
2021-07-30,0.9377880184331797
2021-08-02,0.9394171779141104
2021-08-03,0.9400921658986175
2021-08-04,0.9293394777265745
2021-08-05,0.9201841903300076
2021-08-06,0.9263238679969301
2021-08-09,0.9201841903300076
2021-08-10,0.8940905602455871
2021-08-11,0.8787413660782809
2021-08-12,0.9025326170376056
2021-08-13,0.8994627782041443
2021-08-16,0.8849693251533742
2021-08-17,0.8718342287029931
2021-08-18,0.8639508070714835
2021-08-20,0.8288564850345357
2021-08-23,0.7800766283524905
2021-08-24,0.8059815950920245
2021-08-25,0.8174846625766872
2021-08-26,0.8242517267843438
2021-08-27,0.8343558282208589
2021-08-30,0.8492731446059678
2021-08-31,0.8504601226993865
2021-09-01,0.8467432950191571
2021-09-02,0.8574712643678161
2021-09-03,0.86415963161934
2021-09-06,0.8606431852986217
2021-09-07,0.8582375478927203
2021-09-08,0.8595548733691482
2021-09-09,0.8654434250764526
2021-09-13,0.8663101604278075
2021-09-14,0.8754774637127578
2021-09-15,0.8838808250572956
2021-09-16,0.8854087089381207
2021-09-17,0.8725190839694656
2021-09-20,0.84744469870328
2021-09-21,0.8435114503816794
2021-09-22,0.8526717557251908
2021-09-23,0.8674790555978675
2021-09-24,0.8513719512195121
2021-09-27,0.8552932216298553
2021-09-28,0.8509505703422053
2021-09-29,0.8562737642585552
2021-09-30,0.8600760456273764
2021-10-01,0.8638783269961977
2021-10-04,0.8714828897338402
2021-10-05,0.8844106463878327
2021-10-06,0.8760456273764259
2021-10-07,0.8867781155015197
2021-10-08,0.8906605922551253
2021-10-11,0.8983308042488619
2021-10-12,0.8960546282245827
2021-10-13,0.8998482549317147
2021-10-14,0.8952959028831563
2021-10-18,0.8930197268588771
2021-10-19,0.8770864946889226
2021-10-20,0.8511769172361427
2021-10-21,0.8415466262319939
2021-10-22,0.8309325246398787
2021-10-25,0.7992424242424242
2021-10-26,0.8177004538577912
2021-10-27,0.8207261724659607
2021-10-28,0.7904689863842662
2021-10-29,0.7783661119515886
2021-11-01,0.791981845688351
2021-11-02,0.8086232980332829
2021-11-03,0.7956093868281605
2021-11-04,0.8234848484848485
2021-11-08,0.8301886792452831
2021-11-09,0.8347169811320755
2021-11-10,0.8333333333333334
2021-11-11,0.8242835595776772
2021-11-12,0.8220211161387632
2021-11-15,0.799849510910459
2021-11-16,0.7966867469879518
2021-11-17,0.7899096385542169
2021-11-18,0.7556390977443609
2021-11-22,0.6864216054013503
2021-11-23,0.7157894736842105
2021-11-24,0.7240601503759398
2021-11-25,0.7330827067669173
2021-11-26,0.6769346356123216
2021-11-29,0.6194756554307116
2021-11-30,0.6288504883546205
2021-12-01,0.6403903903903904
2021-12-02,0.6719219219219219
2021-12-03,0.6816816816816816
2021-12-06,0.652434456928839
2021-12-07,0.6829451540195342
2021-12-08,0.7094594594594594
2021-12-09,0.7314328582145536
2021-12-10,0.7453183520599251
2021-12-13,0.7378640776699029
2021-12-14,0.7344801795063575
2021-12-15,0.7294469357249627
2021-12-16,0.7119402985074627
2021-12-17,0.658955223880597
2021-12-20,0.5713224368499257
2021-12-21,0.5970260223048327
2021-12-22,0.6210995542347697
2021-12-23,0.638187221396731
2021-12-24,0.6158989598811293
2021-12-27,0.6271312083024463
2021-12-28,0.6614699331848553
2021-12-29,0.674090571640683
2021-12-30,0.6785449146250928
2021-12-31,0.6889383815887157
2022-01-03,0.7270029673590505
2022-01-04,0.7332838038632986
2022-01-05,0.7438752783964365
2022-01-06,0.7466567607726597
2022-01-07,0.7512991833704529
2022-01-10,0.7742413027387121
2022-01-11,0.7700296735905044
2022-01-12,0.7764618800888231
2022-01-13,0.7831236121391562
2022-01-14,0.7912657290895633
2022-01-17,0.803690036900369
2022-01-18,0.7751479289940828
2022-01-19,0.762962962962963
2022-01-20,0.764618800888231
2022-01-21,0.7239082161361954
2022-01-24,0.6265682656826568
2022-01-25,0.656319290465632
2022-01-27,0.6484085862324205
2022-01-28,0.6592756836659276
2022-01-31,0.6705969049373618
2022-02-01,0.6878228782287823
2022-02-02,0.7112259970457903
2022-02-03,0.7045790251107829
2022-02-04,0.6903178122690318
2022-02-07,0.6674041297935103
2022-02-08,0.639320029563932
2022-02-09,0.6533628972653363
2022-02-10,0.6533628972653363
2022-02-11,0.6208425720620843
2022-02-14,0.5217712177121772
2022-02-15,0.5565410199556541
2022-02-16,0.5779748706577975
2022-02-17,0.5566247224278312
2022-02-18,0.5461936437546193
2022-02-21,0.4966789667896679
2022-02-22,0.4491150442477876
2022-02-23,0.4808259587020649
2022-02-24,0.3380073800738007
2022-02-25,0.41224188790560473
2022-02-28,0.4317343173431734
2022-03-02,0.42551622418879054
2022-03-03,0.44141488577745025
2022-03-04,0.4119380987472365
2022-03-07,0.36229749631811486
2022-03-08,0.39306784660766964
2022-03-09,0.43773028739867353
2022-03-10,0.4536082474226804
2022-03-11,0.47643593519882177
2022-03-14,0.4761204996326231
2022-03-15,0.4518736223365173
2022-03-16,0.48167155425219943
2022-03-17,0.49523809523809526
2022-03-21,0.49230769230769234
2022-03-22,0.4970674486803519
2022-03-23,0.48717948717948717
2022-03-24,0.486090775988287
2022-03-25,0.4776883686905633
2022-03-28,0.4597953216374269
2022-03-29,0.4554093567251462
2022-03-30,0.4754937820043892
2022-03-31,0.47406866325785246
2022-04-01,0.5200876552227903
2022-04-04,0.5547445255474452
2022-04-05,0.5868613138686132
2022-04-06,0.6014598540145986
2022-04-07,0.6042274052478134
2022-04-08,0.6231778425655977
2022-04-11,0.6307356154406409
2022-04-12,0.6011644832605532
2022-04-13,0.6142649199417758
2022-04-18,0.5924308588064047
2022-04-19,0.5846042120551924
2022-04-20,0.5809731299927379
2022-04-21,0.6185641769398115
2022-04-22,0.6057971014492753
2022-04-25,0.5673913043478261
2022-04-26,0.5876811594202899
2022-04-27,0.5752532561505065
2022-04-28,0.5761732851985559
2022-04-29,0.5454545454545454
2022-05-02,0.5310245310245311
2022-05-04,0.46431146359048303
2022-05-05,0.4534967555875991
2022-05-06,0.4144404332129964
2022-05-09,0.37526959022286127
2022-05-10,0.34195402298850575
2022-05-11,0.3007896625987078
2022-05-12,0.2664756446991404
2022-05-13,0.3006442376521117
2022-05-16,0.3090128755364807
2022-05-17,0.35739814152966404
2022-05-18,0.36623748211731044
2022-05-19,0.336676217765043
2022-05-20,0.37312365975696926
2022-05-23,0.35264663805436336
2022-05-24,0.3249821045096636
2022-05-25,0.27519656897784134
2022-05-26,0.28051391862955033
2022-05-27,0.295
2022-05-30,0.33238231098430815
2022-05-31,0.34785714285714286
2022-06-01,0.35525375268048603
2022-06-02,0.3673323823109843
2022-06-03,0.3459074733096085
2022-06-06,0.3423487544483986
2022-06-07,0.3259943181818182
2022-06-08,0.32338308457711445
2022-06-09,0.33451957295373663
2022-06-10,0.31201137171286425
2022-06-13,0.259601706970128
2022-06-14,0.2546230440967283
2022-06-15,0.26548042704626335
2022-06-16,0.2046908315565032
2022-06-17,0.20113717128642503
2022-06-20,0.15625
2022-06-21,0.19260838663823737
2022-06-22,0.18181818181818182
2022-06-23,0.18878637331440737
2022-06-24,0.21732954545454544
2022-06-27,0.2313697657913414
2022-06-28,0.24733475479744135
2022-06-29,0.24414478353442157
2022-06-30,0.2370475514549326
2022-07-01,0.2404255319148936
2022-07-04,0.24416135881104034
2022-07-05,0.25301204819277107
2022-07-06,0.2632696390658174
2022-07-07,0.2842998585572843
2022-07-08,0.2873319179051663
2022-07-11,0.3010600706713781
2022-07-12,0.29985855728429983
2022-07-13,0.2942008486562942
2022-07-14,0.28591648973814576
2022-07-15,0.2959039548022599
2022-07-18,0.31263232180663375
2022-07-19,0.3333333333333333
2022-07-20,0.3418079096045198
2022-07-21,0.3572938689217759
2022-07-22,0.3643410852713178
2022-07-25,0.35774647887323946
2022-07-26,0.33380281690140845
2022-07-27,0.3460183227625088
2022-07-28,0.3598591549295775
2022-07-29,0.38309859154929576
2022-08-01,0.4212376933895921
2022-08-02,0.43679775280898875
2022-08-03,0.4164325842696629
2022-08-04,0.40982456140350876
2022-08-05,0.4203508771929825
2022-08-08,0.438375350140056
2022-08-10,0.4314685314685315
2022-08-11,0.44086773967809656
2022-08-12,0.441340782122905
2022-08-16,0.45746164574616455
2022-08-17,0.47452896022330776
2022-08-18,0.49442119944211993
2022-08-19,0.4808362369337979
2022-08-22,0.44846796657381616
2022-08-23,0.4797768479776848
2022-08-24,0.5
2022-08-25,0.5177700348432056
2022-08-26,0.5365853658536586
2022-08-29,0.5173852573018081
2022-08-30,0.5476687543493389
2022-09-01,0.5652777777777778
2022-09-02,0.5655794587092297
2022-09-05,0.5843164469118668
2022-09-06,0.5918225918225918
2022-09-07,0.6149584487534626
2022-09-08,0.6325259515570935
2022-09-09,0.626123013130615
2022-09-12,0.6418219461697723
2022-09-13,0.6507936507936508
2022-09-14,0.6450723638869745
2022-09-15,0.6531314521679285
2022-09-16,0.5969738651994498
2022-09-19,0.5887207702888583
2022-09-20,0.6072902338376891
2022-09-21,0.5945017182130584
2022-09-22,0.5947802197802198
2022-09-23,0.5542582417582418
2022-09-26,0.46227709190672156
2022-09-27,0.47151681537405626
2022-09-28,0.455044612216884
2022-09-29,0.46433470507544583
2022-09-30,0.49725651577503427
2022-10-03,0.47840986977381766
2022-10-04,0.5274348422496571
2022-10-06,0.5483870967741935
2022-10-07,0.5569272976680384
2022-10-10,0.5404109589041096
2022-10-11,0.5003427004797807
2022-10-12,0.5024021962937543
2022-10-13,0.48798901853122856
2022-10-14,0.4897119341563786
2022-10-17,0.4815068493150685
2022-10-18,0.49759780370624573
2022-10-19,0.5006849315068493
2022-10-20,0.49383561643835616
2022-10-21,0.4852638793694311
2022-10-24,0.5123287671232877
2022-10-25,0.49828884325804246
2022-10-27,0.5095759233926128
2022-10-28,0.5047879616963065
2022-10-31,0.51742993848257
2022-11-01,0.5225718194254446
2022-11-02,0.5269993164730007
2022-11-03,0.5368852459016393
2022-11-04,0.548431105047749
2022-11-07,0.5600272851296043
2022-11-09,0.5609257998638529
2022-11-10,0.5513955071477196
2022-11-11,0.5534377127297482
2022-11-14,0.5598639455782313
2022-11-15,0.5585034013605442
2022-11-16,0.5448979591836735
2022-11-17,0.5346938775510204
2022-11-18,0.5272108843537415
2022-11-21,0.5170068027210885
2022-11-22,0.5112321307011573
2022-11-23,0.5251700680272109
2022-11-24,0.5360544217687074
2022-11-25,0.5517006802721088
2022-11-28,0.5686141304347826
2022-11-29,0.5791978246091094
2022-11-30,0.5971467391304348
2022-12-01,0.6057104010876955
2022-12-02,0.6213460231135283
2022-12-05,0.6354378818737271
2022-12-06,0.6295037389530931
2022-12-07,0.626358695652174
2022-12-08,0.6317934782608695
2022-12-09,0.6142372881355932
2022-12-12,0.6143437077131259
2022-12-13,0.6266937669376694
2022-12-14,0.6395663956639567
2022-12-15,0.625169147496617
2022-12-16,0.6132521974306964
2022-12-19,0.6227180527383367
2022-12-20,0.6195945945945946
2022-12-21,0.5662162162162162
2022-12-22,0.5104659014179609
2022-12-23,0.40783254557731263
2022-12-26,0.47638326585695007
2022-12-27,0.52088948787062
2022-12-28,0.5441077441077441
2022-12-29,0.5427034297242771
2022-12-30,0.5577181208053691
2023-01-02,0.5724832214765101
2023-01-03,0.5868544600938967
2023-01-04,0.5734406438631791
2023-01-05,0.565771812080537
2023-01-06,0.5516085790884718
2023-01-09,0.5676943699731903
2023-01-10,0.5565974547890155
2023-01-11,0.5606162089752177
2023-01-12,0.5586068318821166
2023-01-13,0.5639651707970529
2023-01-16,0.5602409638554217
2023-01-17,0.5542895442359249
2023-01-18,0.5597862391449566
2023-01-19,0.554739652870494
2023-01-20,0.5484301937207748
2023-01-23,0.5493991989319092
2023-01-24,0.532
2023-01-25,0.5036593479707252
2023-01-27,0.4474034620505992
2023-01-30,0.4414114513981358
2023-01-31,0.48468708388814913
2023-02-01,0.4537591483699268
2023-02-02,0.44680851063829785
2023-02-03,0.43446440452428475
2023-02-06,0.453156146179402
2023-02-07,0.44687915006640105
2023-02-08,0.47413793103448276
2023-02-09,0.46984758117958914
2023-02-10,0.4798146922567836
2023-02-13,0.44900662251655626
2023-02-14,0.43273691186216034
2023-02-15,0.4410596026490066
2023-02-16,0.4487094639311714
2023-02-17,0.43928334439283345
2023-02-20,0.42800528401585203
2023-02-21,0.42328042328042326
2023-02-22,0.3985459352280238
2023-02-23,0.3965631196298744
2023-02-24,0.38227513227513227
2023-02-27,0.35931307793923384
2023-02-28,0.3609271523178808
2023-03-01,0.3817701453104359
2023-03-02,0.3790375741595254
2023-03-03,0.4038208168642951
2023-03-06,0.40974967061923584
2023-03-08,0.41907894736842105
2023-03-09,0.40828402366863903
2023-03-10,0.40039447731755423
2023-03-13,0.34779750164365547
2023-03-14,0.3324572930354796
2023-03-15,0.32916392363396973
2023-03-16,0.32063074901445465
2023-03-17,0.32457293035479634
2023-03-20,0.3037475345167653
2023-03-21,0.31167979002624674
2023-03-22,0.32217847769028873
2023-03-23,0.3265573770491803
2023-03-24,0.3005249343832021
2023-03-27,0.270997375328084
2023-03-28,0.26001313197636244
2023-03-29,0.282437745740498
2023-03-31,0.30295081967213117
2023-04-03,0.3285245901639344
2023-04-05,0.3661417322834646
2023-04-06,0.3794233289646134
2023-04-10,0.38179436804191225
2023-04-11,0.3942370661427636
2023-04-12,0.4020956123117223
2023-04-13,0.41388343156516044
2023-04-17,0.4162303664921466
2023-04-18,0.42350623768877216
2023-04-19,0.42857142857142855
2023-04-20,0.4407334643091028
2023-04-21,0.4303466317854807
2023-04-24,0.44015696533682147
2023-04-25,0.45003265839320705
2023-04-26,0.4516971279373368
2023-04-27,0.46244284781188766
2023-04-28,0.47877204441541477
2023-05-02,0.4895424836601307
2023-05-03,0.49051667756703726
2023-05-04,0.5130548302872062
2023-05-05,0.4963934426229508
2023-05-08,0.5140247879973907
2023-05-09,0.5061889250814332
2023-05-10,0.5143229166666666
2023-05-11,0.5345052083333334
2023-05-12,0.5303326810176126
2023-05-15,0.5309043591411842
2023-05-16,0.5299479166666666
2023-05-17,0.5309446254071661
2023-05-18,0.525390625
2023-05-19,0.5192182410423453
2023-05-22,0.5247074122236671
2023-05-23,0.536156351791531
2023-05-24,0.5319010416666666
2023-05-25,0.5403645833333334
2023-05-26,0.545632333767927
2023-05-29,0.5590909090909091
2023-05-30,0.552956465237167
2023-05-31,0.5551948051948052
2023-06-01,0.5719844357976653
2023-06-02,0.5902597402597403
2023-06-05,0.6124432922877512
2023-06-06,0.6173800259403373
2023-06-07,0.6407263294422828
2023-06-08,0.632295719844358
2023-06-09,0.6297016861219196
2023-06-12,0.6448476992871031
2023-06-13,0.654769630110318
2023-06-14,0.6658014276443868
2023-06-15,0.6530479896238651
2023-06-16,0.6705577172503242
2023-06-19,0.6759559300064809
2023-06-20,0.6930564568462038
2023-06-21,0.6926575698505523
2023-06-22,0.682261208576998
2023-06-23,0.6573653471771577
2023-06-26,0.6627906976744186
2023-06-27,0.6731517509727627
2023-06-28,0.6783398184176395
2023-06-30,0.6913099870298314
2023-07-03,0.6987096774193549
2023-07-04,0.7027903958468527
2023-07-05,0.7178988326848249
2023-07-06,0.7249674902470741
2023-07-07,0.7212475633528265
2023-07-10,0.7084680025856497
2023-07-11,0.7122395833333334
2023-07-12,0.7137280416395576
2023-07-13,0.7007156798959011
2023-07-14,0.721172638436482
2023-07-17,0.7368082368082368
2023-07-18,0.7330729166666666
2023-07-19,0.7400651465798046
2023-07-20,0.7385919165580183
2023-07-21,0.7411764705882353
2023-07-24,0.737315350032113
2023-07-25,0.7355584082156611
2023-07-26,0.7362002567394095
2023-07-27,0.7429305912596401
2023-07-28,0.7456647398843931
2023-07-31,0.7560975609756098
2023-08-01,0.7676508344030809
2023-08-02,0.7535301668806161
2023-08-03,0.7568954457985888
2023-08-04,0.766175528507367
2023-08-07,0.7733674775928298
2023-08-08,0.7741522712731925
2023-08-09,0.7822477650063857
2023-08-10,0.7836630504148053
2023-08-11,0.7786989795918368
2023-08-14,0.7617834394904459
2023-08-16,0.7605095541401274
2023-08-17,0.7625716104392107
2023-08-18,0.7612985359643539
2023-08-21,0.7705022250476796
2023-08-22,0.781031190324634
2023-08-23,0.789440203562341
2023-08-24,0.7952956134774316
2023-08-25,0.7926208651399491
2023-08-28,0.7947903430749682
2023-08-29,0.8157560355781448
2023-08-30,0.8340750158931977
2023-08-31,0.8267766497461929
2023-09-01,0.8375634517766497
2023-09-04,0.8566899175649968
2023-09-05,0.8628571428571429
2023-09-06,0.866031746031746
2023-09-07,0.8742058449809402
2023-09-08,0.8813451776649747
2023-09-11,0.896005072923272
2023-09-12,0.8579581483830057
2023-09-13,0.8649334178820546
2023-09-14,0.8752374920835972
2023-09-15,0.879746835443038
2023-09-18,0.8759493670886076
2023-09-20,0.8683544303797468
2023-09-21,0.8634639696586599
2023-09-22,0.8577749683944375
2023-09-25,0.8609355246523388
2023-09-26,0.8592171717171717
2023-09-27,0.8674242424242424
2023-09-28,0.8529040404040404
2023-09-29,0.8624605678233438
2023-10-03,0.8623737373737373
2023-10-04,0.8573232323232324
2023-10-05,0.8694829760403531
2023-10-06,0.8694829760403531
2023-10-09,0.8486759142496847
2023-10-10,0.8587641866330391
2023-10-11,0.873266078184111
2023-10-12,0.8745271122320303
2023-10-13,0.8753933291378225
2023-10-16,0.8829452485840151
2023-10-17,0.889308176100629
2023-10-18,0.8805782526712759
2023-10-19,0.8823159219634991
2023-10-20,0.8713119899560577
2023-10-23,0.8016321406151915
2023-10-25,0.7727558066541117
2023-10-26,0.7656348704990524
2023-10-27,0.8048010107391029
2023-10-30,0.8073278584965256
2023-10-31,0.8093434343434344
2023-11-01,0.7949526813880127
2023-11-02,0.8111181301326595
2023-11-03,0.8253467843631778
2023-11-06,0.8415404040404041
2023-11-07,0.8423707440100883
2023-11-08,0.8422712933753943
2023-11-09,0.8266078184110971
2023-11-10,0.8247162673392182
2023-11-12,0.8438685208596713
2023-11-13,0.8380592312539382
2023-11-15,0.8443604284814115
2023-11-16,0.8487712665406427
2023-11-17,0.8462507876496534
2023-11-20,0.8455233291298865
2023-11-21,0.8582230623818525
2023-11-22,0.8567823343848581
2023-11-23,0.8613736609955892
2023-11-24,0.8581336696090794
2023-11-28,0.8620906801007556
2023-11-29,0.8631778058007566
2023-11-30,0.8626339004410838
2023-12-01,0.8720856962822936
2023-12-04,0.8790170132325141
2023-12-05,0.8790931989924433
2023-12-06,0.8835012594458438
2023-12-07,0.889168765743073
2023-12-08,0.8860918816865954
2023-12-11,0.8873505349276274
2023-12-12,0.8879798615481435
2023-12-13,0.889308176100629
2023-12-14,0.8887492143306097
2023-12-15,0.8931489629164048
2023-12-18,0.8994343180389692
2023-12-19,0.8994343180389692
2023-12-20,0.8661219358893778
2023-12-21,0.8755499685732244
2023-12-22,0.8881909547738693
2023-12-26,0.8888888888888888
2023-12-27,0.8877742946708463
2023-12-28,0.8884012539184953
2023-12-29,0.8929242329367564
2024-01-01,0.9010025062656641
2024-01-02,0.9028213166144201
2024-01-03,0.9058971141781681
2024-01-04,0.915987460815047
2024-01-05,0.9170854271356784
2024-01-08,0.9101194217473287
2024-01-09,0.9099496221662469
2024-01-10,0.9060529634300126
2024-01-11,0.911857958148383
2024-01-12,0.9195183776932826
2024-01-15,0.9155555555555556
2024-01-16,0.9065479974570884
2024-01-17,0.8912213740458015
2024-01-18,0.8847133757961784
2024-01-19,0.8877551020408163
2024-01-23,0.8602425015954053
2024-01-24,0.8651757188498402
2024-01-25,0.870843989769821
2024-01-29,0.8793873643905552
2024-01-30,0.8721227621483376
2024-01-31,0.8820846905537459
2024-02-01,0.8831592689295039
2024-02-02,0.8731196860693263
2024-02-05,0.8669724770642202
2024-02-06,0.8667104399212081
2024-02-07,0.8691650230111768
2024-02-08,0.8584656084656085
2024-02-09,0.8458994708994709
2024-02-12,0.809775429326288
2024-02-13,0.8045062955599734
2024-02-14,0.8167330677290837
2024-02-15,0.824468085106383
2024-02-16,0.8353333333333334
2024-02-19,0.8362183754993342
2024-02-20,0.8385590393595731
2024-02-21,0.8332221480987325
2024-02-22,0.8345612860013396
2024-02-23,0.8395973154362416
2024-02-26,0.8328859060402685
2024-02-27,0.8194630872483222
2024-02-28,0.7959731543624161
2024-02-29,0.7884486232370719
2024-03-01,0.8047138047138047
2024-03-04,0.8005390835579514
2024-03-05,0.7792032410533424
2024-03-06,0.7440918298446996
2024-03-07,0.7496617050067659
2024-03-11,0.7083897158322057
2024-03-12,0.6635071090047393
2024-03-13,0.5328368314150305
2024-03-14,0.5948509485094851
2024-03-15,0.5857627118644068
2024-03-18,0.6043360433604336
2024-03-19,0.5813008130081301
2024-03-20,0.5826558265582655
2024-03-21,0.6067796610169491
2024-03-22,0.6244925575101489
2024-03-26,0.5995934959349594
2024-03-27,0.5995934959349594
2024-03-28,0.5995934959349594
2024-04-01,0.6761517615176151
2024-04-02,0.7077131258457375
2024-04-03,0.7393364928909952
2024-04-04,0.7506775067750677
2024-04-05,0.7631935047361299
2024-04-08,0.7587837837837837
2024-04-09,0.7513550135501355
2024-04-10,0.7572881355932204
2024-04-12,0.7442333785617368
2024-04-15,0.6899592944369064
2024-04-16,0.7026476578411406
2024-04-18,0.7014925373134329
2024-04-19,0.6949728260869565
2024-04-22,0.7241847826086957
2024-04-23,0.7431129476584022
2024-04-24,0.7532736044107512
2024-04-25,0.7525844245348036
2024-04-26,0.756383712905452
2024-04-29,0.7641379310344828
2024-04-30,0.766896551724138
2024-05-02,0.7662068965517241
2024-05-03,0.7531120331950207
2024-05-06,0.7204152249134949
2024-05-07,0.6867219917012448
2024-05-08,0.6924671734623359
2024-05-09,0.6371803731859018
2024-05-10,0.648686030428769
2024-05-13,0.6452282157676349
2024-05-14,0.6724257083621286
2024-05-15,0.6882758620689655
2024-05-16,0.6903939184519696
2024-05-17,0.7060041407867494
2024-05-21,0.6977225672877847
2024-05-22,0.7018633540372671
2024-05-23,0.7042156185210781
2024-05-24,0.6912983425414365
2024-05-27,0.6775086505190312
2024-05-28,0.6558171745152355
2024-05-29,0.6419667590027701
2024-05-30,0.6063756063756064
2024-05-31,0.6012482662968099
2024-06-03,0.6274238227146814
2024-06-04,0.4743767313019391
2024-06-05,0.5446366782006921
2024-06-06,0.6102280580511403
2024-06-07,0.6685121107266436
2024-06-10,0.6909216909216909
2024-06-11,0.7149791955617198
2024-06-12,0.735966735966736
2024-06-13,0.7631578947368421
2024-06-14,0.7796257796257796
2024-06-18,0.7778546712802769
2024-06-19,0.7669902912621359
2024-06-20,0.7905686546463245
2024-06-21,0.7902777777777777
2024-06-24,0.7914067914067914
2024-06-25,0.7902777777777777
2024-06-26,0.7936066712995136
2024-06-27,0.7684283727399166
2024-06-28,0.7703549060542797
2024-07-01,0.7994428969359332
2024-07-02,0.8071030640668524
2024-07-03,0.8104529616724738
2024-07-04,0.8179916317991632
2024-07-05,0.8261173184357542
2024-07-08,0.8199581297976274
2024-07-09,0.8227494766224703
2024-07-10,0.8022361984626135
2024-07-11,0.8167832167832167
2024-07-12,0.8088235294117647
2024-07-15,0.8074229691876751
2024-07-16,0.8133903133903134
2024-07-18,0.7941595441595442
2024-07-19,0.7491090520313614
2024-07-22,0.744832501781896
2024-07-23,0.7419814682822523
2024-07-24,0.7837259100642399
2024-07-25,0.7825464949928469
2024-07-26,0.8102710413694721
2024-07-29,0.8209700427960057
2024-07-30,0.8336902212705211
2024-07-31,0.8394004282655246
2024-08-01,0.8194147037830122
2024-08-02,0.81
2024-08-05,0.7131616595135909
2024-08-06,0.7119370979270908
2024-08-07,0.7508947745168217
2024-08-08,0.7474892395982783
2024-08-09,0.7483870967741936
2024-08-12,0.7405017921146954
2024-08-13,0.7164393395549175
2024-08-14,0.7001455604075691
2024-08-16,0.715429403202329
2024-08-19,0.7416302765647744
2024-08-20,0.7596504005826656
2024-08-21,0.7782640408460978
2024-08-22,0.7909356725146199
2024-08-23,0.7902046783625731
2024-08-26,0.7921225382932167
2024-08-27,0.8016046681254558
2024-08-28,0.7978102189781022
2024-08-29,0.7814327485380117
2024-08-30,0.7910557184750733
2024-09-02,0.7838235294117647
2024-09-03,0.7814569536423841
2024-09-04,0.7741697416974169
2024-09-05,0.7800891530460624
2024-09-06,0.7552083333333334
2024-09-09,0.7412639405204461
2024-09-10,0.7719821162444114
2024-09-11,0.7479492915734527
2024-09-12,0.7591349739000746
2024-09-13,0.7818317200297841
2024-09-16,0.7864583333333334
2024-09-17,0.7751303052866716
2024-09-18,0.7613382899628253
2024-09-19,0.7228826151560178
2024-09-20,0.7509293680297398
2024-09-23,0.7676317743132888
2024-09-24,0.7662241887905604
2024-09-25,0.7575757575757576
2024-09-26,0.7466765140324964
2024-09-27,0.745750184774575
2024-09-30,0.7468541820873427
2024-10-01,0.7475943745373798
2024-10-03,0.6992592592592592
2024-10-04,0.6809770540340488
2024-10-07,0.5931952662721893
2024-10-08,0.6428571428571429
2024-10-09,0.6619508562918839
2024-10-10,0.6693968726731199
2024-10-11,0.6753536857781087
2024-10-14,0.676842889054356
2024-10-15,0.684288905435592
2024-10-16,0.6847583643122677
2024-10-17,0.6604616530156366
2024-10-18,0.6512667660208644
2024-10-21,0.6023827252419955
2024-10-22,0.5249441548771407
2024-10-23,0.5320417287630402
2024-10-24,0.5208643815201193
2024-10-25,0.4597014925373134
2024-10-28,0.4778694673668417
2024-10-29,0.48727544910179643
2024-10-30,0.5269461077844312
2024-10-31,0.547976011994003
2024-11-01,0.5728228228228228
2024-11-04,0.5295880149812734
2024-11-05,0.5501497005988024
2024-11-06,0.5876211782252051
2024-11-07,0.5779269202087994
2024-11-08,0.5514157973174366
2024-11-11,0.5283582089552239
2024-11-12,0.496274217585693
2024-11-13,0.41294642857142855
2024-11-14,0.4269746646795827
2024-11-18,0.41474311243484735
2024-11-19,0.426656738644825
2024-11-21,0.39360119047619047
2024-11-22,0.4135618479880775
2024-11-25,0.44386617100371745
2024-11-26,0.4650297619047619
2024-11-27,0.48475836431226765
2024-11-28,0.5014880952380952
2024-11-29,0.5148809523809523
2024-12-02,0.5360059391239792
2024-12-03,0.5679287305122495
2024-12-04,0.5767234988880652
2024-12-05,0.5915492957746479
2024-12-06,0.6001483679525222
2024-12-09,0.6135014836795252
2024-12-10,0.621380846325167
2024-12-11,0.6271312083024463
2024-12-12,0.6047548291233283
2024-12-13,0.5887156644394952
2024-12-16,0.6020786933927246
2024-12-17,0.5828996282527881
2024-12-18,0.5558035714285714
2024-12-19,0.537602382725242
2024-12-20,0.4802680565897245
2024-12-23,0.46835443037974683
2024-12-24,0.47356664184661207
2024-12-26,0.46050670640834573
2024-12-27,0.4645786726323639
2024-12-30,0.43922445935868754
2024-12-31,0.45263157894736844
2025-01-01,0.47561890472618157
2025-01-02,0.49362340585146286
2025-01-03,0.5022488755622189
2025-01-06,0.4232209737827715
2025-01-07,0.4550224887556222
2025-01-08,0.4298574643660915
2025-01-09,0.40104947526236884
2025-01-10,0.34840622683469236
2025-01-13,0.27724240177909565
2025-01-14,0.31208302446256486
2025-01-15,0.31231454005934717
2025-01-16,0.3313565604151223
2025-01-17,0.3328391401037806
2025-01-20,0.34863064396743154
2025-01-21,0.3148148148148148
2025-01-22,0.29194382852919437
2025-01-23,0.2923760177646188
2025-01-24,0.25925925925925924
2025-01-27,0.2
2025-01-28,0.17764618800888232
2025-01-29,0.22713864306784662
2025-01-30,0.2205014749262537
2025-01-31,0.24907885040530583
2025-02-03,0.23949889462048637
2025-02-04,0.2579218865143699
2025-02-05,0.2691176470588235
2025-02-06,0.27386196769456683
2025-02-07,0.2665198237885463
2025-02-10,0.22777369581190302
2025-02-11,0.16885964912280702
2025-02-12,0.17410387710314557
2025-02-13,0.16885964912280702
2025-02-14,0.1286549707602339
2025-02-17,0.1163130943672275
2025-02-18,0.11176040905770636
2025-02-19,0.1291970802919708
2025-02-20,0.1389904901243599
2025-02-21,0.1429618768328446
2025-02-24,0.123991195891416
2025-02-25,0.12225475841874085
2025-02-27,0.10248901903367497
2025-02-28,0.08199121522693997
2025-03-03,0.0849194729136164
2025-03-04,0.08870967741935484
2025-03-05,0.10402930402930403
2025-03-06,0.1210564930300807
2025-03-07,0.1269258987527513
2025-03-10,0.11518708730741012
2025-03-11,0.10989010989010989
2025-03-12,0.1054945054945055
2025-03-13,0.09963369963369964
2025-03-17,0.09963369963369964
2025-03-18,0.12152269399707175
2025-03-19,0.1324067300658376
2025-03-20,0.14744525547445256
2025-03-21,0.16690962099125364
2025-03-24,0.17943107221006566
2025-03-25,0.16703136396790663
2025-03-26,0.1539022611232677
2025-03-27,0.16849015317286653
2025-03-28,0.16678805535324107
2025-04-01,0.1588921282798834
2025-04-02,0.16934306569343066
2025-04-03,0.1864530225782957
2025-04-04,0.14688856729377714
2025-04-07,0.10484454085321765
2025-04-08,0.12509038322487345
2025-04-09,0.11892675852066716
2025-04-11,0.14430746918056564
2025-04-15,0.18287373004354138
2025-04-16,0.19796954314720813
2025-04-17,0.20854453294713976
2025-04-21,0.22987672226250908
2025-04-22,0.24437998549673676
2025-04-23,0.2528985507246377
2025-04-24,0.2516316171138506
2025-04-25,0.2104499274310595
2025-04-28,0.21475054229934923
2025-04-29,0.2134587554269175
2025-04-30,0.19016630513376717
2025-05-02,0.1856936416184971
2025-05-05,0.2023121387283237
2025-05-06,0.17064352856109907
2025-05-07,0.18713872832369943
2025-05-08,0.17689530685920576
2025-05-09,0.1678726483357453
2025-05-12,0.23737373737373738
2025-05-13,0.2536127167630058
2025-05-14,0.274765003615329
2025-05-15,0.2950108459869848
2025-05-16,0.3171965317919075
2025-05-19,0.33765298776097913
2025-05-20,0.31988472622478387
2025-05-21,0.33285302593659943
2025-05-22,0.334534967555876
2025-05-23,0.35111751982696465
2025-05-26,0.3637670740474479
2025-05-27,0.3637670740474479
2025-05-28,0.36252692031586503
2025-05-29,0.375
2025-05-30,0.3653984206748026
2025-06-02,0.3734767025089606
2025-06-03,0.37921146953405016
2025-06-04,0.3853868194842407
2025-06-05,0.40114613180515757
2025-06-06,0.4103299856527977
2025-06-09,0.4574087329992842
2025-06-10,0.46494992846924177
2025-06-11,0.4771101573676681
2025-06-12,0.4367405289492495
2025-06-13,0.41702432045779686
2025-06-16,0.43642857142857144
2025-06-17,0.4105720492396814
2025-06-18,0.3930384336475707
2025-06-19,0.33792603335750543
2025-06-20,0.3587509077705156
2025-06-23,0.3699421965317919
2025-06-24,0.3995664739884393
2025-06-25,0.4404332129963899
2025-06-26,0.44765342960288806
2025-06-27,0.45677233429394815
2025-06-30,0.4844851904090268
2025-07-01,0.4826855123674912
2025-07-02,0.4787835926449788
2025-07-03,0.4883061658398299
2025-07-04,0.5003538570417552
2025-07-07,0.4847841472045294
2025-07-08,0.4840764331210191
2025-07-09,0.5
2025-07-10,0.5074204946996467
2025-07-11,0.4922316384180791
2025-07-14,0.4954128440366973
2025-07-15,0.5250529287226535
2025-07-16,0.5451339915373766
2025-07-17,0.5620592383638928
2025-07-18,0.540084388185654
2025-07-21,0.5517241379310345
2025-07-22,0.5443661971830986
2025-07-23,0.541871921182266
2025-07-24,0.5417543859649123
2025-07-25,0.4842105263157895
2025-07-28,0.44070175438596493
2025-07-29,0.47228070175438597
2025-07-30,0.47578947368421054
2025-07-31,0.46072931276297335
2025-08-01,0.4204625087596356
2025-08-04,0.43719298245614036
2025-08-05,0.4326788218793829
2025-08-06,0.4083916083916084
2025-08-07,0.40418118466898956
2025-08-08,0.3749128919860627
2025-08-11,0.37832167832167835
2025-08-12,0.3885394828791055
2025-08-13,0.4
2025-08-14,0.3853658536585366
2025-08-18,0.40668523676880225
2025-08-19,0.4321503131524008
2025-08-20,0.4422809457579972
2025-08-21,0.44937586685159503
2025-08-22,0.4358974358974359
2025-08-25,0.4445214979195562
2025-08-26,0.4001386962552011
2025-08-28,0.3762993762993763
2025-08-29,0.37026841018582246
2025-09-01,0.40192704748795594
2025-09-02,0.4217780840799449
2025-09-03,0.44934527911784977
2025-09-04,0.4355616815988973
2025-09-05,0.4325068870523416
2025-09-08,0.4414600550964187
2025-09-09,0.43715469613259667
2025-09-10,0.46307798481711526
2025-09-11,0.4668965517241379
2025-09-12,0.48005502063273725
2025-09-15,0.49827942188575364
2025-09-16,0.5141087405368203
2025-09-17,0.5301783264746228
2025-09-18,0.5367847411444142
2025-09-19,0.539553752535497
2025-09-22,0.5179175118323192
2025-09-23,0.513184584178499
2025-09-24,0.4905405405405405
2025-09-25,0.471341874578557
2025-09-26,0.42346594740391097
2025-09-29,0.41065407956844235
2025-09-30,0.4160485502360081
2025-10-01,0.45215633423180596
2025-10-03,0.47878787878787876
2025-10-06,0.47039030955585465
2025-10-07,0.4717741935483871
2025-10-08,0.4650537634408602
2025-10-09,0.46908602150537637
2025-10-10,0.4745308310991957
2025-10-13,0.45271629778672035
2025-10-14,0.43729040912139505
2025-10-15,0.44996642041638685
2025-10-16,0.466130114017438
2025-10-17,0.45187165775401067
2025-10-20,0.4585561497326203
2025-10-21,0.4816299265197061
2025-10-23,0.4849699398797595
2025-10-24,0.48697394789579157
2025-10-27,0.49666666666666665
2025-10-28,0.49100599600266487
2025-10-29,0.5147255689424364
2025-10-30,0.507032819825854
2025-10-31,0.501338688085676
2025-11-03,0.5106809078771696
2025-11-04,0.48464619492656874
2025-11-06,0.4319092122830441
2025-11-07,0.43391188251001334
2025-11-10,0.4296197464976651
2025-11-11,0.42609853528628494
2025-11-12,0.44533333333333336
2025-11-13,0.43446440452428475
2025-11-14,0.43949468085106386
2025-11-17,0.45298013245033114
2025-11-18,0.4230006609385327
2025-11-19,0.42140026420079263
2025-11-20,0.4158415841584158
2025-11-21,0.3808580858085809
2025-11-24,0.35356200527704484
2025-11-25,0.3603425559947299
2025-11-26,0.39104674127715605
2025-11-27,0.3890717577353522
2025-11-28,0.3818301514154049
2025-12-01,0.3780407626561473
2025-12-02,0.37351778656126483
2025-12-03,0.3577075098814229
2025-12-04,0.35794330916282135
2025-12-05,0.34430546412113233
2025-12-08,0.2995391705069124
2025-12-09,0.3256578947368421
2025-12-10,0.3171052631578947
2025-12-11,0.3173140223831468
2025-12-12,0.3291721419185282
2025-12-15,0.3283678756476684
2025-12-16,0.31756318859364874
2025-12-17,0.30654569021386907
2025-12-18,0.29831387808041504
2025-12-19,0.3221216041397154
2025-12-22,0.33613445378151263
2025-12-23,0.3451842275371687
2025-12-24,0.3357050452781371
2025-12-26,0.3339805825242718
2025-12-29,0.31715210355987056
2025-12-30,0.31047865459249674
2025-12-31,0.3292367399741268
2026-01-01,0.3337637185280826
2026-01-02,0.3537766300839251
2026-01-05,0.35054874112330536
2026-01-06,0.3397807865892972
2026-01-07,0.34085051546391754
2026-01-08,0.28949065119277884
2026-01-09,0.26288659793814434
2026-01-12,0.24903225806451612
2026-01-13,0.2546744036105738
2026-01-14,0.2545103092783505
2026-01-16,0.24484536082474226
2026-01-19,0.23195876288659795
2026-01-20,0.18906752411575561
2026-01-21,0.17994858611825193
2026-01-22,0.1987138263665595
2026-01-23,0.17749196141479098
2026-01-27,0.17170418006430868
2026-01-28,0.19421221864951768
2026-01-29,0.2
2026-01-30,0.21221864951768488
2026-02-01,0.17813504823151124
2026-02-02,0.18971061093247588
2026-02-03,0.24437299035369775
2026-02-04,0.25418275418275416
2026-02-05,0.24903474903474904
2026-02-06,0.24855119124275596
2026-02-09,0.28884590586718245
2026-02-10,0.29543994861913936
2026-02-11,0.2960822093770071
2026-02-12,0.2804878048780488
2026-02-13,0.25481386392811295
2026-02-16,0.251604621309371
2026-02-17,0.26187419768934533
2026-02-18,0.26957637997432604
2026-02-19,0.24166666666666667
2026-02-20,0.24151185137732223
2026-02-23,0.24663677130044842
2026-02-24,0.23234916559691912
2026-02-25,0.24213230571612074
2026-02-26,0.24438742783835793
2026-02-27,0.22450288646568314
2026-03-02,0.1930724823604875
2026-03-04,0.17115384615384616
2026-03-05,0.1833756345177665
2026-03-06,0.17736808645899554
2026-03-09,0.1531130876747141
2026-03-10,0.17206349206349206
2026-03-11,0.17046894803548795
2026-03-12,0.16730038022813687
2026-03-13,0.13679544015199493
2026-03-16,0.13426219126029132
2026-03-17,0.14312856238125396
2026-03-18,0.1644528779253637
2026-03-19,0.1369949494949495
2026-03-20,0.1461877756773787
2026-03-23,0.10012594458438287
2026-03-24,0.12350346565847511
2026-03-25,0.14483627204030228
2026-03-27,0.1265743073047859
2026-03-30,0.11132075471698114
2026-04-01,0.13593455003146634
2026-04-02,0.1320754716981132
2026-04-06,0.14446529080675422
2026-04-07,0.15644555694618273
2026-04-08,0.1997495303694427
2026-04-09,0.20100187852222917
2026-04-10,0.2270168855534709
2026-04-13,0.22596754057428214
2026-04-15,0.2654590880699563
2026-04-16,0.288125
2026-04-17,0.3106060606060606
2026-04-20,0.30725552050473187
2026-04-21,0.3217665615141956
2026-04-22,0.34345351043643263
2026-04-23,0.337555414819506
2026-04-24,0.3147208121827411
2026-04-27,0.3477157360406091
2026-04-28,0.3559214692843572
2026-04-29,0.3533501896333755
2026-04-30,0.34430379746835443
2026-05-04,0.3730208993033566
2026-05-05,0.3884664131812421
2026-05-06,0.4307400379506641
2026-05-07,0.4629512349588347
2026-05-08,0.46070975918884666
2026-05-11,0.42748575047498416
2026-05-12,0.3438685208596713
2026-05-13,0.36030341340075855
2026-05-14,0.37151898734177213
2026-05-15,0.36207989854153455
2026-05-18,0.32149651236525045
2026-05-19,0.3468869123252859
2026-05-20,0.34515516149461684
2026-05-21,0.3660544648511716
2026-05-22,0.36922102596580114
2026-05-25,0.39823008849557523
2026-05-26,0.40075853350189633
2026-05-27,0.408717624763108
2026-05-29,0.38660770688566015
2026-06-01,0.3630050505050505
2026-06-02,0.3728813559322034
2026-06-03,0.3700980392156863
2026-06-04,0.38640538885486836
2026-06-05,0.38395590936925905
2026-06-08,0.3537331701346389
2026-06-09,0.38414634146341464
2026-06-10,0.36806825106642294
2026-06-11,0.33901399878271454
2026-06-12,0.3915956151035323
2026-06-15,0.4276155717761557
2026-06-16,0.4361766485178463
2026-06-17,0.44619105199516323
2026-06-18,0.4607013301088271
2026-06-19,0.4670694864048338
2026-06-22,0.49427365883062085
2026-06-23,0.4710843373493976
2026-06-24,0.48197115384615385
2026-06-25,0.46430713857228556
2026-06-29,0.4562874251497006
2026-06-30,0.4657534246575342
2026-07-01,0.4780023781212842
2026-07-02,0.5032679738562091
2026-07-03,0.5032679738562091
2026-07-06,0.5074183976261127
2026-07-07,0.48995271867612294
2026-07-08,0.4409681227863046
2026-07-09,0.46843657817109147
2026-07-10,0.4955804360636417
2026-07-13,0.5159010600706714
2026-07-14,0.4949970570924073
2026-07-15,0.503825779870512
2026-07-16,0.5011764705882353
2026-07-17,0.4914756025867137
2026-07-20,0.5002932551319648
2026-07-21,0.5049853372434018
2026-07-22,0.47917888563049854
2026-07-23,0.46803519061583576
2026-07-24,0.4697947214076246
2026-07-27,0.4856473345049795
2026-07-28,0.4712778429073857
2026-07-29,0.4929742388758782
2026-07-30,0.4807017543859649
2026-07-31,0.4935747663551402
2026-08-03,0.5242265032107414
2026-08-04,0.524198250728863
2026-08-05,0.5323238206173558
2026-08-06,0.535194880744619
2026-08-07,0.537478210342824
2026-08-10,0.5377030162412993
2026-08-11,0.5298550724637681
2026-08-12,0.5159420289855072
2026-08-13,0.5202780996523755
2026-08-14,0.5115740740740741
2026-08-17,0.5141700404858299
2026-08-18,0.5104046242774567
2026-08-19,0.5017341040462427
2026-08-20,0.5181975736568457
2026-08-21,0.5296829971181556
2026-08-24,0.5283342873497424
2026-08-25,0.5309278350515464
2026-08-26,0.5361238532110092
2026-08-27,0.5320733104238259
2026-08-28,0.5368782161234992
2026-08-31,0.5309785755645628
2026-09-01,0.5235507246376812
2026-09-02,0.5132947976878612
2026-09-03,0.5163511187607573
2026-09-04,0.5271894676588438
2026-09-07,0.5211670480549199
2026-09-08,0.5217391304347826
2026-09-09,0.5148741418764302
