"Date","Symbol","Marketcapname","Sector"
"21-08-2023","YUKEN","Smallcap","Industrials"
"21-08-2023","KOPRAN","Smallcap","Healthcare"
"21-08-2023","NGLFINE","Smallcap","Healthcare"
"21-08-2023","ATULAUTO","Smallcap","Auto"
"28-08-2023","MANINDS","Midcap","Metals & Mining"
"28-08-2023","MENONBE","Smallcap","Auto"
"28-08-2023","OPTIEMUS","Midcap","Telecom"
"28-08-2023","NITINSPIN","Smallcap","Textiles"
"28-08-2023","PGEL","Midcap","Consumer Discretionary"
"28-08-2023","SHARDAMOTR","Midcap","Auto"
"04-09-2023","BBTC","Midcap","Auto"
"04-09-2023","FMGOETZE","Smallcap","Auto"
"04-09-2023","GMBREW","Smallcap","FMCG"
"04-09-2023","RAMRAT","Midcap","Metals & Mining"
"04-09-2023","IOLCP","Midcap","Healthcare"
"04-09-2023","PDSL","Smallcap","Textiles"
"04-09-2023","DEVYANI","Midcap","Consumer Discretionary"
"04-09-2023","LANDMARK","Smallcap","Consumer Discretionary"
"11-09-2023","DHAMPURSUG","Smallcap","FMCG"
"11-09-2023","NIITLTD","Smallcap","I.T"
"11-09-2023","SPMLINFRA","Smallcap","Realty"
"11-09-2023","PANACEABIO","Smallcap","Healthcare"
"11-09-2023","RML","Smallcap","Auto"
"11-09-2023","SUNDARMFIN","Largecap","Financials"
"18-09-2023","BLUESTARCO","Largecap","Consumer Discretionary"
"18-09-2023","DYNAMATECH","Midcap","Aerospace & Defence"
"18-09-2023","PNBGILTS","Smallcap","Financials"
"25-09-2023","PURVA","Midcap","Realty"
"25-09-2023","ASHOKA","Smallcap","Realty"
"03-10-2023","ECLERX","Midcap","I.T"
"03-10-2023","KCP","Smallcap","Building Materials"
"03-10-2023","METROBRAND","Largecap","Consumer Discretionary"
"09-10-2023","ORIENTHOT","Smallcap","Services"
"09-10-2023","MICEL","Smallcap","Consumer Discretionary"
"09-10-2023","HITECH","Smallcap","Metals & Mining"
"16-10-2023","CRISIL","Largecap","Financials"
"16-10-2023","STYRENIX","Smallcap","Energy"
"16-10-2023","JPOLYINVST","Smallcap","Financials"
"16-10-2023","STARCEMENT","Midcap","Building Materials"
"23-10-2023","BBOX","Midcap","I.T"
"23-10-2023","HIRECT","Smallcap","Consumer Discretionary"
"23-10-2023","ARROWGREEN","Smallcap","Plastic products"
"23-10-2023","RAMCOIND","Smallcap","Building Materials"
"23-10-2023","CREDITACC","Largecap","Financials"
"30-10-2023","TI","Midcap","FMCG"
"30-10-2023","LTFOODS","Midcap","FMCG"
"30-10-2023","PFS","Smallcap","Financials"
"30-10-2023","GREENLAM","Midcap","Building Materials"
"30-10-2023","SATIN","Smallcap","Financials"
"30-10-2023","TSFINV","Midcap","Financials"
"30-10-2023","ANUP","Smallcap","Industrials"
"06-11-2023","CENTRUM","Smallcap","Financials"
"06-11-2023","NESCO","Midcap","Realty"
"06-11-2023","TEXINFRA","Smallcap","Realty"
"06-11-2023","BLISSGVS","Midcap","Healthcare"
"06-11-2023","DHANUKA","Smallcap","Chemicals"
"06-11-2023","ADOR","Smallcap","Industrials"
"06-11-2023","CARYSIL","Smallcap","Consumer Discretionary"
"06-11-2023","MARKSANS","Midcap","Healthcare"
"06-11-2023","CAPLIPOINT","Largecap","Healthcare"
"06-11-2023","GREENPLY","Smallcap","Building Materials"
"06-11-2023","IOC","Largecap","Energy"
"06-11-2023","NSIL","Smallcap","Financials"
"06-11-2023","GREENPOWER","Smallcap","Power & Utilities"
"06-11-2023","ALKEM","Largecap","Healthcare"
"06-11-2023","QUESS","Midcap","Miscellaneous"
"06-11-2023","IFGLEXPOR","Smallcap","Building Materials"
"06-11-2023","PPLPHARMA","Largecap","Healthcare"
"13-11-2023","HITECHGEAR","Smallcap","Auto"
"13-11-2023","WOCKPHARMA","Largecap","Healthcare"
"13-11-2023","GVPIL","Smallcap","Realty"
"13-11-2023","EKC","Smallcap","Industrials"
"13-11-2023","NETWORK18","Smallcap","Media"
"13-11-2023","TITAGARH","Midcap","Industrials"
"13-11-2023","CAMS","Midcap","Financials"
"13-11-2023","DODLA","Midcap","FMCG"
"20-11-2023","BASF","Midcap","Chemicals"
"20-11-2023","MOREPENLAB","Midcap","Healthcare"
"20-11-2023","CENTRUM","Smallcap","Financials"
"20-11-2023","PENIND","Smallcap","Metals & Mining"
"20-11-2023","AJMERA","Smallcap","Realty"
"20-11-2023","MUNJALAU","Smallcap","Auto"
"20-11-2023","KOPRAN","Smallcap","Healthcare"
"20-11-2023","RAMCOIND","Smallcap","Building Materials"
"20-11-2023","NITINSPIN","Smallcap","Textiles"
"20-11-2023","FIEMIND","Midcap","Auto"
"20-11-2023","EDELWEISS","Midcap","Financials"
"20-11-2023","BGRENERGY","Smallcap","Realty"
"20-11-2023","ISGEC","Midcap","Realty"
"20-11-2023","MANINFRA","Midcap","Realty"
"20-11-2023","MOIL","Midcap","Metals & Mining"
"20-11-2023","KICL","Smallcap","Financials"
"20-11-2023","RTNINDIA","Smallcap","Financials"
"20-11-2023","NAVKARCORP","Smallcap","Transportation"
"20-11-2023","IMPAL","Smallcap","Auto"
"20-11-2023","AVADHSUGAR","Smallcap","FMCG"
"20-11-2023","RPSGVENT","Smallcap","I.T"
"20-11-2023","LATENTVIEW","Midcap","I.T"
"20-11-2023","DCXINDIA","Smallcap","Aerospace & Defence"
"28-11-2023","GUFICBIO","Smallcap","Healthcare"
"28-11-2023","ORCHPHARMA","Midcap","Healthcare"
"28-11-2023","CONFIPET","Smallcap","Miscellaneous"
"28-11-2023","DATAMATICS","Smallcap","I.T"
"28-11-2023","VEEDOL","Smallcap","Chemicals"
"28-11-2023","ASTERDM","Largecap","Healthcare"
"04-12-2023","IFCI","Largecap","Financials"
"04-12-2023","PATANJALI","Largecap","FMCG"
"04-12-2023","NOCIL","Smallcap","Chemicals"
"04-12-2023","RCF","Midcap","Chemicals"
"04-12-2023","BCLIND","Smallcap","FMCG"
"04-12-2023","BALAMINES","Midcap","Chemicals"
"04-12-2023","BALAJITELE","Smallcap","Media"
"04-12-2023","GMRAIRPORT","Largecap","Miscellaneous"
"04-12-2023","CANTABIL","Smallcap","Textiles"
"04-12-2023","ADANIENSOL","Largecap","Power & Utilities"
"04-12-2023","ADVENZYMES","Smallcap","Healthcare"
"04-12-2023","MADRASFERT","Smallcap","Chemicals"
"04-12-2023","TIINDIA","Largecap","Industrials"
"04-12-2023","ADANIGREEN","Largecap","Power & Utilities"
"04-12-2023","IPL","Smallcap","Chemicals"
"04-12-2023","LICI","Largecap","Financials"
"04-12-2023","INOXGREEN","Midcap","Miscellaneous"
"11-12-2023","SAIL","Largecap","Metals & Mining"
"11-12-2023","KITEX","Smallcap","Consumer Discretionary"
"11-12-2023","JMFINANCIL","Midcap","Financials"
"11-12-2023","NATIONALUM","Largecap","Metals & Mining"
"11-12-2023","STAR","Midcap","Healthcare"
"11-12-2023","DCBBANK","Midcap","Bank"
"11-12-2023","HUDCO","Largecap","Financials"
"11-12-2023","CHALET","Midcap","Services"
"11-12-2023","MSTCLTD","Midcap","I.T"
"11-12-2023","SWSOLAR","Smallcap","Realty"
"11-12-2023","IRFC","Largecap","Financials"
"11-12-2023","RUSTOMJEE","Smallcap","Realty"
"18-12-2023","HFCL","Largecap","Telecom"
"18-12-2023","INDIAGLYCO","Smallcap","FMCG"
"18-12-2023","MANALIPETC","Smallcap","Energy"
"18-12-2023","CASTROLIND","Midcap","Chemicals"
"18-12-2023","ASTRAZEN","Midcap","Healthcare"
"18-12-2023","BHAGYANGR","Smallcap","Power & Utilities"
"18-12-2023","SANGAMIND","Smallcap","Textiles"
"18-12-2023","HERITGFOOD","Smallcap","FMCG"
"18-12-2023","INDOBORAX","Smallcap","Chemicals"
"18-12-2023","ARMANFIN","Smallcap","Financials"
"18-12-2023","HATHWAY","Smallcap","Telecom-Service"
"18-12-2023","TBZ","Smallcap","Consumer Discretionary"
"18-12-2023","TEAMLEASE","Smallcap","Miscellaneous"
"18-12-2023","SHRIPISTON","Largecap","Auto"
"18-12-2023","SANSERA","Largecap","Auto"
"26-12-2023","3MINDIA","Largecap","Miscellaneous"
"26-12-2023","THEMISMED","Smallcap","Healthcare"
"26-12-2023","EMAMILTD","Midcap","FMCG"
"26-12-2023","SUPRAJIT","Midcap","Auto"
"26-12-2023","POCL","Smallcap","Metals & Mining"
"26-12-2023","GREENPANEL","Smallcap","Building Materials"
"01-01-2024","SAGCEM","Smallcap","Building Materials"
"01-01-2024","VIYASH","Midcap","Healthcare"
"01-01-2024","JAYBARMARU","Smallcap","Auto"
"01-01-2024","ALOKINDS","Smallcap","Textiles"
"01-01-2024","GUJALKALI","Midcap","Chemicals"
"01-01-2024","PANACEABIO","Smallcap","Healthcare"
"01-01-2024","GMDCLTD","Midcap","Metals & Mining"
"01-01-2024","SATIN","Smallcap","Financials"
"01-01-2024","SHK","Smallcap","Chemicals"
"01-01-2024","XPROINDIA","Smallcap","Industrials"
"01-01-2024","MAHLOG","Smallcap","Transportation"
"01-01-2024","LEMONTREE","Midcap","Services"
"01-01-2024","PARADEEP","Midcap","Chemicals"
"01-01-2024","SULA","Smallcap","FMCG"
"08-01-2024","CGCL","Largecap","Financials"
"08-01-2024","DHANBANK","Smallcap","Bank"
"08-01-2024","ACCELYA","Smallcap","I.T"
"08-01-2024","AURUM","Smallcap","I.T"
"08-01-2024","WHEELS","Midcap","Auto"
"08-01-2024","SURYODAY","Smallcap","Bank"
"15-01-2024","VAIBHAVGBL","Smallcap","Consumer Discretionary"
"15-01-2024","MASFIN","Midcap","Financials"
"15-01-2024","MIDHANI","Midcap","Aerospace & Defence"
"23-01-2024","IFBIND","Midcap","Consumer Discretionary"
"23-01-2024","GANDHITUBE","Smallcap","Metals & Mining"
"29-01-2024","INDORAMA","Smallcap","Textiles"
"29-01-2024","ONIDA","Smallcap","Consumer Discretionary"
"29-01-2024","WSTCSTPAPR","Smallcap","Building Materials"
"29-01-2024","DOLATALGO","Smallcap","Financials"
"29-01-2024","MODISONLTD","Smallcap","Industrials"
"29-01-2024","KITEX","Smallcap","Consumer Discretionary"
"29-01-2024","SHAKTIPUMP","Midcap","Industrials"
"29-01-2024","TCI","Midcap","Transportation"
"29-01-2024","BLKASHYAP","Smallcap","Realty"
"29-01-2024","IMFA","Midcap","Metals & Mining"
"29-01-2024","REPCOHOME","Smallcap","Financials"
"29-01-2024","CREST","Smallcap","Financials"
"29-01-2024","MSUMI","Largecap","Auto"
"05-02-2024","BAJAJHIND","Midcap","FMCG"
"05-02-2024","PGHL","Midcap","Healthcare"
"05-02-2024","JAMNAAUTO","Midcap","Auto"
"05-02-2024","JAYNECOIND","Midcap","Metals & Mining"
"05-02-2024","APOLLOPIPE","Smallcap","Plastic products"
"05-02-2024","EKC","Smallcap","Industrials"
"05-02-2024","SMSPHARMA","Smallcap","Healthcare"
"05-02-2024","RTNPOWER","Smallcap","Power & Utilities"
"05-02-2024","SHK","Smallcap","Chemicals"
"05-02-2024","PARAGMILK","Smallcap","FMCG"
"12-02-2024","CONFIPET","Smallcap","Miscellaneous"
"12-02-2024","LUMAXTECH","Midcap","Auto"
"12-02-2024","TIMETECHNO","Midcap","Plastic products"
"12-02-2024","FCL","Midcap","Chemicals"
"12-02-2024","DBL","Midcap","Realty"
"19-02-2024","ABB","Largecap","Industrials"
"19-02-2024","INDIANHUME","Smallcap","Realty"
"19-02-2024","PITTIENG","Smallcap","Industrials"
"19-02-2024","AVTNPL","Smallcap","FMCG"
"19-02-2024","ICIL","Midcap","Textiles"
"19-02-2024","PANAMAPET","Smallcap","Energy"
"19-02-2024","SHILPAMED","Midcap","Healthcare"
"19-02-2024","BHAGERIA","Smallcap","Chemicals"
"19-02-2024","LINCOLN","Smallcap","Healthcare"
"19-02-2024","BAJAJCON","Midcap","FMCG"
"19-02-2024","BFINVEST","Smallcap","Financials"
"19-02-2024","QUESS","Midcap","Miscellaneous"
"19-02-2024","MOL","Smallcap","Chemicals"
"26-02-2024","MARATHON","Smallcap","Realty"
"26-02-2024","HIRECT","Smallcap","Consumer Discretionary"
"26-02-2024","JAMNAAUTO","Midcap","Auto"
"26-02-2024","HITECHGEAR","Smallcap","Auto"
"26-02-2024","YUKEN","Smallcap","Industrials"
"26-02-2024","BODALCHEM","Smallcap","Chemicals"
"26-02-2024","PILANIINVS","Smallcap","Financials"
"26-02-2024","MAHLOG","Smallcap","Transportation"
"04-03-2024","KIRLOSBROS","Midcap","Industrials"
"11-03-2024","LINDEINDIA","Largecap","Chemicals"
"11-03-2024","INDIGO","Largecap","Transportation"
"18-03-2024","CGPOWER","Largecap","Industrials"
"18-03-2024","HITECHGEAR","Smallcap","Auto"
"26-03-2024","LMW","Midcap","Industrials"
"26-03-2024","MANKIND","Largecap","Healthcare"
"01-04-2024","GMBREW","Smallcap","FMCG"
"01-04-2024","BHAGYANGR","Smallcap","Power & Utilities"
"01-04-2024","INDRAMEDCO","Smallcap","Healthcare"
"01-04-2024","INDSWFTLAB","Smallcap","Healthcare"
"01-04-2024","MAHLIFE","Midcap","Realty"
"01-04-2024","EPIGRAL","Smallcap","Chemicals"
"01-04-2024","LATENTVIEW","Midcap","I.T"
"08-04-2024","EXIDEIND","Largecap","Auto"
"08-04-2024","ASHIANA","Smallcap","Realty"
"08-04-2024","RAMCOSYS","Smallcap","I.T"
"08-04-2024","PURVA","Midcap","Realty"
"08-04-2024","KOLTEPATIL","Smallcap","Realty"
"08-04-2024","JUBLINGREA","Midcap","Chemicals"
"15-04-2024","ARE&M","Midcap","Auto"
"15-04-2024","MMFL","Smallcap","Industrials"
"15-04-2024","MARKSANS","Midcap","Healthcare"
"15-04-2024","ANTELOPUS","Smallcap","Energy"
"15-04-2024","SOLARA","Smallcap","Healthcare"
"15-04-2024","SENCO","Midcap","Consumer Discretionary"
"22-04-2024","CHENNPETRO","Largecap","Energy"
"22-04-2024","ZENSARTECH","Midcap","I.T"
"22-04-2024","DOLATALGO","Smallcap","Financials"
"22-04-2024","VESUVIUS","Midcap","Building Materials"
"22-04-2024","MOIL","Midcap","Metals & Mining"
"22-04-2024","KICL","Smallcap","Financials"
"22-04-2024","TDPOWERSYS","Midcap","Industrials"
"22-04-2024","GPTINFRA","Smallcap","Realty"
"22-04-2024","MCX","Largecap","Financials"
"22-04-2024","MANAKCOAT","Smallcap","Metals & Mining"
"22-04-2024","LLOYDSENGG","Midcap","Industrials"
"22-04-2024","TEJASNET","Midcap","Telecom"
"22-04-2024","SWSOLAR","Smallcap","Realty"
"29-04-2024","ARROWGREEN","Smallcap","Plastic products"
"29-04-2024","AJANTPHARM","Largecap","Healthcare"
"29-04-2024","RECLTD","Largecap","Financials"
"29-04-2024","NEWGEN","Midcap","I.T"
"06-05-2024","CENTRUM","Smallcap","Financials"
"06-05-2024","GRPLTD","Smallcap","FMCG"
"06-05-2024","ALLDIGI","Smallcap","I.T"
"06-05-2024","JWL","Midcap","Industrials"
"06-05-2024","CARTRADE","Midcap","Consumer Discretionary"
"06-05-2024","VIJAYA","Midcap","Healthcare"
"13-05-2024","BEML","Midcap","Aerospace & Defence"
"13-05-2024","ASALCBR","Smallcap","FMCG"
"13-05-2024","ROTO","Smallcap","Industrials"
"13-05-2024","HONDAPOWER","Smallcap","Industrials"
"13-05-2024","OBEROIRLTY","Largecap","Realty"
"13-05-2024","AARTIPHARM","Midcap","Healthcare"
"21-05-2024","ALICON","Smallcap","Industrials"
"21-05-2024","PNCINFRA","Smallcap","Realty"
"21-05-2024","STEL","Smallcap","Financials"
"21-05-2024","PARAS","Midcap","Aerospace & Defence"
"21-05-2024","SJS","Midcap","Auto"
"27-05-2024","JBMA","Midcap","Auto"
"03-06-2024","DABUR","Largecap","FMCG"
"03-06-2024","GIPCL","Smallcap","Power & Utilities"
"03-06-2024","MPSLTD","Smallcap","I.T"
"03-06-2024","BLKASHYAP","Smallcap","Realty"
"03-06-2024","IRB","Largecap","Realty"
"03-06-2024","VMART","Midcap","Consumer Discretionary"
"03-06-2024","KCP","Smallcap","Building Materials"
"10-06-2024","BAJAJHIND","Midcap","FMCG"
"10-06-2024","JAICORPLTD","Smallcap","Plastic products"
"10-06-2024","EIHAHOTELS","Smallcap","Services"
"10-06-2024","VENUSREM","Smallcap","Healthcare"
"10-06-2024","ITDC","Midcap","Services"
"10-06-2024","HOMEFIRST","Midcap","Financials"
"10-06-2024","SANSERA","Largecap","Auto"
"18-06-2024","BEPL","Smallcap","Energy"
"18-06-2024","NOCIL","Smallcap","Chemicals"
"18-06-2024","MARATHON","Smallcap","Realty"
"18-06-2024","PUNJABCHEM","Smallcap","Chemicals"
"18-06-2024","WINDMACHIN","Smallcap","Industrials"
"18-06-2024","PRECWIRE","Midcap","Metals & Mining"
"18-06-2024","NFL","Smallcap","Chemicals"
"18-06-2024","RKFORGE","Midcap","Industrials"
"18-06-2024","MHRIL","Smallcap","Services"
"18-06-2024","PFS","Smallcap","Financials"
"18-06-2024","FACT","Largecap","Chemicals"
"18-06-2024","MADRASFERT","Smallcap","Chemicals"
"18-06-2024","MAPMYINDIA","Midcap","I.T"
"18-06-2024","PARADEEP","Midcap","Chemicals"
"24-06-2024","BOMDYEING","Smallcap","Textiles"
"24-06-2024","LGBBROSLTD","Midcap","Auto"
"24-06-2024","BBOX","Midcap","I.T"
"24-06-2024","BAJAJHLDNG","Largecap","Financials"
"24-06-2024","BBTC","Midcap","Auto"
"24-06-2024","SEAMECLTD","Smallcap","Miscellaneous"
"24-06-2024","INDIACEM","Midcap","Building Materials"
"24-06-2024","NRBBEARING","Midcap","Industrials"
"24-06-2024","KDDL","Smallcap","Consumer Discretionary"
"24-06-2024","NSIL","Smallcap","Financials"
"24-06-2024","PNBGILTS","Smallcap","Financials"
"24-06-2024","JSWHL","Midcap","Financials"
"24-06-2024","PFOCUS","Largecap","Realty"
"24-06-2024","GULFOILLUB","Midcap","Chemicals"
"24-06-2024","ROUTE","Smallcap","I.T"
"01-07-2024","IONEXCHANG","Midcap","Realty"
"01-07-2024","SUNFLAG","Midcap","Metals & Mining"
"01-07-2024","CASTROLIND","Midcap","Chemicals"
"01-07-2024","RANEHOLDIN","Smallcap","Financials"
"01-07-2024","GMBREW","Smallcap","FMCG"
"01-07-2024","AYMSYNTEX","Smallcap","Textiles"
"01-07-2024","JKTYRE","Midcap","Auto"
"01-07-2024","REFEX","Smallcap","Services"
"01-07-2024","ONEPOINT","Smallcap","I.T"
"01-07-2024","AWHCL","Smallcap","Miscellaneous"
"01-07-2024","ACI","Midcap","Chemicals"
"08-07-2024","HINDOILEXP","Smallcap","Energy"
"08-07-2024","SBCL","Midcap","Metals & Mining"
"08-07-2024","WELSPUNLIV","Midcap","Textiles"
"08-07-2024","KPIL","Largecap","Realty"
"08-07-2024","FAZE3Q","Smallcap","Textiles"
"08-07-2024","POWERMECH","Midcap","Realty"
"08-07-2024","LUXIND","Smallcap","Textiles"
"08-07-2024","ARTEMISMED","Midcap","Healthcare"
"08-07-2024","NDRAUTO","Smallcap","Auto"
"08-07-2024","JUBLINGREA","Midcap","Chemicals"
"15-07-2024","CHENNPETRO","Largecap","Energy"
"15-07-2024","HBLENGINE","Midcap","Auto"
"15-07-2024","GEOJITFSL","Smallcap","Financials"
"15-07-2024","NITINSPIN","Smallcap","Textiles"
"15-07-2024","RPGLIFE","Smallcap","Healthcare"
"15-07-2024","APLLTD","Midcap","Healthcare"
"15-07-2024","JUSTDIAL","Midcap","I.T"
"22-07-2024","FAZE3Q","Smallcap","Textiles"
"22-07-2024","JYOTHYLAB","Midcap","FMCG"
"22-07-2024","THYROCARE","Midcap","Healthcare"
"22-07-2024","ORISSAMINE","Smallcap","Metals & Mining"
"22-07-2024","GHCLTEXTIL","Smallcap","Textiles"
"29-07-2024","JINDALSAW","Largecap","Industrials"
"29-07-2024","PCBL","Midcap","Chemicals"
"29-07-2024","TTKHLTCARE","Smallcap","Miscellaneous"
"29-07-2024","JUBLPHARMA","Midcap","Healthcare"
"29-07-2024","APARINDS","Largecap","Industrials"
"29-07-2024","MSPL","Smallcap","Metals & Mining"
"29-07-2024","ADANIENSOL","Largecap","Power & Utilities"
"05-08-2024","CENTENKA","Smallcap","Textiles"
"05-08-2024","SAFARI","Midcap","Plastic products"
"05-08-2024","VENKEYS","Smallcap","FMCG"
"05-08-2024","EDELWEISS","Midcap","Financials"
"05-08-2024","IMAGICAA","Smallcap","Media"
"12-08-2024","PANACEABIO","Smallcap","Healthcare"
"19-08-2024","ONIDA","Smallcap","Consumer Discretionary"
"19-08-2024","PRAKASH","Smallcap","Metals & Mining"
"19-08-2024","FIEMIND","Midcap","Auto"
"19-08-2024","MATRIMONY","Smallcap","Miscellaneous"
"19-08-2024","VIJAYA","Midcap","Healthcare"
"19-08-2024","SHRIRAMPPS","Smallcap","Realty"
"26-08-2024","TATAINVEST","Largecap","Financials"
"26-08-2024","VSTIND","Smallcap","FMCG"
"26-08-2024","AARTIDRUGS","Smallcap","Healthcare"
"26-08-2024","VIMTALABS","Smallcap","Healthcare"
"26-08-2024","PARACABLES","Smallcap","Industrials"
"26-08-2024","GOODLUCK","Midcap","Metals & Mining"
"26-08-2024","KEC","Midcap","Realty"
"26-08-2024","SEPC","Smallcap","Realty"
"26-08-2024","KIRIINDUS","Smallcap","Chemicals"
"26-08-2024","IBULLSLTD","Midcap","Miscellaneous"
"26-08-2024","AMRUTANJAN","Smallcap","Healthcare"
"02-09-2024","STEELCAS","Smallcap","Industrials"
"02-09-2024","MUNJALAU","Smallcap","Auto"
"02-09-2024","DPABHUSHAN","Smallcap","Consumer Discretionary"
"02-09-2024","FLUOROCHEM","Largecap","Chemicals"
"09-09-2024","ABREL","Midcap","Realty"
"09-09-2024","PRSMJOHNSN","Midcap","Building Materials"
"09-09-2024","ADFFOODS","Smallcap","FMCG"
"09-09-2024","GUJALKALI","Midcap","Chemicals"
"09-09-2024","NINSYS","Smallcap","I.T"
"09-09-2024","ARVINDFASN","Midcap","Services"
"09-09-2024","CAMPUS","Midcap","Consumer Discretionary"
"09-09-2024","AETHER","Largecap","Chemicals"
"16-09-2024","PIXTRANS","Smallcap","FMCG"
"16-09-2024","RELINFRA","Smallcap","Realty"
"16-09-2024","MARATHON","Smallcap","Realty"
"16-09-2024","GARFIBRES","Midcap","Textiles"
"16-09-2024","ASAHIINDIA","Largecap","Building Materials"
"16-09-2024","HNDFDS","Midcap","FMCG"
"16-09-2024","MINDACORP","Midcap","Auto"
"16-09-2024","NEOGEN","Midcap","Chemicals"
"23-09-2024","BANARISUG","Smallcap","FMCG"
"23-09-2024","ASTRAZEN","Midcap","Healthcare"
"23-09-2024","SANGAMIND","Smallcap","Textiles"
"23-09-2024","GVT&D","Largecap","Industrials"
"23-09-2024","VIDHIING","Smallcap","Chemicals"
"23-09-2024","BFUTILITIE","Smallcap","Power & Utilities"
"23-09-2024","SCHNEIDER","Largecap","Industrials"
"23-09-2024","ARVSMART","Smallcap","Realty"
"23-09-2024","AMBER","Largecap","Consumer Discretionary"
"30-09-2024","CEMPRO","Largecap","Realty"
"30-09-2024","BLUEDART","Midcap","Transportation"
"30-09-2024","SAREGAMA","Midcap","Media"
"30-09-2024","KAPSTON","Smallcap","Miscellaneous"
"07-10-2024","TATAINVEST","Largecap","Financials"
"07-10-2024","ASTRAZEN","Midcap","Healthcare"
"07-10-2024","USHAMART","Midcap","Metals & Mining"
"07-10-2024","JPPOWER","Midcap","Power & Utilities"
"14-10-2024","BOMDYEING","Smallcap","Textiles"
"14-10-2024","FINPIPE","Midcap","Plastic products"
"14-10-2024","HIRECT","Smallcap","Consumer Discretionary"
"14-10-2024","AJMERA","Smallcap","Realty"
"14-10-2024","DIACABS","Largecap","Industrials"
"14-10-2024","ABSLAMC","Largecap","Financials"
"21-10-2024","OAL","Smallcap","Chemicals"
"21-10-2024","DYCL","Smallcap","Industrials"
"28-10-2024","GILLETTE","Largecap","FMCG"
"28-10-2024","SHARDACROP","Midcap","Chemicals"
"28-10-2024","SENCO","Midcap","Consumer Discretionary"
"04-11-2024","BOROLTD","Smallcap","Building Materials"
"04-11-2024","TCI","Midcap","Transportation"
"04-11-2024","RAMCOIND","Smallcap","Building Materials"
"04-11-2024","ECLERX","Midcap","I.T"
"11-11-2024","ELECTHERM","Smallcap","Metals & Mining"
"18-11-2024","GARFIBRES","Midcap","Textiles"
"18-11-2024","JPOLYINVST","Smallcap","Financials"
"18-11-2024","ARTEMISMED","Midcap","Healthcare"
"18-11-2024","SUPRIYA","Midcap","Healthcare"
"25-11-2024","NIITLTD","Smallcap","I.T"
"25-11-2024","BLISSGVS","Midcap","Healthcare"
"25-11-2024","TI","Midcap","FMCG"
"25-11-2024","POLYMED","Midcap","Healthcare"
"25-11-2024","MANAKCOAT","Smallcap","Metals & Mining"
"25-11-2024","XPROINDIA","Smallcap","Industrials"
"02-12-2024","AGI","Midcap","Industrials"
"02-12-2024","NELCO","Smallcap","Telecom"
"02-12-2024","DIACABS","Largecap","Industrials"
"02-12-2024","HIKAL","Smallcap","Healthcare"
"02-12-2024","ELECTHERM","Smallcap","Metals & Mining"
"02-12-2024","RAMCOSYS","Smallcap","I.T"
"02-12-2024","MONTECARLO","Smallcap","Textiles"
"02-12-2024","AFFLE","Largecap","I.T"
"09-12-2024","GREAVESCOT","Smallcap","Industrials"
"09-12-2024","VIDHIING","Smallcap","Chemicals"
"09-12-2024","GOKEX","Midcap","Consumer Discretionary"
"09-12-2024","CHALET","Midcap","Services"
"09-12-2024","NUVAMA","Largecap","Financials"
"23-12-2024","ASIANHOTNR","Smallcap","Services"
"23-12-2024","AARTIPHARM","Midcap","Healthcare"
"30-12-2024","AVANTIFEED","Midcap","FMCG"
"06-01-2025","NAVINFLUOR","Largecap","Chemicals"
"13-01-2025","MINDACORP","Midcap","Auto"
"13-01-2025","AEROFLEX","Midcap","Metals & Mining"
"20-01-2025","ZENSARTECH","Midcap","I.T"
"20-01-2025","MPSLTD","Smallcap","I.T"
"27-01-2025","JINDRILL","Smallcap","Energy"
"27-01-2025","RPGLIFE","Smallcap","Healthcare"
"27-01-2025","CARTRADE","Midcap","Consumer Discretionary"
"27-01-2025","ACUTAAS","Largecap","Healthcare"
"03-02-2025","AARTIPHARM","Midcap","Healthcare"
"17-02-2025","TCPLPACK","Smallcap","Industrials"
"03-03-2025","AVANTIFEED","Midcap","FMCG"
"10-03-2025","NACLIND","Smallcap","Chemicals"
"10-03-2025","AAVAS","Midcap","Financials"
"17-03-2025","GABRIEL","Largecap","Auto"
"17-03-2025","JINDRILL","Smallcap","Energy"
"17-03-2025","MANAPPURAM","Largecap","Financials"
"17-03-2025","JSWHL","Midcap","Financials"
"21-04-2025","CHOICEIN","Midcap","Financials"
"21-04-2025","NITCO","Smallcap","Building Materials"
"21-04-2025","THYROCARE","Midcap","Healthcare"
"05-05-2025","CCL","Midcap","FMCG"
"05-05-2025","SHRIPISTON","Largecap","Auto"
"12-05-2025","CEMPRO","Largecap","Realty"
"12-05-2025","ECLERX","Midcap","I.T"
"12-05-2025","DYCL","Smallcap","Industrials"
"12-05-2025","SUNCLAY","Smallcap","Industrials"
"19-05-2025","SYNCOMF","Smallcap","Healthcare"
"19-05-2025","JUBLPHARMA","Midcap","Healthcare"
"19-05-2025","DCAL","Smallcap","Healthcare"
"26-05-2025","RELTD","Smallcap","Industrials"
"02-06-2025","SUNFLAG","Midcap","Metals & Mining"
"02-06-2025","ASTRAZEN","Midcap","Healthcare"
"09-06-2025","WINDMACHIN","Smallcap","Industrials"
"09-06-2025","WOCKPHARMA","Largecap","Healthcare"
"16-06-2025","SUNFLAG","Midcap","Metals & Mining"
"23-06-2025","MAHSEAMLES","Midcap","Metals & Mining"
"30-06-2025","ZOTA","Smallcap","Healthcare"
"07-07-2025","LEMONTREE","Midcap","Services"
"07-07-2025","MEDANTA","Largecap","Healthcare"
"07-07-2025","INDIASHLTR","Midcap","Financials"
"14-07-2025","PATANJALI","Largecap","FMCG"
"14-07-2025","SWARAJENG","Smallcap","Industrials"
"14-07-2025","SIMPLEXINF","Smallcap","Realty"
"28-07-2025","FOSECOIND","Smallcap","Chemicals"
"28-07-2025","VISHNU","Smallcap","Chemicals"
"28-07-2025","VIMTALABS","Smallcap","Healthcare"
"04-08-2025","GODFRYPHLP","Largecap","FMCG"
"04-08-2025","SARDAEN","Midcap","Metals & Mining"
"04-08-2025","KRBL","Midcap","FMCG"
"04-08-2025","BLACKBUCK","Midcap","Transportation"
"11-08-2025","HBLENGINE","Midcap","Auto"
"18-08-2025","FOSECOIND","Smallcap","Chemicals"
"18-08-2025","NAVNETEDUL","Smallcap","Miscellaneous"
"18-08-2025","HLEGLAS","Smallcap","Industrials"
"18-08-2025","BGRENERGY","Smallcap","Realty"
"18-08-2025","SPIC","Smallcap","Chemicals"
"18-08-2025","LEMONTREE","Midcap","Services"
"01-09-2025","MAHASTEEL","Smallcap","Metals & Mining"
"01-09-2025","ZYDUSWELL","Midcap","FMCG"
"01-09-2025","JINDALPHOT","Smallcap","Financials"
"08-09-2025","IOLCP","Midcap","Healthcare"
"08-09-2025","TSFINV","Midcap","Financials"
"15-09-2025","BANCOINDIA","Midcap","Auto"
"15-09-2025","USHAMART","Midcap","Metals & Mining"
"15-09-2025","POONAWALLA","Largecap","Financials"
"15-09-2025","SRM","Smallcap","Realty"
"22-09-2025","SUBROS","Smallcap","Auto"
"22-09-2025","RACLGEAR","Smallcap","Auto"
"22-09-2025","SHREEPUSHK","Smallcap","Chemicals"
"29-09-2025","GOODLUCK","Midcap","Metals & Mining"
"29-09-2025","V2RETAIL","Midcap","Consumer Discretionary"
"29-09-2025","WHEELS","Midcap","Auto"
"29-09-2025","IFGLEXPOR","Smallcap","Building Materials"
"06-10-2025","MANALIPETC","Smallcap","Energy"
"06-10-2025","GMBREW","Smallcap","FMCG"
"13-10-2025","POCL","Smallcap","Metals & Mining"
"13-10-2025","TATVA","Smallcap","Chemicals"
"20-10-2025","DCBBANK","Midcap","Bank"
"27-10-2025","IDBI","Largecap","Bank"
"27-10-2025","WELCORP","Largecap","Industrials"
"27-10-2025","NAVINFLUOR","Largecap","Chemicals"
"27-10-2025","CARTRADE","Midcap","Consumer Discretionary"
"03-11-2025","CCL","Midcap","FMCG"
"03-11-2025","HLEGLAS","Smallcap","Industrials"
"03-11-2025","3MINDIA","Largecap","Miscellaneous"
"03-11-2025","REDINGTON","Largecap","Services"
"03-11-2025","THANGAMAYL","Midcap","Consumer Discretionary"
"03-11-2025","VINCOFE","Smallcap","Consumer Discretionary"
"03-11-2025","INTERARCH","Smallcap","Metals & Mining"
"10-11-2025","UNIVCABLES","Midcap","Industrials"
"10-11-2025","VENUSREM","Smallcap","Healthcare"
"10-11-2025","LUMAXTECH","Midcap","Auto"
"10-11-2025","KIRLOSENG","Largecap","Industrials"
"10-11-2025","SYRMA","Largecap","Consumer Discretionary"
"10-11-2025","YATRA","Smallcap","I.T"
"17-11-2025","NH","Largecap","Healthcare"
"24-11-2025","RICOAUTO","Smallcap","Auto"
"24-11-2025","EUREKAFORB","Midcap","Consumer Discretionary"
"01-12-2025","BLISSGVS","Midcap","Healthcare"
"01-12-2025","NATCOPHARM","Midcap","Healthcare"
"01-12-2025","MAHABANK","Largecap","Bank"
"01-12-2025","JSWHL","Midcap","Financials"
"01-12-2025","ZFCVINDIA","Largecap","Auto"
"01-12-2025","SHRIPISTON","Largecap","Auto"
"01-12-2025","STEL","Smallcap","Financials"
"01-12-2025","INFOBEAN","Smallcap","I.T"
"08-12-2025","PFOCUS","Largecap","Realty"
"08-12-2025","SMCGLOBAL","Smallcap","Financials"
"15-12-2025","APEX","Smallcap","FMCG"
"22-12-2025","SANDUMA","Midcap","Metals & Mining"
"22-12-2025","STYLAMIND","Midcap","Building Materials"
"29-12-2025","GRAPHITE","Midcap","Industrials"
"29-12-2025","HEG","Smallcap","Industrials"
"29-12-2025","JAYBARMARU","Smallcap","Auto"
"05-01-2026","ONIDA","Smallcap","Consumer Discretionary"
"05-01-2026","SOUTHBANK","Midcap","Bank"
"05-01-2026","IIFLCAPS","Midcap","Financials"
"19-01-2026","JINDALPHOT","Smallcap","Financials"
"19-01-2026","BAJAJCON","Midcap","FMCG"
"19-01-2026","KAPSTON","Smallcap","Miscellaneous"
"27-01-2026","DREDGECORP","Smallcap","Miscellaneous"
"27-01-2026","GMDCLTD","Midcap","Metals & Mining"
"27-01-2026","AXISBANK","Largecap","Bank"
"27-01-2026","OIL","Largecap","Energy"
"27-01-2026","SHARDACROP","Midcap","Chemicals"
"27-01-2026","IMPAL","Smallcap","Auto"
"02-02-2026","AVANTIFEED","Midcap","FMCG"
"02-02-2026","GODAVARIB","Smallcap","FMCG"
"09-02-2026","BLISSGVS","Midcap","Healthcare"
"09-02-2026","JAYBARMARU","Smallcap","Auto"
"09-02-2026","SCI","Midcap","Transportation"
"09-02-2026","ASHIANA","Smallcap","Realty"
"09-02-2026","GVPIL","Smallcap","Realty"
"09-02-2026","EDELWEISS","Midcap","Financials"
"09-02-2026","KIRLOSENG","Largecap","Industrials"
"09-02-2026","APEX","Smallcap","FMCG"
"09-02-2026","AMBER","Largecap","Consumer Discretionary"
"09-02-2026","SANSERA","Largecap","Auto"
"09-02-2026","HONASA","Midcap","Services"
"09-02-2026","HAPPYFORGE","Largecap","Industrials"
"16-02-2026","MANGLMCEM","Smallcap","Building Materials"
"16-02-2026","GANDHITUBE","Smallcap","Metals & Mining"
"16-02-2026","BHARATSE","Smallcap","Auto"
"16-02-2026","SCHNEIDER","Largecap","Industrials"
"16-02-2026","JPOLYINVST","Smallcap","Financials"
"16-02-2026","NETWEB","Largecap","I.T"
"16-02-2026","AEROFLEX","Midcap","Metals & Mining"
"16-02-2026","QPOWER","Midcap","Industrials"
"23-02-2026","SCHAEFFLER","Largecap","Industrials"
"23-02-2026","CENTUM","Midcap","Aerospace & Defence"
"23-02-2026","NATCOPHARM","Midcap","Healthcare"
"23-02-2026","J&KBANK","Midcap","Bank"
"23-02-2026","UEL","Smallcap","Power & Utilities"
"23-02-2026","FINEORG","Midcap","Chemicals"
"23-02-2026","DEEDEV","Smallcap","Metals & Mining"
"23-02-2026","KRN","Midcap","Industrials"
"09-03-2026","JPOLYINVST","Smallcap","Financials"
"16-03-2026","CHENNPETRO","Largecap","Energy"
"16-03-2026","GOKULAGRO","Midcap","FMCG"
"06-04-2026","ZYDUSWELL","Midcap","FMCG"
"06-04-2026","GALLANTT","Midcap","Metals & Mining"
"06-04-2026","SHRIPISTON","Largecap","Auto"
"13-04-2026","BHAGYANGR","Smallcap","Power & Utilities"
"13-04-2026","GMDCLTD","Midcap","Metals & Mining"
"13-04-2026","INDOTECH","Smallcap","Industrials"
"13-04-2026","WAAREEINDO","Smallcap","Industrials"
"13-04-2026","KIOCL","Largecap","Metals & Mining"
"20-04-2026","NESTLEIND","Largecap","FMCG"
"20-04-2026","SHAILY","Midcap","Plastic products"
"20-04-2026","SIGMAADV","Midcap","Aerospace & Defence"
"27-04-2026","BBOX","Midcap","I.T"
"04-05-2026","GRWRHITECH","Midcap","Industrials"
"04-05-2026","SANDUMA","Midcap","Metals & Mining"
"04-05-2026","KENNAMET","Midcap","Industrials"
"04-05-2026","STYLAMIND","Midcap","Building Materials"
"04-05-2026","NRBBEARING","Midcap","Industrials"
"04-05-2026","YESBANK","Largecap","Bank"
"04-05-2026","RPEL","Midcap","Building Materials"
"04-05-2026","CRAFTSMAN","Largecap","Auto"
"04-05-2026","SJS","Midcap","Auto"
"04-05-2026","AVALON","Midcap","Consumer Discretionary"
"04-05-2026","RRKABEL","Largecap","Industrials"
"11-05-2026","TATACONSUM","Largecap","FMCG"
"11-05-2026","GRINDWELL","Largecap","Industrials"
"11-05-2026","IDEA","Largecap","Telecom-Service"
"11-05-2026","PRICOLLTD","Midcap","Auto"
"11-05-2026","SAKAR","Smallcap","Healthcare"
"18-05-2026","JAYBARMARU","Smallcap","Auto"
"18-05-2026","DREDGECORP","Smallcap","Miscellaneous"
"18-05-2026","NGLFINE","Smallcap","Healthcare"
"18-05-2026","SAMMAANCAP","Midcap","Financials"
"18-05-2026","SANDHAR","Smallcap","Auto"
"18-05-2026","SANSERA","Largecap","Auto"
"25-05-2026","NATIONALUM","Largecap","Metals & Mining"
"25-05-2026","DIAMONDYD","Smallcap","FMCG"
"01-06-2026","VADILALIND","Midcap","FMCG"
"01-06-2026","RICOAUTO","Smallcap","Auto"
"01-06-2026","PTCIL","Largecap","Industrials"
"01-06-2026","STEL","Smallcap","Financials"
"01-06-2026","MSTCLTD","Midcap","I.T"
"15-06-2026","AARTIIND","Midcap","Chemicals"
"22-06-2026","TEXINFRA","Smallcap","Realty"
"22-06-2026","AETHER","Largecap","Chemicals"
"29-06-2026","ZYDUSWELL","Midcap","FMCG"
"29-06-2026","COMSYN","Smallcap","Industrials"
"29-06-2026","MACPOWER","Smallcap","Industrials"
"29-06-2026","DIVGIITTS","Smallcap","Auto"
"06-07-2026","SHAREINDIA","Smallcap","Financials"
"06-07-2026","KALYANKJIL","Largecap","Consumer Discretionary"
"06-07-2026","SENCO","Midcap","Consumer Discretionary"
"06-07-2026","AZAD","Midcap","Aerospace & Defence"
"13-07-2026","CANHLIFE","Midcap","Financials"
"20-07-2026","WSTCSTPAPR","Smallcap","Building Materials"
"20-07-2026","SGMART","Midcap","Services"
"20-07-2026","VISHNU","Smallcap","Chemicals"
"20-07-2026","TVSHLTD","Largecap","Financials"
"20-07-2026","ASHIANA","Smallcap","Realty"
"20-07-2026","M&MFIN","Largecap","Financials"
"20-07-2026","BAJAJ-AUTO","Largecap","Auto"
"20-07-2026","SGFIN","Smallcap","Financials"
"20-07-2026","THYROCARE","Midcap","Healthcare"
"20-07-2026","KARURVYSYA","Largecap","Bank"
"20-07-2026","KRISHANA","Smallcap","Chemicals"
"20-07-2026","UJJIVANSFB","Midcap","Bank"
"20-07-2026","SURYODAY","Smallcap","Bank"
"20-07-2026","TATVA","Smallcap","Chemicals"
"20-07-2026","DATAPATTNS","Largecap","Aerospace & Defence"
"20-07-2026","JGCHEM","Smallcap","Chemicals"
"27-07-2026","SMLMAH","Midcap","Auto"
"27-07-2026","RKFORGE","Midcap","Industrials"
"27-07-2026","VOLTAMP","Midcap","Industrials"
"27-07-2026","DEEPINDS","Midcap","Energy"
"27-07-2026","PRICOLLTD","Midcap","Auto"
"27-07-2026","ARTEMISMED","Midcap","Healthcare"
"27-07-2026","PRUDENT","Midcap","Financials"
"03-08-2026","DALMIASUG","Smallcap","FMCG"
"03-08-2026","NRAIL","Smallcap","Building Materials"
"03-08-2026","PVP","Smallcap","Realty"
"03-08-2026","GAEL","Midcap","FMCG"
"03-08-2026","UEL","Smallcap","Power & Utilities"
"03-08-2026","AVADHSUGAR","Smallcap","FMCG"
"03-08-2026","RBA","Midcap","Consumer Discretionary"
"03-08-2026","ROLEXRINGS","Smallcap","Auto"
"03-08-2026","RATNAVEER","Smallcap","Metals & Mining"
"03-08-2026","INDGN","Midcap","Healthcare"
"10-08-2026","ESABINDIA","Midcap","Industrials"
"10-08-2026","FINCABLES","Largecap","Industrials"
"10-08-2026","INGERRAND","Midcap","Industrials"
"10-08-2026","TVSSRICHAK","Smallcap","Auto"
"10-08-2026","AVTNPL","Smallcap","FMCG"
"10-08-2026","KINGFA","Midcap","Plastic products"
"10-08-2026","AARTIIND","Midcap","Chemicals"
"10-08-2026","SALSTEEL","Smallcap","Metals & Mining"
"10-08-2026","LUMAXTECH","Midcap","Auto"
"10-08-2026","ANDHRSUGAR","Smallcap","Chemicals"
"10-08-2026","VIJAYA","Midcap","Healthcare"
"10-08-2026","AFSL","Smallcap","Financials"
"10-08-2026","ENTERO","Midcap","Healthcare"
"17-08-2026","BANARISUG","Smallcap","FMCG"
"17-08-2026","PVP","Smallcap","Realty"
"17-08-2026","IPCALAB","Largecap","Healthcare"
"17-08-2026","ASIANENE","Smallcap","Energy"
"17-08-2026","WELENT","Midcap","Realty"
"17-08-2026","UTTAMSUGAR","Smallcap","FMCG"
"17-08-2026","PTCIL","Largecap","Industrials"
"24-08-2026","OAL","Smallcap","Chemicals"
"24-08-2026","SAIL","Largecap","Metals & Mining"
"24-08-2026","FMGOETZE","Smallcap","Auto"
"24-08-2026","CGCL","Largecap","Financials"
"24-08-2026","SHYAMMETL","Largecap","Metals & Mining"
"24-08-2026","YATHARTH","Midcap","Healthcare"
"31-08-2026","IFCI","Largecap","Financials"
"31-08-2026","MAHSEAMLES","Midcap","Metals & Mining"
"31-08-2026","NRAIL","Smallcap","Building Materials"
"31-08-2026","KOPRAN","Smallcap","Healthcare"
"31-08-2026","SOTL","Smallcap","Energy"
"31-08-2026","CAPLIPOINT","Largecap","Healthcare"
"31-08-2026","ANTELOPUS","Smallcap","Energy"
"31-08-2026","ENGINERSIN","Midcap","Realty"
"31-08-2026","RML","Smallcap","Auto"
"31-08-2026","SAKAR","Smallcap","Healthcare"
"07-09-2026","FINCABLES","Largecap","Industrials"
"07-09-2026","SPLPETRO","Midcap","Energy"
"07-09-2026","CENTUM","Midcap","Aerospace & Defence"
"07-09-2026","KOVAI","Midcap","Healthcare"
"07-09-2026","GAYAPROJ","Smallcap","Realty"
"07-09-2026","SMSPHARMA","Smallcap","Healthcare"
"07-09-2026","WHEELS","Midcap","Auto"
"07-09-2026","VENUSPIPES","Smallcap","Metals & Mining"
"07-09-2026","SYRMA","Largecap","Consumer Discretionary"
"07-09-2026","STLNETWORK","Smallcap","Telecom-Service"