token,symbol,start,open,high,low,close,volume
1001,ALPHAFLAG,2026-08-19T09:15:00,98.5,99.5,98.2,99.0,10000
1001,ALPHAFLAG,2026-08-19T09:16:00,99.0,99.3,98.6,98.9,10000
1001,ALPHAFLAG,2026-08-19T09:17:00,98.9,99.1,98.0,98.4,10000
1001,ALPHAFLAG,2026-08-19T09:18:00,98.4,98.9,98.1,98.7,10000
1001,ALPHAFLAG,2026-08-19T09:19:00,98.7,99.2,98.5,99.1,10000
1001,ALPHAFLAG,2026-08-19T09:20:00,99.1,99.4,98.8,99.0,10000
1001,ALPHAFLAG,2026-08-19T09:21:00,99.0,99.2,98.3,98.5,10000
1001,ALPHAFLAG,2026-08-19T09:22:00,98.5,98.6,97.8,98.2,10000
1001,ALPHAFLAG,2026-08-19T09:23:00,98.2,99.0,98.0,98.9,10000
1001,ALPHAFLAG,2026-08-19T09:24:00,98.9,99.5,98.7,99.4,10000
1001,ALPHAFLAG,2026-08-19T09:25:00,99.4,99.55,99.0,99.3,10000
1001,ALPHAFLAG,2026-08-19T09:26:00,99.3,99.5,99.1,99.4,10000
1001,ALPHAFLAG,2026-08-19T09:27:00,99.4,99.5,99.2,99.45,10000
1001,ALPHAFLAG,2026-08-19T09:28:00,99.45,99.58,99.3,99.5,10000
1001,ALPHAFLAG,2026-08-19T09:29:00,99.5,99.58,99.4,99.55,10000
1001,ALPHAFLAG,2026-08-19T09:30:00,99.55,99.58,99.5,99.55,10000
1001,ALPHAFLAG,2026-08-19T09:31:00,100.8,101.2,100.5,101.0,10000
1001,ALPHAFLAG,2026-08-19T09:32:00,101.0,101.5,100.9,101.3,10000
1001,ALPHAFLAG,2026-08-19T09:33:00,101.3,102.0,101.2,101.9,10000
1002,BETAEP,2026-08-19T09:15:00,207.0,210.0,206.0,209.0,10000
1002,BETAEP,2026-08-19T09:16:00,209.0,209.8,207.5,208.0,10000
1002,BETAEP,2026-08-19T09:17:00,208.0,208.5,205.0,206.0,10000
1002,BETAEP,2026-08-19T09:18:00,206.0,207.0,205.5,206.8,10000
1002,BETAEP,2026-08-19T09:19:00,206.8,208.0,206.5,207.9,10000
1002,BETAEP,2026-08-19T09:20:00,207.9,209.0,207.5,208.8,10000
1002,BETAEP,2026-08-19T09:21:00,208.0,209.5,206.0,208.5,10000
1002,BETAEP,2026-08-19T09:22:00,208.0,209.5,206.0,208.5,10000
1002,BETAEP,2026-08-19T09:23:00,208.0,209.5,206.0,208.5,10000
1002,BETAEP,2026-08-19T09:24:00,208.0,209.5,206.0,208.5,10000
1002,BETAEP,2026-08-19T09:25:00,208.0,209.5,206.0,208.5,10000
1002,BETAEP,2026-08-19T09:26:00,208.0,209.5,206.0,208.5,10000
1002,BETAEP,2026-08-19T09:27:00,208.0,209.5,204.5,208.5,10000
1002,BETAEP,2026-08-19T09:28:00,208.0,209.5,206.0,208.5,10000
1002,BETAEP,2026-08-19T09:29:00,208.0,209.5,206.0,208.5,10000
1002,BETAEP,2026-08-19T09:30:00,208.0,209.5,206.0,208.5,10000
1002,BETAEP,2026-08-19T09:31:00,208.0,209.5,206.0,208.5,10000
1002,BETAEP,2026-08-19T09:32:00,208.0,209.5,206.0,208.5,10000
1002,BETAEP,2026-08-19T09:33:00,208.0,209.5,206.0,208.5,10000
1002,BETAEP,2026-08-19T09:34:00,208.0,209.5,206.0,208.5,10000
1002,BETAEP,2026-08-19T09:35:00,208.0,209.5,206.0,208.5,10000
1002,BETAEP,2026-08-19T09:36:00,208.0,209.5,206.0,208.5,10000
1002,BETAEP,2026-08-19T09:37:00,208.0,209.5,206.0,208.5,10000
1002,BETAEP,2026-08-19T09:38:00,208.0,209.5,206.0,208.5,10000
1002,BETAEP,2026-08-19T09:39:00,208.0,209.5,206.0,208.5,10000
1002,BETAEP,2026-08-19T09:40:00,208.0,209.5,206.0,208.5,10000
1002,BETAEP,2026-08-19T09:41:00,208.0,209.5,206.0,208.5,10000
1002,BETAEP,2026-08-19T09:42:00,208.0,209.5,206.0,208.5,10000
1002,BETAEP,2026-08-19T09:43:00,208.0,209.5,206.0,208.5,10000
1002,BETAEP,2026-08-19T09:44:00,208.0,209.5,206.0,208.5,10000
1002,BETAEP,2026-08-19T09:45:00,210.5,211.0,210.2,210.9,10000
1002,BETAEP,2026-08-19T09:46:00,210.9,212.0,210.8,211.8,10000
1003,GAMMALOCK,2026-08-19T09:15:00,52.5,52.5,52.5,52.5,10000
1003,GAMMALOCK,2026-08-19T09:16:00,52.5,52.5,52.5,52.5,10000
1003,GAMMALOCK,2026-08-19T09:17:00,52.5,52.5,52.5,52.5,10000
1003,GAMMALOCK,2026-08-19T09:18:00,52.5,52.5,52.5,52.5,10000
1003,GAMMALOCK,2026-08-19T09:19:00,52.5,52.5,52.5,52.5,10000
1003,GAMMALOCK,2026-08-19T09:20:00,52.5,52.5,52.5,52.5,10000
1003,GAMMALOCK,2026-08-19T09:21:00,52.5,52.5,52.5,52.5,10000
1003,GAMMALOCK,2026-08-19T09:22:00,52.5,52.5,52.5,52.5,10000
1003,GAMMALOCK,2026-08-19T09:23:00,52.5,52.5,52.5,52.5,10000
1003,GAMMALOCK,2026-08-19T09:24:00,52.5,52.5,52.5,52.5,10000
1003,GAMMALOCK,2026-08-19T09:25:00,52.5,52.5,52.5,52.5,10000
1003,GAMMALOCK,2026-08-19T09:26:00,52.5,52.5,52.5,52.5,10000
1003,GAMMALOCK,2026-08-19T09:27:00,52.5,52.5,52.5,52.5,10000
1003,GAMMALOCK,2026-08-19T09:28:00,52.5,52.5,52.5,52.5,10000
1003,GAMMALOCK,2026-08-19T09:29:00,52.5,52.5,52.5,52.5,10000
1003,GAMMALOCK,2026-08-19T09:30:00,52.5,52.5,52.5,52.5,10000
1003,GAMMALOCK,2026-08-19T09:31:00,52.5,52.5,52.5,52.5,10000
1003,GAMMALOCK,2026-08-19T09:32:00,52.5,52.5,52.5,52.5,10000
1003,GAMMALOCK,2026-08-19T09:33:00,52.5,52.5,52.5,52.5,10000
1003,GAMMALOCK,2026-08-19T09:34:00,52.5,52.5,52.5,52.5,10000
1003,GAMMALOCK,2026-08-19T09:35:00,52.5,52.5,52.5,52.5,10000
1003,GAMMALOCK,2026-08-19T09:36:00,52.5,52.5,52.5,52.5,10000
1003,GAMMALOCK,2026-08-19T09:37:00,52.5,52.5,52.5,52.5,10000
1003,GAMMALOCK,2026-08-19T09:38:00,52.5,52.5,52.5,52.5,10000
1003,GAMMALOCK,2026-08-19T09:39:00,52.5,52.5,52.5,52.5,10000
1004,DELTAWAIT,2026-08-19T09:15:00,296.0,298.0,295.0,297.0,10000
1004,DELTAWAIT,2026-08-19T09:16:00,297.0,297.8,295.5,296.5,10000
1004,DELTAWAIT,2026-08-19T09:17:00,296.5,297.5,296.0,297.2,10000
1004,DELTAWAIT,2026-08-19T09:18:00,297.2,297.9,296.8,297.5,10000
1004,DELTAWAIT,2026-08-19T09:19:00,297.5,297.9,297.0,297.6,10000
1004,DELTAWAIT,2026-08-19T09:20:00,297.5,297.9,296.5,297.4,10000
1004,DELTAWAIT,2026-08-19T09:21:00,297.5,297.9,296.5,297.4,10000
1004,DELTAWAIT,2026-08-19T09:22:00,297.5,297.9,296.5,297.4,10000
1004,DELTAWAIT,2026-08-19T09:23:00,297.5,297.9,296.5,297.4,10000
1004,DELTAWAIT,2026-08-19T09:24:00,297.5,297.9,296.5,297.4,10000
1004,DELTAWAIT,2026-08-19T09:25:00,297.5,297.9,296.5,297.4,10000
1004,DELTAWAIT,2026-08-19T09:26:00,297.5,297.9,296.5,297.4,10000
1004,DELTAWAIT,2026-08-19T09:27:00,297.5,297.9,296.5,297.4,10000
1004,DELTAWAIT,2026-08-19T09:28:00,297.5,297.9,296.5,297.4,10000
1004,DELTAWAIT,2026-08-19T09:29:00,297.5,297.9,296.5,297.4,10000
1004,DELTAWAIT,2026-08-19T09:30:00,297.5,297.9,296.5,297.4,10000
1004,DELTAWAIT,2026-08-19T09:31:00,297.5,297.9,296.5,297.4,10000
1004,DELTAWAIT,2026-08-19T09:32:00,297.5,297.9,296.5,297.4,10000
1004,DELTAWAIT,2026-08-19T09:33:00,297.5,297.9,296.5,297.4,10000
1004,DELTAWAIT,2026-08-19T09:34:00,297.5,297.9,296.5,297.4,10000
1004,DELTAWAIT,2026-08-19T09:35:00,298.6,299.0,298.4,298.9,10000
1004,DELTAWAIT,2026-08-19T09:36:00,298.9,299.5,298.7,299.2,10000
1004,DELTAWAIT,2026-08-19T09:37:00,299.2,299.8,299.0,299.5,10000
1005,EPSILONGAP,2026-08-19T09:15:00,92.0,94.0,90.0,93.0,20000
1005,EPSILONGAP,2026-08-19T09:16:00,93.0,93.5,89.0,90.0,20000
1005,EPSILONGAP,2026-08-19T09:17:00,90.0,91.0,88.0,89.0,20000
1005,EPSILONGAP,2026-08-19T09:18:00,89.0,92.0,88.5,91.5,20000
1005,EPSILONGAP,2026-08-19T09:19:00,91.5,93.8,91.0,93.5,20000
1005,EPSILONGAP,2026-08-19T09:20:00,93.5,93.9,92.8,93.2,20000
1005,EPSILONGAP,2026-08-19T09:25:00,93.2,93.9,92.5,93.6,20000
1005,EPSILONGAP,2026-08-19T09:30:00,93.6,93.95,93.0,93.8,20000
1005,EPSILONGAP,2026-08-19T09:37:00,93.8,94.0,93.4,93.9,20000
1005,EPSILONGAP,2026-08-19T09:38:00,93.9,94.6,93.9,94.5,20000
1005,EPSILONGAP,2026-08-19T09:40:00,94.5,94.8,94.0,94.6,20000
