start,end,years,final_equity,total_return_pct,cagr_pct,max_dd_pct,calmar,sharpe,trades,avg_open_positions,exposure_pct,win_rate_pct,avg_win_pct,avg_loss_pct,avg_ret_pct,median_ret_pct,profit_factor,avg_r,avg_hold,best_pct,worst_pct,is_cagr,is_dd,oos_cagr,oos_dd,label,n_TWT,pnl_TWT,n_VBT,pnl_VBT,n_MOM,pnl_MOM
2017-10-16,2026-09-09,8.9,4438056,343.8,18.23,-27.94,0.65,0.97,761,6.32,63.2,37.8,16.5,-6.05,2.48,-2.3,1.55,0.2,18.3,241.8,-13.9,12.6,-27.9,26.0,-19.8,VBT-1 alone,,,,,,
2017-10-16,2026-09-09,8.9,6069058,507.9,22.49,-26.46,0.85,1.28,169,7.85,78.5,43.2,54.16,-12.92,16.06,-5.36,2.84,0.79,102.2,333.2,-20.4,13.6,-22.5,35.9,-26.5,TWT-1 alone (@5cr),,,,,,
2017-10-16,2026-09-09,8.9,5413123,442.2,20.92,-24.7,0.85,1.21,164,7.8,78.0,40.9,55.57,-12.35,15.4,-5.26,2.71,0.76,104.6,333.2,-24.0,11.1,-20.8,36.1,-24.7,TWT-1 alone (@2cr),,,,,,
2017-10-16,2026-09-09,8.9,3172468,217.5,13.86,-31.38,0.44,0.76,509,7.09,70.9,33.0,22.36,-6.7,2.89,-3.43,1.56,0.19,30.6,287.6,-21.0,9.5,-31.4,19.8,-17.0,MOM-1g alone,,,,,,
,,,5258420,,20.51,-24.83,0.83,1.26,930,,,,,,,,,,,,,13.1,-24.8,31.3,-22.4,"50/50 VBT-1 + TWT-1, buy-and-hold slices",,,,,,
,,,5366920,,20.78,-24.58,0.85,1.27,930,,,,,,,,,,,,,13.4,-24.6,31.5,-21.9,"50/50 VBT-1 + TWT-1, daily rebalanced",,,,,,
,,,4563835,,18.6,-26.69,0.7,1.18,1439,,,,,,,,,,,,,11.9,-26.7,28.2,-16.3,"1/3 each VBT-1 + TWT-1 + MOM-1g, buy-and-hold slices",,,,,,
,,,4614060,,18.75,-26.49,0.71,1.17,1439,,,,,,,,,,,,,12.3,-26.5,27.9,-13.8,"1/3 each, daily rebalanced",,,,,,
2017-10-16,2026-09-09,8.9,4759190,376.7,19.19,-27.39,0.7,1.06,226,7.54,75.4,37.2,43.51,-10.61,9.5,-3.43,2.21,0.46,73.4,333.2,-20.4,8.4,-26.4,36.1,-27.4,"book: TWT first, then VBT — 10 slots, 3/day each",177.0,3860906.0,49.0,-101715.0,,
2017-10-16,2026-09-09,8.9,2468484,147.2,10.71,-28.41,0.38,0.63,538,7.14,71.4,36.8,18.07,-7.03,2.2,-2.58,1.4,0.15,29.2,146.7,-24.1,8.8,-27.2,13.0,-28.4,"book: VBT first, then TWT — 10 slots",98.0,485747.0,440.0,982737.0,,
2017-10-16,2026-09-09,8.9,4332139,333.8,17.93,-28.39,0.63,1.06,260,9.02,75.1,37.7,43.01,-10.73,9.52,-3.55,2.28,0.47,76.3,333.2,-20.4,7.0,-28.4,35.0,-22.4,book: TWT + VBT — 12 slots,201.0,3416427.0,59.0,-84289.0,,
2017-10-16,2026-09-09,8.9,3261541,226.5,14.22,-25.62,0.56,0.91,321,11.32,75.5,38.3,38.73,-10.92,8.11,-3.58,1.94,0.41,77.6,333.2,-20.4,6.6,-25.1,25.8,-25.6,"book: TWT + VBT — 15 slots, 5/day",251.0,2249244.0,70.0,12297.0,,
2017-10-16,2026-09-09,8.9,3299694,230.2,14.37,-27.42,0.52,0.93,444,14.88,74.4,38.5,39.33,-10.92,8.43,-3.61,1.89,0.43,73.7,427.9,-21.0,6.8,-27.3,25.7,-27.4,"book: TWT + VBT — 20 slots, 5/day",341.0,2157135.0,103.0,142559.0,,
2017-10-16,2026-09-09,8.9,4045324,305.2,17.03,-28.98,0.59,0.94,457,7.33,73.3,35.9,24.93,-7.35,4.23,-2.6,1.68,0.24,35.3,333.2,-20.4,13.8,-29.0,21.2,-26.8,book: TWT (cap 6) + VBT (cap 6) — 10 slots,111.0,2645950.0,346.0,399374.0,,
2017-10-16,2026-09-09,8.9,4542971,355.0,18.56,-31.02,0.6,0.98,501,7.24,72.4,36.9,23.77,-7.22,4.23,-2.58,1.73,0.25,31.8,208.9,-20.4,11.5,-29.6,28.8,-31.0,book: TWT (cap 5) + VBT (cap 5) — 10 slots,92.0,2744814.0,409.0,798157.0,,
2017-10-16,2026-09-09,8.9,4413791,342.4,18.19,-37.73,0.48,0.99,272,7.77,77.7,33.8,42.22,-9.74,7.83,-4.22,1.95,0.42,62.9,287.6,-23.5,6.8,-37.7,35.8,-23.7,book: TWT + VBT + MOM — 10 slots,157.0,2197978.0,34.0,-42361.0,81.0,1258174.0
2017-10-16,2026-09-09,8.9,2718005,172.2,11.91,-38.44,0.31,0.73,415,11.49,76.6,34.0,36.05,-9.87,5.73,-4.2,1.63,0.31,60.9,333.2,-23.5,3.5,-38.4,24.5,-23.8,"book: TWT + VBT + MOM — 15 slots, 5/day",244.0,1102598.0,56.0,-59013.0,115.0,674420.0
2017-10-16,2026-09-09,8.9,5397476,440.5,20.88,-25.77,0.81,1.13,226,7.54,75.4,37.2,43.51,-10.61,9.5,-3.43,2.22,0.46,73.4,333.2,-20.4,10.1,-21.4,37.7,-25.8,"book: TWT + VBT — 10 slots, +yield 6%",177.0,4245033.0,49.0,-112697.0,,
2017-10-16,2026-09-09,8.9,5708895,471.7,21.64,-29.55,0.73,1.12,214,7.15,71.5,36.9,39.2,-11.14,7.44,-5.73,2.46,0.29,73.5,319.2,-20.4,7.4,-29.5,45.0,-25.5,"book: TWT(+pyramid 10) + VBT — 10 slots, +yield 6%",168.0,4634374.0,46.0,-167343.0,,
2017-10-16,2026-09-09,8.9,4949092,395.5,19.7,-25.1,0.78,1.08,256,8.76,73.0,37.5,36.66,-11.44,6.6,-5.55,2.38,0.26,75.3,318.0,-20.4,6.5,-25.1,40.7,-21.2,"book: TWT(+pyramid 10) + VBT — 12 slots, +yield 6%",197.0,3783785.0,59.0,-44004.0,,
2017-10-16,2026-09-09,8.9,3949579,295.6,16.71,-28.7,0.58,0.95,224,7.41,74.1,35.3,44.19,-10.91,8.52,-5.38,2.01,0.41,72.8,333.2,-24.0,7.9,-28.7,30.2,-28.6,book: TWT@2cr + VBT — 10 slots,181.0,3081174.0,43.0,-131594.0,,
2017-10-16,2026-09-09,8.9,2736394,172.8,11.94,-31.69,0.38,0.73,190,7.45,74.5,40.0,36.8,-11.87,7.6,-4.34,1.88,0.38,86.3,334.3,-20.4,8.7,-31.7,16.7,-22.5,"union VBT-1 | TWT-1, TWT exit (20/20)",,,,,,
2017-10-16,2026-09-09,8.9,1857702,85.8,7.21,-34.97,0.21,0.48,1066,6.55,65.5,35.2,11.36,-4.81,0.88,-1.84,1.2,0.07,13.5,241.8,-13.9,2.5,-34.4,13.6,-23.6,"union VBT-1 | TWT-1, VBT exit (limit, 12 % stop, 21-EMA)",,,,,,
2017-10-16,2026-09-09,8.9,2885403,189.0,12.67,-47.51,0.27,0.72,219,7.06,70.6,33.8,49.22,-13.18,7.9,-7.98,1.8,0.39,70.9,377.9,-22.3,-0.4,-47.5,33.5,-24.4,"TWT-1 & in momentum state, TWT exit",,,,,,
2017-10-16,2026-09-09,8.9,5834191,483.4,21.92,-30.59,0.72,1.23,188,6.66,66.6,43.1,46.56,-12.42,12.99,-3.23,2.71,0.64,77.9,363.1,-23.8,10.4,-30.6,40.4,-19.5,"TWT-1 & VBT-1 fired in last 20 sessions, TWT exit",,,,,,
2017-10-16,2026-09-09,8.9,2495132,149.5,10.82,-30.16,0.36,0.73,532,4.49,44.9,35.7,17.88,-6.53,2.18,-3.39,1.35,0.18,18.6,312.9,-18.7,15.0,-28.4,4.9,-22.7,"VBT-1 & was 3-weeks-tight in last 10, VBT exit",,,,,,
2017-10-16,2026-09-09,8.9,2774274,177.4,12.15,-27.71,0.44,0.76,205,5.94,59.4,37.6,44.38,-12.61,8.8,-7.44,1.58,0.44,63.7,334.3,-20.3,12.6,-25.4,11.3,-24.2,"  same, TWT exit (20/20)",,,,,,
2017-10-16,2026-09-09,8.9,2501604,150.2,10.85,-35.03,0.31,0.67,626,5.2,52.0,36.6,16.93,-6.58,2.02,-3.08,1.32,0.17,18.3,312.9,-13.9,13.3,-28.5,7.3,-35.0,"VBT-1 & was 3-weeks-tight in last 25, VBT exit",,,,,,
2017-10-16,2026-09-09,8.9,2141855,114.2,8.94,-31.9,0.28,0.59,198,6.31,63.1,37.4,39.9,-11.98,7.41,-5.41,1.43,0.37,70.1,334.3,-20.3,12.5,-26.3,3.7,-31.9,"  same, TWT exit (20/20)",,,,,,
2017-10-16,2026-09-09,8.9,2035729,103.6,8.32,-35.9,0.23,0.54,748,5.94,59.4,35.4,14.5,-5.99,1.27,-2.85,1.28,0.1,17.5,117.4,-27.8,3.2,-35.9,15.6,-15.6,VBT-1 & NOT tight in last 25 (the complement),,,,,,
2017-10-16,2026-09-09,8.9,2691828,169.6,11.79,-47.27,0.25,0.68,215,6.97,69.7,34.4,46.94,-12.95,7.66,-7.29,1.71,0.38,71.3,377.9,-23.8,0.2,-47.3,29.9,-24.2,TWT-1 & momentum & VBT-style close>200-DMA,,,,,,
