symbol,sleeve,entry_date,exit_date,entry,exit,qty,pnl,ret_pct,r_mult,hold,reason
RAMCOIND,VBT,2017-10-17,2017-11-08,292.72999999999996,286.85,340,-2243.0224999999627,-2.253655245447987,-0.18443178641319247,14,ema_close
SUVEN,VBT,2017-10-17,2017-11-09,203.357125,187.25,490,-8121.872499999983,-8.150808583667756,-0.6668208813368388,15,ema_close
OBEROIRLTY,VBT,2017-10-17,2017-11-14,474.18249999999995,462.1,210,-2779.927499999976,-2.791699398438342,-0.22846356301505633,18,ema_close
IDEA,VBT,2017-10-18,2017-11-14,54.485875,56.15,1835,2796.081250000003,2.796596365571814,0.22858964502034643,17,ema_close
PGEL,TWT,2017-10-16,2017-11-15,40.70320425,36.0,2456,-11772.109637999994,-11.775987513317205,-0.5828876559888436,20,stop
ADANIENSOL,TWT,2017-11-15,2017-12-04,209.9235,171.28,453,-17699.4801,-18.612351642384013,-0.9214262973575299,13,stop
CPCAP,TWT,2017-10-18,2017-12-06,149.87375,130.72,667,-12993.52684999998,-12.997973294189258,-0.6434799124654187,33,stop
BANKINDIA,TWT,2017-11-14,2017-12-13,199.84476599999996,173.44,484,-12989.76914399999,-13.429606657799578,-0.6647311838290284,21,stop
BOMDYEING,TWT,2017-11-09,2018-01-19,206.67821054083885,243.92,453,16594.291225000008,17.724166163090917,0.8755630077296013,50,stop
PCJEWELLER,TWT,2017-10-17,2018-01-31,39.832554276462766,48.09,3760,30595.949920500017,20.42856872059937,0.8518371618769162,72,stop
GRAPHITE,TWT,2017-12-06,2018-02-01,603.3284290201004,724.8,199,23812.254625,19.833239281338912,0.8738840563367162,39,stop
CDSL,TWT,2017-10-17,2018-02-02,191.97343675,158.75,520,-17482.56211,-17.513001964840846,-0.8668729377109676,74,stop
TATACONSUM,TWT,2017-11-08,2018-02-02,237.44898889725377,262.98,528,13133.240262250009,10.475328287672445,0.43915969523870263,60,stop
TRENT,TWT,2017-10-18,2018-02-05,211.28004746835438,188.4,474,-11068.396499999973,-11.052178257320728,-0.5466063090321253,74,stop_gap
RAYMOND,TWT,2018-01-31,2018-02-05,659.09512875,528.13,106,-14022.258097499995,-20.070767933133503,-0.9936179503638332,3,stop
JUBLFOOD,TWT,2017-10-17,2018-02-06,161.76556756756756,180.5,925,16911.943750000006,11.302270753506162,0.4780470939575406,76,stop_gap
SUNTV,TWT,2017-11-14,2018-02-19,910.8410443037974,878.24,158,-5497.869799999957,-3.820276273385776,-0.1533965972101403,66,stop
ESCORTS,VBT,2018-02-02,2018-02-21,871.1724999999999,861.2,120,-1455.0599999999831,-1.3918598211031525,-0.11390526291068669,12,ema_close
APEX,TWT,2018-02-07,2018-02-22,733.8299999999999,647.92,136,-11904.05279999999,-11.92780344221413,-0.5904998988059097,10,stop
JUBLPHARMA,TWT,2018-02-05,2018-03-01,909.4892651515152,831.2,165,-13260.598750000005,-8.836527074140506,-0.379432245770861,17,stop
JAICORPLTD,TWT,2018-02-19,2018-03-07,168.36987499999998,136.48,532,-17146.931899999996,-19.14301771620368,-0.947697543728109,11,stop
UNICHEMLAB,TWT,2018-03-01,2018-04-02,333.882625,283.2,112,-5755.75,-15.391823698522797,-0.7619902843342765,19,stop
TVTODAY,TWT,2018-02-21,2018-05-04,481.25012499999997,446.36,207,-7453.247174999982,-7.481769485254662,-0.3703937732823606,48,stop
SHAKTIPUMP,TWT,2018-02-07,2018-05-16,91.41888636363636,103.15,792,9086.805000000008,12.550184204527074,0.6202123960778972,65,stop_gap
CHAMBLFERT,TWT,2018-05-04,2018-05-21,201.20174999999998,160.56,356,-14611.361399999987,-20.399002493765572,-1.0098765432098764,11,stop
KEC,TWT,2018-03-07,2018-05-31,406.0125,354.72,178,-9287.915399999983,-12.851648656137412,-0.6362359396433461,58,stop
VGUARD,TWT,2018-01-22,2018-06-04,242.10375,203.92,257,-9944.24235,-15.982218367125665,-0.7912184648416531,89,stop
MASTEK,TWT,2018-04-03,2018-06-05,538.3425,496.0,59,-2571.3674999999967,-8.095682581256348,-0.4007862611214564,44,stop
BIOCON,TWT,2018-02-06,2018-07-25,291.70916634241246,278.64,514,-7075.603899999987,-4.719003696391896,-0.2035477751228684,116,stop
HDFCLIFE,TWT,2018-02-06,2018-09-12,432.6944007246376,438.6,345,1659.1392500000366,1.1114309007254493,0.04892546513238996,149,stop
LTM,TWT,2018-02-06,2018-10-25,1281.7135344827586,1589.6,116,35253.84599999999,23.711418920132303,0.9446679512749211,176,stop
INFY,TWT,2018-01-31,2018-11-26,600.3636771863636,603.9,275,557.3075237500307,0.33755753231676455,0.01482348259036232,199,stop
WELENT,VBT,2019-05-28,2019-06-07,139.3475,125.9,704,-9688.623999999996,-9.876208758678837,-0.8082366759653496,7,ema_close
WALCHANNAG,VBT,2019-05-29,2019-06-10,100.85149999999999,90.4,976,-10421.239999999976,-10.587348725601482,-0.8658719539390978,7,ema_close
LINDEINDIA,VBT,2019-05-29,2019-06-10,584.3572499999999,550.0,168,-6003.017999999982,-6.114795358490016,-0.5004008696595929,7,ema_close
ASHOKA,VBT,2019-05-28,2019-06-20,145.412625,133.45,675,-8299.96875,-8.456108952025316,-0.6918645951287448,16,ema_close
TECHM,TWT,2018-02-22,2019-07-05,597.1428265384615,669.2,104,7319.954040000011,11.786823911047215,0.5177102621079134,335,stop
ICICIGI,TWT,2019-05-28,2019-07-11,1130.82,1026.72,87,-9280.011599999998,-9.432694858598184,-0.466976622012083,31,stop
REPCOHOME,TWT,2019-05-29,2019-07-22,416.03749999999997,340.52,236,-18023.036799999987,-18.3562299071598,-0.9087466904655657,37,stop
BAJAJFINSV,TWT,2019-05-28,2019-07-25,822.05,686.4,119,-16346.554000000004,-16.710175780062045,-0.8272568503462816,41,stop
NAM-INDIA,VBT,2019-05-28,2019-08-22,223.45725,231.0,439,3057.7447500000126,3.117039165209466,0.25506962436715647,59,ema_close
YESBANK,TWT,2020-01-10,2020-01-14,48.069875,38.68,2032,-19276.720400000006,-19.734969146476878,-0.9770027935478055,2,stop
EIDPARRY,VBT,2020-01-06,2020-01-22,223.90837499999998,220.75,430,-1595.4074999999866,-1.6570394028360795,-0.13556705504071656,12,ema_close
ATGL,VBT,2020-01-03,2020-01-23,177.292125,167.3,550,-5725.706249999988,-5.871876711952084,-0.48035783293054934,14,ema_close
APEX,TWT,2020-01-22,2020-01-30,416.639,337.4,227,-18178.727500000008,-19.221076279464967,-0.9515619244525251,6,stop
CANBK,TWT,2020-01-03,2020-02-03,44.02789525,35.25,2214,-19629.368833500004,-20.137279330880578,-0.9964176921502873,22,stop
CDSL,VBT,2020-01-03,2020-02-03,126.56211624999999,128.15,770,975.981737500013,1.0014914316826753,0.08192213201604003,22,ema_close
TMPV,TWT,2020-01-14,2020-02-03,135.086875,111.08,591,-14352.183825,-17.977005538102794,-0.8899727433060768,15,stop
GUJENERGY,VBT,2020-01-03,2020-02-18,255.33674999999997,285.9,381,11372.278500000015,11.689856630508553,0.9564757624552404,33,ema_close
GLENMARK,TWT,2020-01-03,2020-02-25,354.885,292.16,274,-17386.77959999998,-17.880552855150242,-0.8851977401129933,37,stop
STAR,TWT,2020-01-03,2020-03-02,354.94822896776157,392.03,411,14837.797069249995,10.170975112969897,0.413591803375596,41,stop
AARTIIND,VBT,2020-01-30,2020-03-02,495.78637499999996,493.0,56,-225.05699999999342,-0.8106061809382888,-0.06633298328213043,22,ema_close
BSOFT,VBT,2020-02-03,2020-03-02,79.548375,91.0,744,8350.74900000001,14.109810539813058,1.1537512688398643,19,ema_close
IRCTC,TWT,2020-02-18,2020-03-04,326.83047483221475,319.04,298,-2559.24629999997,-2.6276848377200848,-0.10171771329346893,10,stop
BLUEDART,TWT,2020-02-03,2020-03-06,2733.3817193877553,2456.8,49,-13853.462249999997,-10.34336760879054,-0.46095628334229904,23,stop
TATACONSUM,TWT,2019-05-28,2020-03-09,243.9554215190082,326.4,605,49385.28998100004,33.46044862324634,1.4669415066450322,194,stop
MOTILALOFS,TWT,2020-01-23,2020-03-09,220.55872175,178.0,417,-17932.55196975,-19.497629206767016,-0.9651022305189894,32,stop
AAVAS,TWT,2020-02-03,2020-03-12,1961.8925,1630.4,47,-15771.719499999992,-17.10432656223518,-0.8467697470933712,26,stop
EPL,VBT,2020-06-23,2020-06-30,194.535125,174.8,451,-9097.628375,-10.369399870588923,-0.8484550554413487,5,ema_close
STAR,VBT,2020-06-23,2020-07-01,412.16193524999994,367.02,213,-9810.67035824999,-11.175094376937606,-0.9143878435760522,6,ema_close
FDC,VBT,2020-06-24,2020-07-07,273.532125,265.0,319,-2933.085374999995,-3.3614424631110458,-0.2750236486612796,9,ema_close
RAYMOND,TWT,2020-06-24,2020-07-14,183.0763495,154.85,479,-13705.854285499998,-15.62925772670598,-0.7736225631026388,14,stop
SAMMAANCAP,TWT,2020-07-07,2020-07-30,205.5125,178.84,419,-11363.112399999984,-13.196082963323382,-0.6532875639867503,17,stop
AUROPHARMA,TWT,2020-06-23,2020-09-09,792.4762499999999,774.0,111,-2265.6487499999785,-2.5756292381001713,-0.1275095462318727,56,stop
CDSL,VBT,2020-06-24,2020-09-22,143.10296525,221.99,611,47860.88850725001,54.73825061077833,4.47791775896885,64,ema_close
TMPV,TWT,2020-06-23,2020-09-24,71.08461299435028,85.48,1239,17571.11020000001,19.950431476326486,0.9872655122158527,67,stop
BPCL,TWT,2020-07-30,2020-09-30,207.85243524999998,167.51,361,-14714.796900250003,-19.610648391477053,-0.9706798381025076,44,stop
TORNTPOWER,TWT,2020-06-24,2020-10-13,323.70725,295.12,271,-7947.088549999986,-9.05912672638625,-0.4484826934914674,78,stop
DEEPAKNTR,TWT,2020-09-09,2020-10-16,758.7370102040816,710.4,98,-4911.074999999997,-6.6047931668184265,-0.28431782739340455,26,stop
RELIANCE,TWT,2020-06-30,2020-11-02,858.9007586923077,903.37,143,6036.146732000008,4.914516127795616,0.21469230162399974,88,stop
WELSPUNLIV,TWT,2020-10-16,2020-11-09,70.626125,62.4,985,-8256.393124999995,-11.868306522550961,-0.5875544340176463,16,stop
METROPOLIS,TWT,2020-11-09,2020-12-21,500.09181175,464.68,99,-3620.7776632499954,-7.313359445341878,-0.3620357932256145,29,stop
INDIGO,TWT,2020-09-22,2020-12-22,1333.660451923077,1425.0,26,2282.2032499999987,6.581663867317395,0.2872845396557238,63,stop_gap
ASTRAZEN,TWT,2020-11-02,2021-01-20,4260.625,3928.0,22,-7533.789999999994,-8.037435822209176,-0.39790268700072584,55,stop
ALLCARGO,TWT,2020-09-24,2021-03-30,29.692247150590244,31.0,3219,3960.183922250013,4.143347060161133,0.20462446379786303,127,stop
MARUTI,TWT,2020-07-01,2021-04-12,6232.091375,6663.2,18,7460.111249999987,6.650265537866883,0.26542653305486347,196,stop
IFBIND,TWT,2021-03-30,2021-05-03,1106.4592499999999,959.2,90,-13469.152499999982,-13.525780547272737,-0.6696096295625149,21,stop
ADANIENT,TWT,2020-10-13,2021-06-14,326.90216608974356,1373.75,351,366238.1240775001,319.18217960777025,14.008903254143384,165,stop
NBCC,VBT,2021-06-14,2021-06-30,36.558969499999996,34.73,4082,-7820.273148999986,-5.240285834643115,-0.4286882020564248,12,ema_close
KOTAKBANK,TWT,2020-12-22,2021-07-29,386.99537575,327.86,97,-5815.6374977499945,-15.492439834405424,-0.7669298058986298,148,stop
BHEL,TWT,2021-06-30,2021-08-05,65.5635,55.2,2282,-23964.422999999995,-16.017296209018735,-0.7929550345452482,25,stop
CDSL,TWT,2021-08-05,2021-08-24,655.917705,555.58,234,-23804.03726999997,-15.509057649236635,-0.7677616378336507,12,stop
HCLTECH,TWT,2020-09-30,2021-11-22,870.4289101239668,1102.2,121,27710.886375000016,26.310659861173118,1.0601154713256389,282,stop
ZEEL,TWT,2021-11-22,2022-01-21,314.79031324999994,302.96,182,-2290.963811499998,-3.9987613087709875,-0.197950168927655,44,stop
WIPRO,TWT,2021-08-24,2022-01-24,326.81042825130424,295.89,575,-18204.58811949994,-9.68762025762496,-0.43711122542940556,105,stop
BERGEPAINT,TWT,2020-06-24,2022-01-25,444.8626033898305,581.96,295,40014.53650000002,30.49087416577177,1.344824464682078,398,stop
TECHM,TWT,2020-12-21,2022-01-25,924.4349901649999,1479.95,50,27590.75674175001,59.69215149856111,2.9284111955630565,272,stop
JUSTDIAL,VBT,2022-01-21,2022-01-25,926.159625,842.35,59,-5069.0144999999975,-9.276532649541915,-0.7591074806971658,2,ema_close
JKCEMENT,TWT,2021-05-03,2022-02-14,2946.898875,3070.4,45,5212.13062500002,3.9304071810065233,0.16725676991172075,197,stop
GRASIM,TWT,2020-06-23,2022-02-24,653.4278765485074,1543.81,201,178191.04228875,135.67260141000142,5.706692734706778,420,stop
ULTRACEMCO,TWT,2021-04-12,2022-02-24,7024.639374760416,6615.32,24,-10220.584194249997,-6.062342165072936,-0.26382301832076394,218,stop
MIRZAINT,TWT,2022-01-24,2022-02-24,90.02449999999999,81.68,1771,-15139.747699999978,-9.49597054135262,-0.4701091588990621,22,stop
HDFCBANK,TWT,2020-07-14,2022-03-02,533.7608522222223,690.04,63,9736.905009999995,28.95567315105974,1.421829218613811,408,stop
FINEORG,VBT,2022-02-28,2022-03-08,4283.632374999999,3893.4,33,-13198.873874999961,-9.337072838796043,-0.7641067939904549,5,ema_close
ABB,TWT,2022-01-25,2022-03-28,2436.9271249999997,1974.48,62,-28977.76614999998,-19.17920811850292,-0.949489192039466,41,stop
INFY,TWT,2021-01-20,2022-04-19,1368.3105111181817,1563.09,55,10497.947013500001,13.949448047858523,0.6120421056113964,306,stop
HINDALCO,TWT,2022-02-28,2022-04-25,558.4150280898875,502.65,356,-20299.70849999998,-10.211339276619336,-0.44266304898911096,36,stop_gap
RAYMOND,TWT,2022-02-24,2022-05-09,467.17920034740257,469.38,462,474.6355395000137,0.21990483562484742,0.008502494841012304,47,stop
BOMDYEING,VBT,2022-04-25,2022-05-10,116.28999999999999,110.9,132,-748.0769999999975,-4.873376902571143,-0.3988212526389855,10,ema_close
ADANIENSOL,TWT,2022-01-25,2022-05-11,2020.3427657657658,2400.0,111,41475.95300000001,18.494744583234514,0.8116935075816109,70,stop
SHARDACROP,TWT,2022-02-24,2022-05-11,549.8054063588851,595.6,287,12715.70537499999,8.05841360028288,0.3709275642463351,49,stop
GNFC,TWT,2022-03-02,2022-05-11,569.0389288645833,707.09,216,29437.202765250026,23.949740381971075,0.8382595892788239,46,stop
TCPLPACK,TWT,2022-04-25,2022-05-11,841.348125,679.08,194,-31809.37004999997,-19.488463827027587,-0.9647992585972915,11,stop
NH,TWT,2021-07-29,2022-05-24,536.1161933962264,621.6,424,35586.23800000001,15.65515230422144,0.6588093754319325,202,stop
INDIAGLYCO,TWT,2022-05-09,2022-06-03,488.7482235,418.18,124,-8880.095513999993,-14.65246727387848,-0.7253617148291942,19,stop
KIMS,TWT,2022-02-14,2022-06-13,273.74655974999996,237.93,517,-18824.685915749957,-13.301129622689231,-0.6584746847655372,80,stop
NLCINDIA,TWT,2022-05-09,2022-06-13,81.653625,68.4,1903,-25547.061374999976,-16.4409418442843,-0.8139281085874076,25,stop
NEULANDLAB,TWT,2022-08-03,2022-08-04,1337.736,1071.6,108,-29032.02000000002,-20.094772062649145,-0.9948152589039881,1,stop
DEVYANI,VBT,2022-08-02,2022-08-24,179.39737499999998,187.7,800,6266.700000000012,4.3664936568888,0.3572418039094976,14,ema_close
SBILIFE,VBT,2022-08-02,2022-09-16,1297.636,1289.0,110,-1304.4349999999977,-0.9138541162544798,-0.07478589357113112,30,ema_close
JKPAPER,VBT,2022-08-02,2022-09-19,370.47387499999996,409.2,387,14591.10937500003,10.176999660232473,0.8327788376850909,31,ema_close
JAMNAAUTO,TWT,2022-08-03,2022-12-22,127.61824999999999,102.88,1135,-28369.83575,-19.586109353481966,-0.9696333149069473,95,stop
EICHERMOT,TWT,2022-08-02,2022-12-23,3184.4716287878787,3111.72,66,-5315.041300000012,-2.5288631262992864,-0.10875626513834805,97,stop
ABB,TWT,2022-08-02,2022-12-23,2913.001328767123,2757.04,73,-11888.33679999999,-5.590588893965532,-0.22710663663090724,97,stop
ASHOKLEY,TWT,2022-08-03,2022-12-26,74.15834257634269,67.59,1955,-13171.455861749942,-9.085043357605942,-0.44950384220445644,97,stop
IOLCP,VBT,2022-12-26,2023-01-03,80.13293275,73.03,1763,-12844.350163249997,-9.091777250596135,-0.7439556602693922,6,ema_close
GRANULES,TWT,2022-08-02,2023-01-25,309.0616363636363,304.8,495,-2486.6999999999825,-1.625448057139518,-0.0781747345369352,120,stop
BANKBARODA,TWT,2022-08-24,2023-01-27,124.77413670292043,156.79,993,31402.521079000027,25.344906510853388,1.0773230572961576,107,stop
PRECWIRE,TWT,2022-12-23,2023-01-27,76.7654667693662,69.6,2840,-20844.085625000036,-9.56089642679679,-0.4178349978246001,24,stop
GESHIP,TWT,2022-03-28,2023-02-13,349.05802253218883,599.12,233,57915.45335000001,71.2099884324789,3.5178479181833278,220,stop
VIJAYA,TWT,2022-12-23,2023-02-24,453.13,380.16,325,-24024.129999999976,-16.31328757751637,-0.8076084343930946,44,stop
HINDALCO,TWT,2022-09-16,2023-02-27,438.5243461538461,403.2,104,-3778.5639999999985,-8.285137751758889,-0.3657949693176937,112,stop
PAYTM,VBT,2023-02-13,2023-03-01,653.63,600.25,208,-11415.169999999998,-8.396283065342775,-0.6871243896331537,12,ema_close
CIEINDIA,TWT,2023-01-27,2023-03-13,396.78515846456696,364.0,508,-17117.14050000001,-8.492041031715134,-0.35414475111852767,30,stop_gap
JKLAKSHMI,TWT,2023-01-03,2023-03-14,802.952375,647.2,180,-28326.667499999967,-19.59896749791665,-0.9702698724277257,48,stop
POLYMED,VBT,2023-03-06,2023-03-21,962.4,948.05,136,-2273.9370000000054,-1.7373363466334206,-0.1421779336734697,10,ema_close
SAKSOFT,TWT,2023-01-27,2023-04-28,115.72471478433039,156.78,1471,59815.766102250025,35.13798698182284,1.5679114096229891,60,stop
MANAPPURAM,TWT,2022-12-22,2023-05-05,118.04437499999999,107.16,986,-10996.143149999989,-9.447527677621224,-0.4677109381143349,89,stop
APARINDS,TWT,2023-03-08,2023-05-09,2414.0970213414635,2630.4,82,17197.612250000035,8.687595270798028,0.3779020943094097,39,stop
LTTS,VBT,2023-04-28,2023-06-09,3740.3275,3844.0,20,1881.25,2.5148198921083784,0.20580464831335926,29,ema_close
LUMAXTECH,TWT,2023-03-08,2023-08-14,275.2440865384615,375.96,312,31130.11620000002,36.25001165923186,1.5706800191629333,107,stop
TITAGARH,TWT,2023-01-25,2023-09-13,233.42445223463685,694.16,895,410805.13225,196.6375601918427,8.415157343424353,156,stop
ZENTEC,TWT,2023-03-13,2023-09-20,279.9858814935065,729.12,616,275543.7722,159.76209804595726,7.211688213626158,129,stop
ADANIPOWER,TWT,2023-09-20,2023-10-25,74.42159,62.26,3173,-39082.602520000015,-16.55062731124127,-0.8188788552274068,23,stop
UNIONBANK,TWT,2023-09-13,2023-10-26,91.03811572313406,90.5,2559,-1956.0118855000183,-0.8396106587471996,-0.03633242316913047,28,stop
PAYTM,TWT,2023-05-05,2023-12-07,705.698711790393,728.85,229,4884.378375000029,3.0224177617518904,0.12688475112291794,148,stop_gap
PDSL,TWT,2023-10-26,2023-12-20,585.5101249999999,532.8,394,-21292.597249999963,-9.229921515020754,-0.45693808981769446,38,stop
NHPC,TWT,2023-12-20,2024-02-09,65.5635,92.68,3217,86488.40159999998,41.00574252442288,2.0300373768263666,34,stop
IDFCFIRSTB,TWT,2023-09-13,2024-02-13,93.58337499999999,78.72,2481,-37364.29417499996,-16.092788916834838,-0.7966923895865156,102,stop
DLF,TWT,2022-09-19,2024-06-04,406.2337634580292,774.08,548,200519.24802500004,90.07400897138271,3.9179386609300706,420,stop
ETERNAL,TWT,2023-05-09,2024-06-04,66.34245262626263,165.76,2475,245032.78975000005,149.23046021748308,6.789197257218256,264,stop
PNB,TWT,2023-09-13,2024-06-04,66.97509645941463,114.32,3468,163200.97107875,70.26358456848523,3.4768206995564013,175,stop
COALINDIA,TWT,2023-10-25,2024-06-04,318.52679860153256,416.64,1044,101342.75186000002,30.47517566014943,1.281527446580474,148,stop
BEL,TWT,2024-02-09,2024-06-04,186.02543053435113,258.4,1310,93964.42599999995,38.55847518245821,1.9063853475420656,75,stop
VEDL,TWT,2024-06-04,2024-06-04,240.504562,191.92,1333,-65402.79454600002,-20.400595145467555,-1.0098755649994335,0,stop_day0
NMDC,TWT,2024-06-04,2024-06-04,89.52324999999999,71.44,3581,-65395.68484999996,-20.39900249376558,-1.0098765432098764,0,stop_day0
SBIN,VBT,2024-06-04,2024-06-04,885.76398775,777.52,362,-39887.97916549997,-12.439858616277318,-1.0179575793575655,0,stop_day0
MAZDOCK,TWT,2024-06-04,2024-06-05,1611.51875,1286.0,198,-65089.28249999994,-20.39900249376557,-1.009876543209876,1,stop
GAIL,VBT,2024-06-05,2024-06-06,198.01490274999998,200.41,1463,2771.0277017501066,0.956530151870134,0.07825159512363979,1,ema_close
SANOFI,TWT,2023-08-14,2024-06-20,7415.848223454545,10072.65,22,57895.64333399999,35.48643489253559,1.5057117833746507,207,no_bar
JSL,VBT,2024-06-04,2024-07-11,795.48375,796.35,403,-453.22387499996694,-0.14137623804382152,-0.011569769684810697,26,ema_close
UNOMINDA,TWT,2024-06-05,2024-07-19,892.6442650103519,965.84,483,34187.28820000013,7.929377666345894,0.32641460444558806,30,stop
PGEL,TWT,2024-06-06,2024-10-07,277.5977814631122,555.2,1613,445533.5345000002,99.50159438633405,3.9437888060798385,83,stop
TIMETECHNO,TWT,2024-07-11,2024-10-07,165.70147411128283,178.72,1941,24401.719950000057,7.5869728716319,0.37525888702560695,59,stop
GMRP&UI,TWT,2024-06-05,2024-10-08,63.723291099827556,134.0,5219,365025.77875,109.75846930222617,5.081757582025477,85,stop_gap
BAJAJ-AUTO,TWT,2023-12-07,2024-10-17,6546.389695951923,10219.2,26,94828.81990525004,55.714103092631774,2.157645845086724,211,stop
AEROENTER,TWT,2024-10-07,2024-10-25,134.19802262105264,121.2,4750,-63179.85745000001,-9.911489276270459,-0.41207674885193657,14,stop
ABREL,TWT,2024-10-07,2024-11-13,2860.630363175676,2512.0,222,-78790.10062499996,-12.40671873389746,-0.5471014235663798,27,stop
KITEX,TWT,2024-10-25,2024-12-11,182.29125886631059,247.52,3323,214698.83438725013,35.44324699686964,1.453827879359828,31,no_bar
UNICHEMLAB,TWT,2023-04-28,2024-12-13,375.8380954819277,750.36,415,154648.09187500004,99.15067391990634,4.870037631896954,402,stop
HFCL,TWT,2024-10-17,2024-12-31,138.1445,110.39,3171,-88884.63622499997,-20.29069199280463,-1.0045145048289699,50,stop
HDFCAMC,TWT,2024-02-13,2025-01-10,1894.9764440359477,1945.6,153,7001.21206250001,2.4147823107812885,0.10519040507873538,224,stop
KALYANKJIL,TWT,2024-10-08,2025-01-10,732.6801229066987,636.32,836,-81886.97155000002,-13.368852224092876,-0.5784954630624324,65,stop
BOSCHLTD,TWT,2022-08-04,2025-01-13,18090.56818181818,31271.04,11,144125.23640000002,72.42610672311666,3.203049951940441,601,stop
JMFINANCIL,TWT,2024-12-11,2025-01-13,141.15200000000002,114.0,3022,-82914.614,-19.437910904556787,-0.9622965768799098,22,stop_gap
AEGISLOG,VBT,2025-01-10,2025-01-13,905.2574999999999,834.65,434,-31549.250249999925,-8.030215159774963,-0.6571665875652575,1,ema_close
VOLTAS,TWT,2024-06-05,2025-01-20,1406.7503469827584,1555.92,290,42131.157375000126,10.327337279769827,0.4568687521357966,156,stop
UTIAMC,TWT,2024-11-13,2025-01-27,1336.783625,1122.92,302,-65434.619349999935,-16.208376654823237,-0.802414696121496,50,stop
DEEPINDS,TWT,2024-12-13,2025-01-27,561.4,499.52,759,-47914.75919999997,-11.244887780548622,-0.5566913580246912,30,stop
ANANTRAJ,TWT,2024-12-31,2025-01-27,852.125,758.32,481,-46032.08479999995,-11.230840545694576,-0.5559959331880895,19,stop
PETRONET,TWT,2024-07-19,2025-01-28,347.416375,305.0,993,-42876.622875,-12.42856644278785,-0.6152907584639417,132,stop_gap
SRF,VBT,2025-01-10,2025-02-19,2533.367625,2738.6,155,30749.810625000042,7.830915380865826,0.6408482637678939,28,ema_close
M&M,TWT,2024-06-20,2025-02-28,2952.412625,2616.76,24,-8212.668599999983,-11.590335378680319,-0.5737931465247912,174,stop
INDIACEM,VBT,2025-06-06,2025-06-18,336.689625,328.9,1100,-9473.062499999942,-2.5578082484721496,-0.20928198009094753,8,ema_close
RCF,VBT,2025-06-06,2025-06-20,160.7208,151.5,2305,-22126.962750000006,-5.972811235384594,-0.4887555496721116,10,ema_close
UJJIVANSFB,VBT,2025-06-09,2025-07-08,47.949574999999996,47.01,7722,-8162.926199999987,-2.204607652935398,-0.18040557548968988,21,ema_close
ICICIGI,VBT,2025-06-09,2025-07-11,2011.2155,1994.6,184,-3974.76800000004,-1.0740768455692697,-0.08789679592945397,24,ema_close
INDOSTAR,TWT,2025-06-09,2025-07-25,344.85999999999996,293.04,1077,-56599.15019999992,-15.238821550774206,-0.7544157335630196,34,stop
INDIAGLYCO,TWT,2025-06-06,2025-07-28,942.2042049492386,855.2,394,-35122.02874999994,-9.461028138166819,-0.46787863501641996,36,stop
SANGHVIMOV,TWT,2025-06-09,2025-07-28,299.7475,253.36,1239,-58258.895099999965,-15.686836420654041,-0.7765952351459591,35,stop
NAVA,VBT,2025-06-06,2025-07-29,531.1244999999999,600.95,697,47621.21812500013,12.863862427735908,1.0526716175303765,37,ema_close
MOIL,TWT,2025-06-09,2025-08-07,389.87224999999995,324.48,952,-63025.68439999991,-16.98080589218646,-0.8406547114526882,43,stop
BSE,TWT,2025-07-29,2025-09-25,2456.125,2040.0,145,-61077.625,-17.14998218738867,-0.8490299823633157,40,stop
LLOYDSME,TWT,2025-07-28,2025-09-30,1507.9605,1223.92,240,-68904.07199999993,-19.03898013243714,-0.942547041124357,44,stop
TMPV,TWT,2025-07-25,2025-10-14,483.85662499999995,400.0,650,-55156.806249999965,-17.537555675712813,-0.8682172624643013,54,stop_gap
JBMA,TWT,2025-07-28,2025-11-07,669.5937751304348,631.12,598,-23950.84192799998,-5.981473636404823,-0.26645312510899277,69,stop
CCL,VBT,2025-11-07,2025-12-02,969.8274222499999,985.66,383,5120.107828250038,1.378433672146055,0.11279715248784955,17,ema_close
VMM,TWT,2025-06-18,2025-12-09,132.52592757627644,126.08,3212,-21716.741774999886,-5.101739485947006,-0.23701692287472934,119,stop
MAXHEALTH,TWT,2025-06-26,2025-12-17,1253.125,1051.44,281,-57412.121599999955,-16.304327182044876,-0.8071648395061722,119,stop
KMEW,TWT,2025-07-11,2026-01-23,941.4456829896907,1567.44,582,362048.0673000001,66.07664448944332,2.291713429216465,133,stop
MCX,TWT,2025-07-08,2026-02-01,1759.2854588666667,2158.83,105,41385.48394400001,22.403838112050533,1.099970589251366,141,stop
HINDCOPPER,TWT,2025-10-14,2026-02-01,358.45288364055295,608.04,1085,269152.71275,69.20491581487792,3.053024154279219,74,stop
MARUTI,TWT,2025-09-30,2026-03-04,16024.9625,13896.0,18,-38946.64499999999,-13.502075277867261,-0.6684360723981201,105,stop
POLYCAB,TWT,2025-06-06,2026-03-23,6221.082102272727,6977.6,88,65038.50300000014,11.88015019858476,0.5200782534276369,198,stop
GANDHAR,VBT,2026-05-07,2026-05-13,157.05165,142.0,2583,-39795.37694999995,-9.809925588174325,-0.8027788126607142,4,ema_close
AETHER,VBT,2026-05-07,2026-05-13,1247.3105,1156.2,325,-30550.32500000001,-7.536295092521071,-0.6167215039971662,4,ema_close
AEQUS,TWT,2026-05-07,2026-05-29,197.23547599482364,179.08,3091,-57502.41699999978,-9.431962430182612,-0.3990772505871093,15,stop
AJANTPHARM,VBT,2026-05-07,2026-05-29,3104.04075,3038.9,130,-9455.939999999944,-2.3433326382715682,-0.19176866905746828,15,ema_close
PRAJIND,TWT,2026-05-07,2026-06-11,404.057625,327.72,1006,-77619.86654999998,-19.09552505041824,-0.9453463636071253,24,stop
HINDOILEXP,TWT,2026-05-29,2026-06-16,169.88365,150.92,2389,-46205.529550000036,-11.384821317413426,-0.5634875661533671,12,stop
IMFA,TWT,2026-05-08,2026-06-30,1472.57225,1263.6,277,-58760.35625000001,-14.405490121112907,-0.7131606837736141,35,stop
NLCINDIA,TWT,2026-05-27,2026-07-22,346.865,289.6,978,-56713.24199999997,-16.718031510818317,-0.8276457575108822,38,stop
TIINDIA,TWT,2026-05-08,2026-07-30,3016.42225,2668.16,135,-47915.90775000001,-11.766676565258729,-0.5825231237862653,57,stop
CUPID,TWT,2026-07-22,2026-08-17,218.86627097315434,239.2,1937,38228.10712499998,9.017254663815407,0.3957731075874997,18,stop
LGEINDIA,VBT,2026-08-17,2026-09-07,1734.02425,1654.5,266,-22253.69299999997,-4.824644176688988,-0.3948219453807735,15,ema_close
RBLBANK,TWT,2025-08-07,2026-09-09,259.038614031457,416.0,1208,188353.03425000003,60.19233331352227,2.9621103981834334,269,end
SBCL,TWT,2026-05-07,2026-09-09,635.6710705897704,1136.5,958,477072.196875,78.34046607598499,3.3622583202408127,87,end
INDSWFTLAB,TWT,2026-05-08,2026-09-09,146.41913499999998,388.55,4190,1010458.2631000001,164.70490008017057,6.862988801517173,86,end
SHILPAMED,TWT,2026-05-29,2026-09-09,507.6069177969348,960.6,1044,470417.6118200001,88.76781745975373,3.999679655849106,72,end
COHANCE,TWT,2026-05-29,2026-09-09,428.68930379746837,443.35,316,4282.53350000002,3.1613387790366745,0.15604409718856893,72,end
APOLLO,TWT,2026-06-16,2026-09-09,424.85949999999997,422.45,847,-2935.384374999965,-0.8157108408779747,-0.04038272187556396,60,end
BHEL,TWT,2026-06-30,2026-09-09,415.586375,433.7,840,14304.675000000047,4.097674039482179,0.2028601592385622,51,end
EXIDEIND,TWT,2026-07-30,2026-09-09,436.0875,410.75,500,-13182.1875,-6.045661707799467,-0.2992975734355045,29,end
PRUDENT,TWT,2026-09-07,2026-09-09,3345.142,3302.5,131,-6667.670749999932,-1.5215572313521963,-0.07532647528052233,2,end
